filename,filepath,confidence,prediction
0 (10).jpg,test\FAKE\0 (10).jpg,0.0,0
0 (2).jpg,test\FAKE\0 (2).jpg,0.0,0
0 (3).jpg,test\FAKE\0 (3).jpg,0.0,0
0 (4).jpg,test\FAKE\0 (4).jpg,0.0,0
0 (5).jpg,test\FAKE\0 (5).jpg,0.0,0
0 (6).jpg,test\FAKE\0 (6).jpg,0.0,0
0 (7).jpg,test\FAKE\0 (7).jpg,0.0,0
0 (8).jpg,test\FAKE\0 (8).jpg,0.0,0
0 (9).jpg,test\FAKE\0 (9).jpg,0.0,0
0.jpg,test\FAKE\0.jpg,0.0,0
1 (10).jpg,test\FAKE\1 (10).jpg,0.0,0
1 (2).jpg,test\FAKE\1 (2).jpg,0.00011214614,0
1 (3).jpg,test\FAKE\1 (3).jpg,1.1920929e-07,0
1 (4).jpg,test\FAKE\1 (4).jpg,0.0,0
1 (5).jpg,test\FAKE\1 (5).jpg,0.0,0
1 (6).jpg,test\FAKE\1 (6).jpg,0.0,0
1 (7).jpg,test\FAKE\1 (7).jpg,0.0,0
1 (8).jpg,test\FAKE\1 (8).jpg,0.0,0
1 (9).jpg,test\FAKE\1 (9).jpg,0.0,0
1.jpg,test\FAKE\1.jpg,0.0,0
10 (10).jpg,test\FAKE\10 (10).jpg,0.0,0
10 (2).jpg,test\FAKE\10 (2).jpg,0.0,0
10 (3).jpg,test\FAKE\10 (3).jpg,0.0,0
10 (4).jpg,test\FAKE\10 (4).jpg,0.0,0
10 (5).jpg,test\FAKE\10 (5).jpg,0.0,0
10 (6).jpg,test\FAKE\10 (6).jpg,0.00072160363,0
10 (7).jpg,test\FAKE\10 (7).jpg,0.0,0
10 (8).jpg,test\FAKE\10 (8).jpg,0.0,0
10 (9).jpg,test\FAKE\10 (9).jpg,0.0,0
10.jpg,test\FAKE\10.jpg,0.0064487755,0
100 (10).jpg,test\FAKE\100 (10).jpg,0.0,0
100 (2).jpg,test\FAKE\100 (2).jpg,0.0,0
100 (3).jpg,test\FAKE\100 (3).jpg,0.061268598,0
100 (4).jpg,test\FAKE\100 (4).jpg,5.9604645e-08,0
100 (5).jpg,test\FAKE\100 (5).jpg,0.03630063,0
100 (6).jpg,test\FAKE\100 (6).jpg,0.0,0
100 (7).jpg,test\FAKE\100 (7).jpg,0.0,0
100 (8).jpg,test\FAKE\100 (8).jpg,0.0,0
100 (9).jpg,test\FAKE\100 (9).jpg,3.671646e-05,0
100.jpg,test\FAKE\100.jpg,0.0,0
101 (10).jpg,test\FAKE\101 (10).jpg,0.0,0
101 (2).jpg,test\FAKE\101 (2).jpg,4.172325e-07,0
101 (3).jpg,test\FAKE\101 (3).jpg,0.055350482,0
101 (4).jpg,test\FAKE\101 (4).jpg,0.0,0
101 (5).jpg,test\FAKE\101 (5).jpg,0.0,0
101 (6).jpg,test\FAKE\101 (6).jpg,0.0,0
101 (7).jpg,test\FAKE\101 (7).jpg,0.0,0
101 (8).jpg,test\FAKE\101 (8).jpg,0.0,0
101 (9).jpg,test\FAKE\101 (9).jpg,0.0,0
101.jpg,test\FAKE\101.jpg,1.0728836e-06,0
102 (10).jpg,test\FAKE\102 (10).jpg,0.23485294,0
102 (2).jpg,test\FAKE\102 (2).jpg,2.2053719e-06,0
102 (3).jpg,test\FAKE\102 (3).jpg,8.940697e-08,0
102 (4).jpg,test\FAKE\102 (4).jpg,4.6223402e-05,0
102 (5).jpg,test\FAKE\102 (5).jpg,0.0,0
102 (6).jpg,test\FAKE\102 (6).jpg,0.0,0
102 (7).jpg,test\FAKE\102 (7).jpg,0.0,0
102 (8).jpg,test\FAKE\102 (8).jpg,3.5762787e-06,0
102 (9).jpg,test\FAKE\102 (9).jpg,6.735325e-06,0
102.jpg,test\FAKE\102.jpg,0.0,0
103 (10).jpg,test\FAKE\103 (10).jpg,0.0,0
103 (2).jpg,test\FAKE\103 (2).jpg,8.940697e-08,0
103 (3).jpg,test\FAKE\103 (3).jpg,0.009506971,0
103 (4).jpg,test\FAKE\103 (4).jpg,0.0,0
103 (5).jpg,test\FAKE\103 (5).jpg,0.0,0
103 (6).jpg,test\FAKE\103 (6).jpg,0.0,0
103 (7).jpg,test\FAKE\103 (7).jpg,0.0,0
103 (8).jpg,test\FAKE\103 (8).jpg,0.0,0
103 (9).jpg,test\FAKE\103 (9).jpg,0.0,0
103.jpg,test\FAKE\103.jpg,0.0,0
104 (10).jpg,test\FAKE\104 (10).jpg,0.0,0
104 (2).jpg,test\FAKE\104 (2).jpg,0.0,0
104 (3).jpg,test\FAKE\104 (3).jpg,1.7613173e-05,0
104 (4).jpg,test\FAKE\104 (4).jpg,0.0015247166,0
104 (5).jpg,test\FAKE\104 (5).jpg,0.0,0
104 (6).jpg,test\FAKE\104 (6).jpg,0.0,0
104 (7).jpg,test\FAKE\104 (7).jpg,0.0,0
104 (8).jpg,test\FAKE\104 (8).jpg,0.0,0
104 (9).jpg,test\FAKE\104 (9).jpg,0.0,0
104.jpg,test\FAKE\104.jpg,0.0,0
105 (10).jpg,test\FAKE\105 (10).jpg,0.0,0
105 (2).jpg,test\FAKE\105 (2).jpg,0.00035318732,0
105 (3).jpg,test\FAKE\105 (3).jpg,0.0024107397,0
105 (4).jpg,test\FAKE\105 (4).jpg,0.0,0
105 (5).jpg,test\FAKE\105 (5).jpg,0.0,0
105 (6).jpg,test\FAKE\105 (6).jpg,0.0,0
105 (7).jpg,test\FAKE\105 (7).jpg,0.0,0
105 (8).jpg,test\FAKE\105 (8).jpg,0.0,0
105 (9).jpg,test\FAKE\105 (9).jpg,8.940697e-08,0
105.jpg,test\FAKE\105.jpg,5.5462122e-05,0
106 (10).jpg,test\FAKE\106 (10).jpg,0.0,0
106 (2).jpg,test\FAKE\106 (2).jpg,1.5854836e-05,0
106 (3).jpg,test\FAKE\106 (3).jpg,1.7881393e-07,0
106 (4).jpg,test\FAKE\106 (4).jpg,0.0,0
106 (5).jpg,test\FAKE\106 (5).jpg,0.0,0
106 (6).jpg,test\FAKE\106 (6).jpg,0.0,0
106 (7).jpg,test\FAKE\106 (7).jpg,0.0,0
106 (8).jpg,test\FAKE\106 (8).jpg,0.0,0
106 (9).jpg,test\FAKE\106 (9).jpg,0.0,0
106.jpg,test\FAKE\106.jpg,1.0430813e-06,0
107 (10).jpg,test\FAKE\107 (10).jpg,0.0,0
107 (2).jpg,test\FAKE\107 (2).jpg,0.0,0
107 (3).jpg,test\FAKE\107 (3).jpg,0.00043982267,0
107 (4).jpg,test\FAKE\107 (4).jpg,0.0,0
107 (5).jpg,test\FAKE\107 (5).jpg,2.9802322e-07,0
107 (6).jpg,test\FAKE\107 (6).jpg,0.0,0
107 (7).jpg,test\FAKE\107 (7).jpg,0.0,0
107 (8).jpg,test\FAKE\107 (8).jpg,0.0,0
107 (9).jpg,test\FAKE\107 (9).jpg,0.0,0
107.jpg,test\FAKE\107.jpg,0.0,0
108 (10).jpg,test\FAKE\108 (10).jpg,0.0,0
108 (2).jpg,test\FAKE\108 (2).jpg,0.0,0
108 (3).jpg,test\FAKE\108 (3).jpg,0.0,0
108 (4).jpg,test\FAKE\108 (4).jpg,0.0,0
108 (5).jpg,test\FAKE\108 (5).jpg,5.9604645e-08,0
108 (6).jpg,test\FAKE\108 (6).jpg,0.0,0
108 (7).jpg,test\FAKE\108 (7).jpg,0.0,0
108 (8).jpg,test\FAKE\108 (8).jpg,0.0,0
108 (9).jpg,test\FAKE\108 (9).jpg,0.034301758,0
108.jpg,test\FAKE\108.jpg,0.0,0
109 (10).jpg,test\FAKE\109 (10).jpg,0.0,0
109 (2).jpg,test\FAKE\109 (2).jpg,0.0,0
109 (3).jpg,test\FAKE\109 (3).jpg,8.34465e-07,0
109 (4).jpg,test\FAKE\109 (4).jpg,0.996169,1
109 (5).jpg,test\FAKE\109 (5).jpg,0.0,0
109 (6).jpg,test\FAKE\109 (6).jpg,0.0,0
109 (7).jpg,test\FAKE\109 (7).jpg,0.0,0
109 (8).jpg,test\FAKE\109 (8).jpg,0.0,0
109 (9).jpg,test\FAKE\109 (9).jpg,0.010753393,0
109.jpg,test\FAKE\109.jpg,1.4901161e-07,0
11 (10).jpg,test\FAKE\11 (10).jpg,5.9604645e-08,0
11 (2).jpg,test\FAKE\11 (2).jpg,0.0,0
11 (3).jpg,test\FAKE\11 (3).jpg,1.1920929e-07,0
11 (4).jpg,test\FAKE\11 (4).jpg,1.1920929e-07,0
11 (5).jpg,test\FAKE\11 (5).jpg,0.0,0
11 (6).jpg,test\FAKE\11 (6).jpg,0.0,0
11 (7).jpg,test\FAKE\11 (7).jpg,8.940697e-08,0
11 (8).jpg,test\FAKE\11 (8).jpg,0.0,0
11 (9).jpg,test\FAKE\11 (9).jpg,0.0,0
11.jpg,test\FAKE\11.jpg,1.4275312e-05,0
110 (10).jpg,test\FAKE\110 (10).jpg,0.0012682378,0
110 (2).jpg,test\FAKE\110 (2).jpg,5.9604645e-08,0
110 (3).jpg,test\FAKE\110 (3).jpg,0.0,0
110 (4).jpg,test\FAKE\110 (4).jpg,0.0,0
110 (5).jpg,test\FAKE\110 (5).jpg,0.0,0
110 (6).jpg,test\FAKE\110 (6).jpg,0.0,0
110 (7).jpg,test\FAKE\110 (7).jpg,0.0,0
110 (8).jpg,test\FAKE\110 (8).jpg,5.3286552e-05,0
110 (9).jpg,test\FAKE\110 (9).jpg,0.0,0
110.jpg,test\FAKE\110.jpg,0.0,0
111 (10).jpg,test\FAKE\111 (10).jpg,1.2904406e-05,0
111 (2).jpg,test\FAKE\111 (2).jpg,0.0,0
111 (3).jpg,test\FAKE\111 (3).jpg,2.1070242e-05,0
111 (4).jpg,test\FAKE\111 (4).jpg,0.0,0
111 (5).jpg,test\FAKE\111 (5).jpg,0.0,0
111 (6).jpg,test\FAKE\111 (6).jpg,0.0,0
111 (7).jpg,test\FAKE\111 (7).jpg,0.0,0
111 (8).jpg,test\FAKE\111 (8).jpg,0.0,0
111 (9).jpg,test\FAKE\111 (9).jpg,0.00011470914,0
111.jpg,test\FAKE\111.jpg,0.0,0
112 (10).jpg,test\FAKE\112 (10).jpg,0.008550823,0
112 (2).jpg,test\FAKE\112 (2).jpg,0.0,0
112 (3).jpg,test\FAKE\112 (3).jpg,0.00067666173,0
112 (4).jpg,test\FAKE\112 (4).jpg,0.0,0
112 (5).jpg,test\FAKE\112 (5).jpg,0.0,0
112 (6).jpg,test\FAKE\112 (6).jpg,0.0,0
112 (7).jpg,test\FAKE\112 (7).jpg,7.921457e-05,0
112 (8).jpg,test\FAKE\112 (8).jpg,0.0,0
112 (9).jpg,test\FAKE\112 (9).jpg,0.0,0
112.jpg,test\FAKE\112.jpg,0.0,0
113 (10).jpg,test\FAKE\113 (10).jpg,0.0,0
113 (2).jpg,test\FAKE\113 (2).jpg,0.0,0
113 (3).jpg,test\FAKE\113 (3).jpg,0.0,0
113 (4).jpg,test\FAKE\113 (4).jpg,0.0,0
113 (5).jpg,test\FAKE\113 (5).jpg,0.0,0
113 (6).jpg,test\FAKE\113 (6).jpg,0.0,0
113 (7).jpg,test\FAKE\113 (7).jpg,0.0,0
113 (8).jpg,test\FAKE\113 (8).jpg,0.0,0
113 (9).jpg,test\FAKE\113 (9).jpg,8.940697e-08,0
113.jpg,test\FAKE\113.jpg,0.019379497,0
114 (10).jpg,test\FAKE\114 (10).jpg,1.7881393e-07,0
114 (2).jpg,test\FAKE\114 (2).jpg,0.0,0
114 (3).jpg,test\FAKE\114 (3).jpg,5.9604645e-08,0
114 (4).jpg,test\FAKE\114 (4).jpg,0.0,0
114 (5).jpg,test\FAKE\114 (5).jpg,0.0,0
114 (6).jpg,test\FAKE\114 (6).jpg,0.0,0
114 (7).jpg,test\FAKE\114 (7).jpg,0.00022312999,0
114 (8).jpg,test\FAKE\114 (8).jpg,0.0,0
114 (9).jpg,test\FAKE\114 (9).jpg,0.0,0
114.jpg,test\FAKE\114.jpg,1.6570091e-05,0
115 (10).jpg,test\FAKE\115 (10).jpg,0.0,0
115 (2).jpg,test\FAKE\115 (2).jpg,0.0,0
115 (3).jpg,test\FAKE\115 (3).jpg,0.624365,1
115 (4).jpg,test\FAKE\115 (4).jpg,0.0,0
115 (5).jpg,test\FAKE\115 (5).jpg,0.010422319,0
115 (6).jpg,test\FAKE\115 (6).jpg,0.0,0
115 (7).jpg,test\FAKE\115 (7).jpg,0.0,0
115 (8).jpg,test\FAKE\115 (8).jpg,0.0,0
115 (9).jpg,test\FAKE\115 (9).jpg,0.00013905764,0
115.jpg,test\FAKE\115.jpg,0.0,0
116 (10).jpg,test\FAKE\116 (10).jpg,0.0,0
116 (2).jpg,test\FAKE\116 (2).jpg,0.0,0
116 (3).jpg,test\FAKE\116 (3).jpg,2.3841858e-07,0
116 (4).jpg,test\FAKE\116 (4).jpg,0.0,0
116 (5).jpg,test\FAKE\116 (5).jpg,0.0,0
116 (6).jpg,test\FAKE\116 (6).jpg,8.940697e-08,0
116 (7).jpg,test\FAKE\116 (7).jpg,0.0,0
116 (8).jpg,test\FAKE\116 (8).jpg,0.0,0
116 (9).jpg,test\FAKE\116 (9).jpg,0.0,0
116.jpg,test\FAKE\116.jpg,0.0,0
117 (10).jpg,test\FAKE\117 (10).jpg,0.0,0
117 (2).jpg,test\FAKE\117 (2).jpg,0.0,0
117 (3).jpg,test\FAKE\117 (3).jpg,0.43202436,0
117 (4).jpg,test\FAKE\117 (4).jpg,0.0,0
117 (5).jpg,test\FAKE\117 (5).jpg,0.0,0
117 (6).jpg,test\FAKE\117 (6).jpg,0.003653884,0
117 (7).jpg,test\FAKE\117 (7).jpg,0.0,0
117 (8).jpg,test\FAKE\117 (8).jpg,5.632639e-06,0
117 (9).jpg,test\FAKE\117 (9).jpg,0.7945929,1
117.jpg,test\FAKE\117.jpg,0.0,0
118 (10).jpg,test\FAKE\118 (10).jpg,0.13459909,0
118 (2).jpg,test\FAKE\118 (2).jpg,0.0,0
118 (3).jpg,test\FAKE\118 (3).jpg,5.275011e-06,0
118 (4).jpg,test\FAKE\118 (4).jpg,6.8843365e-06,0
118 (5).jpg,test\FAKE\118 (5).jpg,0.0,0
118 (6).jpg,test\FAKE\118 (6).jpg,0.0,0
118 (7).jpg,test\FAKE\118 (7).jpg,0.0,0
118 (8).jpg,test\FAKE\118 (8).jpg,0.0,0
118 (9).jpg,test\FAKE\118 (9).jpg,0.0,0
118.jpg,test\FAKE\118.jpg,5.662441e-07,0
119 (10).jpg,test\FAKE\119 (10).jpg,2.9802322e-08,0
119 (2).jpg,test\FAKE\119 (2).jpg,0.0,0
119 (3).jpg,test\FAKE\119 (3).jpg,0.0,0
119 (4).jpg,test\FAKE\119 (4).jpg,0.0,0
119 (5).jpg,test\FAKE\119 (5).jpg,0.0,0
119 (6).jpg,test\FAKE\119 (6).jpg,0.0002734065,0
119 (7).jpg,test\FAKE\119 (7).jpg,0.0,0
119 (8).jpg,test\FAKE\119 (8).jpg,0.0,0
119 (9).jpg,test\FAKE\119 (9).jpg,0.0,0
119.jpg,test\FAKE\119.jpg,2.9802322e-08,0
12 (10).jpg,test\FAKE\12 (10).jpg,0.0,0
12 (2).jpg,test\FAKE\12 (2).jpg,0.0,0
12 (3).jpg,test\FAKE\12 (3).jpg,0.00093486905,0
12 (4).jpg,test\FAKE\12 (4).jpg,0.0,0
12 (5).jpg,test\FAKE\12 (5).jpg,0.0,0
12 (6).jpg,test\FAKE\12 (6).jpg,0.0,0
12 (7).jpg,test\FAKE\12 (7).jpg,0.0,0
12 (8).jpg,test\FAKE\12 (8).jpg,0.0,0
12 (9).jpg,test\FAKE\12 (9).jpg,0.00024151802,0
12.jpg,test\FAKE\12.jpg,7.0273876e-05,0
120 (10).jpg,test\FAKE\120 (10).jpg,0.0,0
120 (2).jpg,test\FAKE\120 (2).jpg,0.0,0
120 (3).jpg,test\FAKE\120 (3).jpg,0.0,0
120 (4).jpg,test\FAKE\120 (4).jpg,0.0,0
120 (5).jpg,test\FAKE\120 (5).jpg,1.7404556e-05,0
120 (6).jpg,test\FAKE\120 (6).jpg,0.0,0
120 (7).jpg,test\FAKE\120 (7).jpg,0.0,0
120 (8).jpg,test\FAKE\120 (8).jpg,0.0,0
120 (9).jpg,test\FAKE\120 (9).jpg,0.0,0
120.jpg,test\FAKE\120.jpg,0.00028821826,0
121 (10).jpg,test\FAKE\121 (10).jpg,0.0,0
121 (2).jpg,test\FAKE\121 (2).jpg,1.4901161e-07,0
121 (3).jpg,test\FAKE\121 (3).jpg,0.0,0
121 (4).jpg,test\FAKE\121 (4).jpg,0.0,0
121 (5).jpg,test\FAKE\121 (5).jpg,0.0,0
121 (6).jpg,test\FAKE\121 (6).jpg,6.854534e-07,0
121 (7).jpg,test\FAKE\121 (7).jpg,1.7881393e-06,0
121 (8).jpg,test\FAKE\121 (8).jpg,0.0,0
121 (9).jpg,test\FAKE\121 (9).jpg,1.7881393e-07,0
121.jpg,test\FAKE\121.jpg,0.0,0
122 (10).jpg,test\FAKE\122 (10).jpg,0.0,0
122 (2).jpg,test\FAKE\122 (2).jpg,0.0,0
122 (3).jpg,test\FAKE\122 (3).jpg,0.067160904,0
122 (4).jpg,test\FAKE\122 (4).jpg,0.0,0
122 (5).jpg,test\FAKE\122 (5).jpg,0.0,0
122 (6).jpg,test\FAKE\122 (6).jpg,0.0,0
122 (7).jpg,test\FAKE\122 (7).jpg,0.0,0
122 (8).jpg,test\FAKE\122 (8).jpg,0.0,0
122 (9).jpg,test\FAKE\122 (9).jpg,5.1945448e-05,0
122.jpg,test\FAKE\122.jpg,0.0,0
123 (10).jpg,test\FAKE\123 (10).jpg,0.0,0
123 (2).jpg,test\FAKE\123 (2).jpg,0.0,0
123 (3).jpg,test\FAKE\123 (3).jpg,2.4795532e-05,0
123 (4).jpg,test\FAKE\123 (4).jpg,3.2544136e-05,0
123 (5).jpg,test\FAKE\123 (5).jpg,0.0,0
123 (6).jpg,test\FAKE\123 (6).jpg,2.0861626e-06,0
123 (7).jpg,test\FAKE\123 (7).jpg,0.0,0
123 (8).jpg,test\FAKE\123 (8).jpg,0.0,0
123 (9).jpg,test\FAKE\123 (9).jpg,0.0,0
123.jpg,test\FAKE\123.jpg,0.0,0
124 (10).jpg,test\FAKE\124 (10).jpg,2.9802322e-08,0
124 (2).jpg,test\FAKE\124 (2).jpg,0.0,0
124 (3).jpg,test\FAKE\124 (3).jpg,0.057828873,0
124 (4).jpg,test\FAKE\124 (4).jpg,0.0,0
124 (5).jpg,test\FAKE\124 (5).jpg,0.0,0
124 (6).jpg,test\FAKE\124 (6).jpg,1.2814999e-06,0
124 (7).jpg,test\FAKE\124 (7).jpg,0.0,0
124 (8).jpg,test\FAKE\124 (8).jpg,0.0,0
124 (9).jpg,test\FAKE\124 (9).jpg,0.132296,0
124.jpg,test\FAKE\124.jpg,0.0,0
125 (10).jpg,test\FAKE\125 (10).jpg,0.0,0
125 (2).jpg,test\FAKE\125 (2).jpg,0.0,0
125 (3).jpg,test\FAKE\125 (3).jpg,2.3841858e-07,0
125 (4).jpg,test\FAKE\125 (4).jpg,0.0,0
125 (5).jpg,test\FAKE\125 (5).jpg,0.0,0
125 (6).jpg,test\FAKE\125 (6).jpg,0.0,0
125 (7).jpg,test\FAKE\125 (7).jpg,0.0,0
125 (8).jpg,test\FAKE\125 (8).jpg,1.41859055e-05,0
125 (9).jpg,test\FAKE\125 (9).jpg,4.7683716e-07,0
125.jpg,test\FAKE\125.jpg,7.599592e-06,0
126 (10).jpg,test\FAKE\126 (10).jpg,7.748604e-06,0
126 (2).jpg,test\FAKE\126 (2).jpg,0.0,0
126 (3).jpg,test\FAKE\126 (3).jpg,0.0,0
126 (4).jpg,test\FAKE\126 (4).jpg,0.0,0
126 (5).jpg,test\FAKE\126 (5).jpg,0.0,0
126 (6).jpg,test\FAKE\126 (6).jpg,0.0,0
126 (7).jpg,test\FAKE\126 (7).jpg,0.0,0
126 (8).jpg,test\FAKE\126 (8).jpg,0.0,0
126 (9).jpg,test\FAKE\126 (9).jpg,0.0024186075,0
126.jpg,test\FAKE\126.jpg,0.0,0
127 (10).jpg,test\FAKE\127 (10).jpg,0.0,0
127 (2).jpg,test\FAKE\127 (2).jpg,0.0,0
127 (3).jpg,test\FAKE\127 (3).jpg,5.632639e-06,0
127 (4).jpg,test\FAKE\127 (4).jpg,0.0,0
127 (5).jpg,test\FAKE\127 (5).jpg,0.0,0
127 (6).jpg,test\FAKE\127 (6).jpg,0.0,0
127 (7).jpg,test\FAKE\127 (7).jpg,0.0,0
127 (8).jpg,test\FAKE\127 (8).jpg,0.0,0
127 (9).jpg,test\FAKE\127 (9).jpg,0.0,0
127.jpg,test\FAKE\127.jpg,0.0,0
128 (10).jpg,test\FAKE\128 (10).jpg,0.0,0
128 (2).jpg,test\FAKE\128 (2).jpg,0.0,0
128 (3).jpg,test\FAKE\128 (3).jpg,0.0,0
128 (4).jpg,test\FAKE\128 (4).jpg,0.0,0
128 (5).jpg,test\FAKE\128 (5).jpg,0.0,0
128 (6).jpg,test\FAKE\128 (6).jpg,1.4901161e-07,0
128 (7).jpg,test\FAKE\128 (7).jpg,0.0,0
128 (8).jpg,test\FAKE\128 (8).jpg,1.1920929e-07,0
128 (9).jpg,test\FAKE\128 (9).jpg,0.0,0
128.jpg,test\FAKE\128.jpg,0.0,0
129 (10).jpg,test\FAKE\129 (10).jpg,0.0,0
129 (2).jpg,test\FAKE\129 (2).jpg,0.0,0
129 (3).jpg,test\FAKE\129 (3).jpg,0.0,0
129 (4).jpg,test\FAKE\129 (4).jpg,0.0,0
129 (5).jpg,test\FAKE\129 (5).jpg,0.0,0
129 (6).jpg,test\FAKE\129 (6).jpg,0.0,0
129 (7).jpg,test\FAKE\129 (7).jpg,0.0,0
129 (8).jpg,test\FAKE\129 (8).jpg,0.0,0
129 (9).jpg,test\FAKE\129 (9).jpg,0.0,0
129.jpg,test\FAKE\129.jpg,0.0,0
13 (10).jpg,test\FAKE\13 (10).jpg,0.0,0
13 (2).jpg,test\FAKE\13 (2).jpg,0.0,0
13 (3).jpg,test\FAKE\13 (3).jpg,0.42915714,0
13 (4).jpg,test\FAKE\13 (4).jpg,0.0,0
13 (5).jpg,test\FAKE\13 (5).jpg,0.0,0
13 (6).jpg,test\FAKE\13 (6).jpg,0.0005701184,0
13 (7).jpg,test\FAKE\13 (7).jpg,0.0,0
13 (8).jpg,test\FAKE\13 (8).jpg,0.0,0
13 (9).jpg,test\FAKE\13 (9).jpg,0.00085386634,0
13.jpg,test\FAKE\13.jpg,4.172325e-07,0
130 (10).jpg,test\FAKE\130 (10).jpg,2.9802322e-07,0
130 (2).jpg,test\FAKE\130 (2).jpg,0.0,0
130 (3).jpg,test\FAKE\130 (3).jpg,0.0,0
130 (4).jpg,test\FAKE\130 (4).jpg,3.2186508e-06,0
130 (5).jpg,test\FAKE\130 (5).jpg,0.0,0
130 (6).jpg,test\FAKE\130 (6).jpg,0.0,0
130 (7).jpg,test\FAKE\130 (7).jpg,0.0,0
130 (8).jpg,test\FAKE\130 (8).jpg,0.0,0
130 (9).jpg,test\FAKE\130 (9).jpg,0.0,0
130.jpg,test\FAKE\130.jpg,0.0,0
131 (10).jpg,test\FAKE\131 (10).jpg,0.0,0
131 (2).jpg,test\FAKE\131 (2).jpg,0.0,0
131 (3).jpg,test\FAKE\131 (3).jpg,9.834766e-07,0
131 (4).jpg,test\FAKE\131 (4).jpg,0.010424495,0
131 (5).jpg,test\FAKE\131 (5).jpg,0.0,0
131 (6).jpg,test\FAKE\131 (6).jpg,0.0,0
131 (7).jpg,test\FAKE\131 (7).jpg,0.0,0
131 (8).jpg,test\FAKE\131 (8).jpg,0.0,0
131 (9).jpg,test\FAKE\131 (9).jpg,0.0,0
131.jpg,test\FAKE\131.jpg,5.066395e-07,0
132 (10).jpg,test\FAKE\132 (10).jpg,0.0,0
132 (2).jpg,test\FAKE\132 (2).jpg,1.4334917e-05,0
132 (3).jpg,test\FAKE\132 (3).jpg,0.0,0
132 (4).jpg,test\FAKE\132 (4).jpg,0.0,0
132 (5).jpg,test\FAKE\132 (5).jpg,0.0,0
132 (6).jpg,test\FAKE\132 (6).jpg,0.0,0
132 (7).jpg,test\FAKE\132 (7).jpg,0.0,0
132 (8).jpg,test\FAKE\132 (8).jpg,0.0,0
132 (9).jpg,test\FAKE\132 (9).jpg,4.4703484e-07,0
132.jpg,test\FAKE\132.jpg,0.018472403,0
133 (10).jpg,test\FAKE\133 (10).jpg,2.682209e-07,0
133 (2).jpg,test\FAKE\133 (2).jpg,0.0,0
133 (3).jpg,test\FAKE\133 (3).jpg,7.4505806e-07,0
133 (4).jpg,test\FAKE\133 (4).jpg,0.0,0
133 (5).jpg,test\FAKE\133 (5).jpg,0.0039241016,0
133 (6).jpg,test\FAKE\133 (6).jpg,0.0,0
133 (7).jpg,test\FAKE\133 (7).jpg,0.0011885762,0
133 (8).jpg,test\FAKE\133 (8).jpg,0.0,0
133 (9).jpg,test\FAKE\133 (9).jpg,5.9604645e-08,0
133.jpg,test\FAKE\133.jpg,9.5009804e-05,0
134 (10).jpg,test\FAKE\134 (10).jpg,0.0,0
134 (2).jpg,test\FAKE\134 (2).jpg,0.0,0
134 (3).jpg,test\FAKE\134 (3).jpg,0.0,0
134 (4).jpg,test\FAKE\134 (4).jpg,0.0,0
134 (5).jpg,test\FAKE\134 (5).jpg,0.0,0
134 (6).jpg,test\FAKE\134 (6).jpg,0.0,0
134 (7).jpg,test\FAKE\134 (7).jpg,0.0,0
134 (8).jpg,test\FAKE\134 (8).jpg,0.00014412403,0
134 (9).jpg,test\FAKE\134 (9).jpg,0.0,0
134.jpg,test\FAKE\134.jpg,0.0050290525,0
135 (10).jpg,test\FAKE\135 (10).jpg,0.0,0
135 (2).jpg,test\FAKE\135 (2).jpg,0.0,0
135 (3).jpg,test\FAKE\135 (3).jpg,0.0,0
135 (4).jpg,test\FAKE\135 (4).jpg,0.0,0
135 (5).jpg,test\FAKE\135 (5).jpg,0.0,0
135 (6).jpg,test\FAKE\135 (6).jpg,0.0,0
135 (7).jpg,test\FAKE\135 (7).jpg,0.0,0
135 (8).jpg,test\FAKE\135 (8).jpg,0.0020718873,0
135 (9).jpg,test\FAKE\135 (9).jpg,0.057902783,0
135.jpg,test\FAKE\135.jpg,3.5762787e-07,0
136 (10).jpg,test\FAKE\136 (10).jpg,0.0,0
136 (2).jpg,test\FAKE\136 (2).jpg,0.0,0
136 (3).jpg,test\FAKE\136 (3).jpg,0.0,0
136 (4).jpg,test\FAKE\136 (4).jpg,2.9802322e-08,0
136 (5).jpg,test\FAKE\136 (5).jpg,0.018348545,0
136 (6).jpg,test\FAKE\136 (6).jpg,0.0,0
136 (7).jpg,test\FAKE\136 (7).jpg,0.0,0
136 (8).jpg,test\FAKE\136 (8).jpg,0.012358427,0
136 (9).jpg,test\FAKE\136 (9).jpg,0.0015729964,0
136.jpg,test\FAKE\136.jpg,0.0,0
137 (10).jpg,test\FAKE\137 (10).jpg,0.008183241,0
137 (2).jpg,test\FAKE\137 (2).jpg,0.0,0
137 (3).jpg,test\FAKE\137 (3).jpg,0.0,0
137 (4).jpg,test\FAKE\137 (4).jpg,0.0,0
137 (5).jpg,test\FAKE\137 (5).jpg,0.0,0
137 (6).jpg,test\FAKE\137 (6).jpg,0.0,0
137 (7).jpg,test\FAKE\137 (7).jpg,0.0,0
137 (8).jpg,test\FAKE\137 (8).jpg,0.0,0
137 (9).jpg,test\FAKE\137 (9).jpg,0.022752315,0
137.jpg,test\FAKE\137.jpg,0.32307076,0
138 (10).jpg,test\FAKE\138 (10).jpg,0.0,0
138 (2).jpg,test\FAKE\138 (2).jpg,0.0,0
138 (3).jpg,test\FAKE\138 (3).jpg,0.023422986,0
138 (4).jpg,test\FAKE\138 (4).jpg,0.0,0
138 (5).jpg,test\FAKE\138 (5).jpg,0.0,0
138 (6).jpg,test\FAKE\138 (6).jpg,0.0,0
138 (7).jpg,test\FAKE\138 (7).jpg,0.0,0
138 (8).jpg,test\FAKE\138 (8).jpg,0.0,0
138 (9).jpg,test\FAKE\138 (9).jpg,0.0018457472,0
138.jpg,test\FAKE\138.jpg,0.0,0
139 (10).jpg,test\FAKE\139 (10).jpg,1.2218952e-06,0
139 (2).jpg,test\FAKE\139 (2).jpg,0.0,0
139 (3).jpg,test\FAKE\139 (3).jpg,0.7016018,1
139 (4).jpg,test\FAKE\139 (4).jpg,0.0,0
139 (5).jpg,test\FAKE\139 (5).jpg,0.0,0
139 (6).jpg,test\FAKE\139 (6).jpg,0.0013418794,0
139 (7).jpg,test\FAKE\139 (7).jpg,0.0,0
139 (8).jpg,test\FAKE\139 (8).jpg,3.2663345e-05,0
139 (9).jpg,test\FAKE\139 (9).jpg,0.18319732,0
139.jpg,test\FAKE\139.jpg,0.34926036,0
14 (10).jpg,test\FAKE\14 (10).jpg,0.0,0
14 (2).jpg,test\FAKE\14 (2).jpg,0.0,0
14 (3).jpg,test\FAKE\14 (3).jpg,0.0,0
14 (4).jpg,test\FAKE\14 (4).jpg,0.0,0
14 (5).jpg,test\FAKE\14 (5).jpg,0.00010454655,0
14 (6).jpg,test\FAKE\14 (6).jpg,0.0,0
14 (7).jpg,test\FAKE\14 (7).jpg,0.0,0
14 (8).jpg,test\FAKE\14 (8).jpg,0.0,0
14 (9).jpg,test\FAKE\14 (9).jpg,0.0,0
14.jpg,test\FAKE\14.jpg,2.0861626e-07,0
140 (10).jpg,test\FAKE\140 (10).jpg,0.0,0
140 (2).jpg,test\FAKE\140 (2).jpg,0.0,0
140 (3).jpg,test\FAKE\140 (3).jpg,1.9222498e-05,0
140 (4).jpg,test\FAKE\140 (4).jpg,0.0,0
140 (5).jpg,test\FAKE\140 (5).jpg,0.0,0
140 (6).jpg,test\FAKE\140 (6).jpg,0.0,0
140 (7).jpg,test\FAKE\140 (7).jpg,0.0,0
140 (8).jpg,test\FAKE\140 (8).jpg,0.0,0
140 (9).jpg,test\FAKE\140 (9).jpg,0.0,0
140.jpg,test\FAKE\140.jpg,0.0,0
141 (10).jpg,test\FAKE\141 (10).jpg,5.9604645e-06,0
141 (2).jpg,test\FAKE\141 (2).jpg,0.0,0
141 (3).jpg,test\FAKE\141 (3).jpg,0.0026681721,0
141 (4).jpg,test\FAKE\141 (4).jpg,1.4901161e-07,0
141 (5).jpg,test\FAKE\141 (5).jpg,2.9802322e-08,0
141 (6).jpg,test\FAKE\141 (6).jpg,0.0,0
141 (7).jpg,test\FAKE\141 (7).jpg,0.0,0
141 (8).jpg,test\FAKE\141 (8).jpg,5.9604645e-08,0
141 (9).jpg,test\FAKE\141 (9).jpg,0.0,0
141.jpg,test\FAKE\141.jpg,0.0,0
142 (10).jpg,test\FAKE\142 (10).jpg,0.0,0
142 (2).jpg,test\FAKE\142 (2).jpg,0.0,0
142 (3).jpg,test\FAKE\142 (3).jpg,2.7656555e-05,0
142 (4).jpg,test\FAKE\142 (4).jpg,0.0,0
142 (5).jpg,test\FAKE\142 (5).jpg,0.0,0
142 (6).jpg,test\FAKE\142 (6).jpg,0.0,0
142 (7).jpg,test\FAKE\142 (7).jpg,0.0,0
142 (8).jpg,test\FAKE\142 (8).jpg,2.9802322e-08,0
142 (9).jpg,test\FAKE\142 (9).jpg,0.0,0
142.jpg,test\FAKE\142.jpg,1.9311905e-05,0
143 (10).jpg,test\FAKE\143 (10).jpg,0.0,0
143 (2).jpg,test\FAKE\143 (2).jpg,0.0,0
143 (3).jpg,test\FAKE\143 (3).jpg,0.15509388,0
143 (4).jpg,test\FAKE\143 (4).jpg,0.0001795888,0
143 (5).jpg,test\FAKE\143 (5).jpg,0.0,0
143 (6).jpg,test\FAKE\143 (6).jpg,0.0,0
143 (7).jpg,test\FAKE\143 (7).jpg,0.0,0
143 (8).jpg,test\FAKE\143 (8).jpg,0.0,0
143 (9).jpg,test\FAKE\143 (9).jpg,0.0,0
143.jpg,test\FAKE\143.jpg,1.7881393e-07,0
144 (10).jpg,test\FAKE\144 (10).jpg,2.9802322e-08,0
144 (2).jpg,test\FAKE\144 (2).jpg,0.0,0
144 (3).jpg,test\FAKE\144 (3).jpg,0.09657997,0
144 (4).jpg,test\FAKE\144 (4).jpg,0.0,0
144 (5).jpg,test\FAKE\144 (5).jpg,0.0,0
144 (6).jpg,test\FAKE\144 (6).jpg,8.493662e-06,0
144 (7).jpg,test\FAKE\144 (7).jpg,0.0,0
144 (8).jpg,test\FAKE\144 (8).jpg,0.0,0
144 (9).jpg,test\FAKE\144 (9).jpg,0.0,0
144.jpg,test\FAKE\144.jpg,0.0,0
145 (10).jpg,test\FAKE\145 (10).jpg,0.0,0
145 (2).jpg,test\FAKE\145 (2).jpg,0.0,0
145 (3).jpg,test\FAKE\145 (3).jpg,0.032075405,0
145 (4).jpg,test\FAKE\145 (4).jpg,0.0,0
145 (5).jpg,test\FAKE\145 (5).jpg,0.0,0
145 (6).jpg,test\FAKE\145 (6).jpg,2.6524067e-06,0
145 (7).jpg,test\FAKE\145 (7).jpg,0.0,0
145 (8).jpg,test\FAKE\145 (8).jpg,0.0,0
145 (9).jpg,test\FAKE\145 (9).jpg,0.0,0
145.jpg,test\FAKE\145.jpg,0.0,0
146 (10).jpg,test\FAKE\146 (10).jpg,2.6524067e-06,0
146 (2).jpg,test\FAKE\146 (2).jpg,0.0,0
146 (3).jpg,test\FAKE\146 (3).jpg,0.0,0
146 (4).jpg,test\FAKE\146 (4).jpg,0.0,0
146 (5).jpg,test\FAKE\146 (5).jpg,0.0,0
146 (6).jpg,test\FAKE\146 (6).jpg,0.0,0
146 (7).jpg,test\FAKE\146 (7).jpg,9.23872e-07,0
146 (8).jpg,test\FAKE\146 (8).jpg,0.0,0
146 (9).jpg,test\FAKE\146 (9).jpg,0.0,0
146.jpg,test\FAKE\146.jpg,0.0,0
147 (10).jpg,test\FAKE\147 (10).jpg,0.0,0
147 (2).jpg,test\FAKE\147 (2).jpg,0.0,0
147 (3).jpg,test\FAKE\147 (3).jpg,0.0,0
147 (4).jpg,test\FAKE\147 (4).jpg,0.0,0
147 (5).jpg,test\FAKE\147 (5).jpg,0.0,0
147 (6).jpg,test\FAKE\147 (6).jpg,0.0,0
147 (7).jpg,test\FAKE\147 (7).jpg,0.0,0
147 (8).jpg,test\FAKE\147 (8).jpg,0.00018808246,0
147 (9).jpg,test\FAKE\147 (9).jpg,0.0,0
147.jpg,test\FAKE\147.jpg,0.0,0
148 (10).jpg,test\FAKE\148 (10).jpg,0.0,0
148 (2).jpg,test\FAKE\148 (2).jpg,0.0,0
148 (3).jpg,test\FAKE\148 (3).jpg,0.0015270412,0
148 (4).jpg,test\FAKE\148 (4).jpg,0.5718761,1
148 (5).jpg,test\FAKE\148 (5).jpg,0.0,0
148 (6).jpg,test\FAKE\148 (6).jpg,0.0,0
148 (7).jpg,test\FAKE\148 (7).jpg,0.0,0
148 (8).jpg,test\FAKE\148 (8).jpg,0.0,0
148 (9).jpg,test\FAKE\148 (9).jpg,0.0,0
148.jpg,test\FAKE\148.jpg,0.0,0
149 (10).jpg,test\FAKE\149 (10).jpg,0.0033903122,0
149 (2).jpg,test\FAKE\149 (2).jpg,0.0,0
149 (3).jpg,test\FAKE\149 (3).jpg,0.17845908,0
149 (4).jpg,test\FAKE\149 (4).jpg,0.0,0
149 (5).jpg,test\FAKE\149 (5).jpg,0.0,0
149 (6).jpg,test\FAKE\149 (6).jpg,2.3543835e-05,0
149 (7).jpg,test\FAKE\149 (7).jpg,0.0,0
149 (8).jpg,test\FAKE\149 (8).jpg,5.364418e-07,0
149 (9).jpg,test\FAKE\149 (9).jpg,0.0,0
149.jpg,test\FAKE\149.jpg,0.0,0
15 (10).jpg,test\FAKE\15 (10).jpg,0.0,0
15 (2).jpg,test\FAKE\15 (2).jpg,4.0590763e-05,0
15 (3).jpg,test\FAKE\15 (3).jpg,0.0,0
15 (4).jpg,test\FAKE\15 (4).jpg,0.0,0
15 (5).jpg,test\FAKE\15 (5).jpg,0.0,0
15 (6).jpg,test\FAKE\15 (6).jpg,8.940697e-06,0
15 (7).jpg,test\FAKE\15 (7).jpg,0.0,0
15 (8).jpg,test\FAKE\15 (8).jpg,0.0,0
15 (9).jpg,test\FAKE\15 (9).jpg,0.0,0
15.jpg,test\FAKE\15.jpg,0.0,0
150 (10).jpg,test\FAKE\150 (10).jpg,0.0,0
150 (2).jpg,test\FAKE\150 (2).jpg,1.6391277e-06,0
150 (3).jpg,test\FAKE\150 (3).jpg,0.005296916,0
150 (4).jpg,test\FAKE\150 (4).jpg,0.0,0
150 (5).jpg,test\FAKE\150 (5).jpg,0.0,0
150 (6).jpg,test\FAKE\150 (6).jpg,0.0,0
150 (7).jpg,test\FAKE\150 (7).jpg,0.0,0
150 (8).jpg,test\FAKE\150 (8).jpg,2.0563602e-06,0
150 (9).jpg,test\FAKE\150 (9).jpg,8.574128e-05,0
150.jpg,test\FAKE\150.jpg,0.0,0
151 (10).jpg,test\FAKE\151 (10).jpg,0.0,0
151 (2).jpg,test\FAKE\151 (2).jpg,0.0,0
151 (3).jpg,test\FAKE\151 (3).jpg,0.015626132,0
151 (4).jpg,test\FAKE\151 (4).jpg,0.0,0
151 (5).jpg,test\FAKE\151 (5).jpg,0.0,0
151 (6).jpg,test\FAKE\151 (6).jpg,0.0,0
151 (7).jpg,test\FAKE\151 (7).jpg,0.0,0
151 (8).jpg,test\FAKE\151 (8).jpg,0.0,0
151 (9).jpg,test\FAKE\151 (9).jpg,0.0,0
151.jpg,test\FAKE\151.jpg,0.0,0
152 (10).jpg,test\FAKE\152 (10).jpg,0.00035694242,0
152 (2).jpg,test\FAKE\152 (2).jpg,0.0,0
152 (3).jpg,test\FAKE\152 (3).jpg,0.024798363,0
152 (4).jpg,test\FAKE\152 (4).jpg,0.0,0
152 (5).jpg,test\FAKE\152 (5).jpg,0.0,0
152 (6).jpg,test\FAKE\152 (6).jpg,0.0,0
152 (7).jpg,test\FAKE\152 (7).jpg,0.0,0
152 (8).jpg,test\FAKE\152 (8).jpg,0.0,0
152 (9).jpg,test\FAKE\152 (9).jpg,0.0,0
152.jpg,test\FAKE\152.jpg,0.0,0
153 (10).jpg,test\FAKE\153 (10).jpg,0.0,0
153 (2).jpg,test\FAKE\153 (2).jpg,0.0,0
153 (3).jpg,test\FAKE\153 (3).jpg,0.0,0
153 (4).jpg,test\FAKE\153 (4).jpg,0.0,0
153 (5).jpg,test\FAKE\153 (5).jpg,2.026558e-06,0
153 (6).jpg,test\FAKE\153 (6).jpg,0.0,0
153 (7).jpg,test\FAKE\153 (7).jpg,0.0,0
153 (8).jpg,test\FAKE\153 (8).jpg,0.0,0
153 (9).jpg,test\FAKE\153 (9).jpg,0.0,0
153.jpg,test\FAKE\153.jpg,0.0017279983,0
154 (10).jpg,test\FAKE\154 (10).jpg,0.0,0
154 (2).jpg,test\FAKE\154 (2).jpg,0.0,0
154 (3).jpg,test\FAKE\154 (3).jpg,2.2947788e-06,0
154 (4).jpg,test\FAKE\154 (4).jpg,0.99830556,1
154 (5).jpg,test\FAKE\154 (5).jpg,0.0,0
154 (6).jpg,test\FAKE\154 (6).jpg,0.0,0
154 (7).jpg,test\FAKE\154 (7).jpg,6.4074993e-06,0
154 (8).jpg,test\FAKE\154 (8).jpg,0.0,0
154 (9).jpg,test\FAKE\154 (9).jpg,0.0,0
154.jpg,test\FAKE\154.jpg,0.0,0
155 (10).jpg,test\FAKE\155 (10).jpg,0.0,0
155 (2).jpg,test\FAKE\155 (2).jpg,0.0,0
155 (3).jpg,test\FAKE\155 (3).jpg,0.0,0
155 (4).jpg,test\FAKE\155 (4).jpg,1.7881393e-07,0
155 (5).jpg,test\FAKE\155 (5).jpg,0.0,0
155 (6).jpg,test\FAKE\155 (6).jpg,0.006486118,0
155 (7).jpg,test\FAKE\155 (7).jpg,0.0,0
155 (8).jpg,test\FAKE\155 (8).jpg,1.8239021e-05,0
155 (9).jpg,test\FAKE\155 (9).jpg,8.940697e-08,0
155.jpg,test\FAKE\155.jpg,0.0,0
156 (10).jpg,test\FAKE\156 (10).jpg,0.0,0
156 (2).jpg,test\FAKE\156 (2).jpg,0.0,0
156 (3).jpg,test\FAKE\156 (3).jpg,0.0,0
156 (4).jpg,test\FAKE\156 (4).jpg,0.0,0
156 (5).jpg,test\FAKE\156 (5).jpg,0.0,0
156 (6).jpg,test\FAKE\156 (6).jpg,0.0,0
156 (7).jpg,test\FAKE\156 (7).jpg,1.1920929e-07,0
156 (8).jpg,test\FAKE\156 (8).jpg,0.0,0
156 (9).jpg,test\FAKE\156 (9).jpg,6.2584877e-07,0
156.jpg,test\FAKE\156.jpg,7.987022e-06,0
157 (10).jpg,test\FAKE\157 (10).jpg,0.0,0
157 (2).jpg,test\FAKE\157 (2).jpg,0.0,0
157 (3).jpg,test\FAKE\157 (3).jpg,5.9604645e-08,0
157 (4).jpg,test\FAKE\157 (4).jpg,2.0861626e-07,0
157 (5).jpg,test\FAKE\157 (5).jpg,0.0,0
157 (6).jpg,test\FAKE\157 (6).jpg,0.0,0
157 (7).jpg,test\FAKE\157 (7).jpg,0.0,0
157 (8).jpg,test\FAKE\157 (8).jpg,0.0,0
157 (9).jpg,test\FAKE\157 (9).jpg,0.0,0
157.jpg,test\FAKE\157.jpg,0.0,0
158 (10).jpg,test\FAKE\158 (10).jpg,0.0,0
158 (2).jpg,test\FAKE\158 (2).jpg,0.44227996,0
158 (3).jpg,test\FAKE\158 (3).jpg,0.00015193224,0
158 (4).jpg,test\FAKE\158 (4).jpg,0.0,0
158 (5).jpg,test\FAKE\158 (5).jpg,0.0,0
158 (6).jpg,test\FAKE\158 (6).jpg,5.066395e-07,0
158 (7).jpg,test\FAKE\158 (7).jpg,0.0,0
158 (8).jpg,test\FAKE\158 (8).jpg,0.0,0
158 (9).jpg,test\FAKE\158 (9).jpg,0.0,0
158.jpg,test\FAKE\158.jpg,0.0,0
159 (10).jpg,test\FAKE\159 (10).jpg,0.0,0
159 (2).jpg,test\FAKE\159 (2).jpg,0.0,0
159 (3).jpg,test\FAKE\159 (3).jpg,0.00016322732,0
159 (4).jpg,test\FAKE\159 (4).jpg,0.0,0
159 (5).jpg,test\FAKE\159 (5).jpg,0.0,0
159 (6).jpg,test\FAKE\159 (6).jpg,8.940697e-08,0
159 (7).jpg,test\FAKE\159 (7).jpg,0.0,0
159 (8).jpg,test\FAKE\159 (8).jpg,0.0,0
159 (9).jpg,test\FAKE\159 (9).jpg,0.9404136,1
159.jpg,test\FAKE\159.jpg,1.7881393e-06,0
16 (10).jpg,test\FAKE\16 (10).jpg,0.0,0
16 (2).jpg,test\FAKE\16 (2).jpg,0.0,0
16 (3).jpg,test\FAKE\16 (3).jpg,1.0877848e-05,0
16 (4).jpg,test\FAKE\16 (4).jpg,0.0,0
16 (5).jpg,test\FAKE\16 (5).jpg,0.0,0
16 (6).jpg,test\FAKE\16 (6).jpg,0.0,0
16 (7).jpg,test\FAKE\16 (7).jpg,0.0,0
16 (8).jpg,test\FAKE\16 (8).jpg,0.0,0
16 (9).jpg,test\FAKE\16 (9).jpg,0.0,0
16.jpg,test\FAKE\16.jpg,0.0,0
160 (10).jpg,test\FAKE\160 (10).jpg,0.0,0
160 (2).jpg,test\FAKE\160 (2).jpg,0.0,0
160 (3).jpg,test\FAKE\160 (3).jpg,2.9802322e-08,0
160 (4).jpg,test\FAKE\160 (4).jpg,0.0,0
160 (5).jpg,test\FAKE\160 (5).jpg,0.0,0
160 (6).jpg,test\FAKE\160 (6).jpg,0.0,0
160 (7).jpg,test\FAKE\160 (7).jpg,0.0,0
160 (8).jpg,test\FAKE\160 (8).jpg,0.0,0
160 (9).jpg,test\FAKE\160 (9).jpg,0.0,0
160.jpg,test\FAKE\160.jpg,0.006249279,0
161 (10).jpg,test\FAKE\161 (10).jpg,0.0,0
161 (2).jpg,test\FAKE\161 (2).jpg,0.0,0
161 (3).jpg,test\FAKE\161 (3).jpg,6.3329935e-05,0
161 (4).jpg,test\FAKE\161 (4).jpg,0.0,0
161 (5).jpg,test\FAKE\161 (5).jpg,0.0,0
161 (6).jpg,test\FAKE\161 (6).jpg,0.45075336,0
161 (7).jpg,test\FAKE\161 (7).jpg,0.0,0
161 (8).jpg,test\FAKE\161 (8).jpg,6.315112e-05,0
161 (9).jpg,test\FAKE\161 (9).jpg,0.039860696,0
161.jpg,test\FAKE\161.jpg,0.008204013,0
162 (10).jpg,test\FAKE\162 (10).jpg,0.0,0
162 (2).jpg,test\FAKE\162 (2).jpg,0.0,0
162 (3).jpg,test\FAKE\162 (3).jpg,0.00078341365,0
162 (4).jpg,test\FAKE\162 (4).jpg,0.0,0
162 (5).jpg,test\FAKE\162 (5).jpg,0.0,0
162 (6).jpg,test\FAKE\162 (6).jpg,0.023001134,0
162 (7).jpg,test\FAKE\162 (7).jpg,0.0,0
162 (8).jpg,test\FAKE\162 (8).jpg,0.0077182353,0
162 (9).jpg,test\FAKE\162 (9).jpg,0.0,0
162.jpg,test\FAKE\162.jpg,0.0,0
163 (10).jpg,test\FAKE\163 (10).jpg,0.0,0
163 (2).jpg,test\FAKE\163 (2).jpg,0.0,0
163 (3).jpg,test\FAKE\163 (3).jpg,0.006147504,0
163 (4).jpg,test\FAKE\163 (4).jpg,4.172325e-07,0
163 (5).jpg,test\FAKE\163 (5).jpg,0.0,0
163 (6).jpg,test\FAKE\163 (6).jpg,0.0,0
163 (7).jpg,test\FAKE\163 (7).jpg,0.0,0
163 (8).jpg,test\FAKE\163 (8).jpg,0.0,0
163 (9).jpg,test\FAKE\163 (9).jpg,0.0001103282,0
163.jpg,test\FAKE\163.jpg,0.0,0
164 (10).jpg,test\FAKE\164 (10).jpg,0.0,0
164 (2).jpg,test\FAKE\164 (2).jpg,0.00071308017,0
164 (3).jpg,test\FAKE\164 (3).jpg,0.0,0
164 (4).jpg,test\FAKE\164 (4).jpg,0.0,0
164 (5).jpg,test\FAKE\164 (5).jpg,0.0,0
164 (6).jpg,test\FAKE\164 (6).jpg,0.0,0
164 (7).jpg,test\FAKE\164 (7).jpg,0.0,0
164 (8).jpg,test\FAKE\164 (8).jpg,0.0,0
164 (9).jpg,test\FAKE\164 (9).jpg,0.0,0
164.jpg,test\FAKE\164.jpg,5.3077936e-05,0
165 (10).jpg,test\FAKE\165 (10).jpg,0.0,0
165 (2).jpg,test\FAKE\165 (2).jpg,0.0,0
165 (3).jpg,test\FAKE\165 (3).jpg,0.0,0
165 (4).jpg,test\FAKE\165 (4).jpg,0.0056675673,0
165 (5).jpg,test\FAKE\165 (5).jpg,0.0,0
165 (6).jpg,test\FAKE\165 (6).jpg,0.0,0
165 (7).jpg,test\FAKE\165 (7).jpg,0.0,0
165 (8).jpg,test\FAKE\165 (8).jpg,0.0,0
165 (9).jpg,test\FAKE\165 (9).jpg,0.0,0
165.jpg,test\FAKE\165.jpg,0.0,0
166 (10).jpg,test\FAKE\166 (10).jpg,0.00043797493,0
166 (2).jpg,test\FAKE\166 (2).jpg,0.0,0
166 (3).jpg,test\FAKE\166 (3).jpg,1.3709068e-06,0
166 (4).jpg,test\FAKE\166 (4).jpg,0.0,0
166 (5).jpg,test\FAKE\166 (5).jpg,0.0,0
166 (6).jpg,test\FAKE\166 (6).jpg,0.0,0
166 (7).jpg,test\FAKE\166 (7).jpg,0.0,0
166 (8).jpg,test\FAKE\166 (8).jpg,7.4505806e-07,0
166 (9).jpg,test\FAKE\166 (9).jpg,0.0,0
166.jpg,test\FAKE\166.jpg,0.0,0
167 (10).jpg,test\FAKE\167 (10).jpg,0.0,0
167 (2).jpg,test\FAKE\167 (2).jpg,0.0,0
167 (3).jpg,test\FAKE\167 (3).jpg,0.0011252463,0
167 (4).jpg,test\FAKE\167 (4).jpg,0.0,0
167 (5).jpg,test\FAKE\167 (5).jpg,0.0,0
167 (6).jpg,test\FAKE\167 (6).jpg,0.0,0
167 (7).jpg,test\FAKE\167 (7).jpg,0.0,0
167 (8).jpg,test\FAKE\167 (8).jpg,0.0,0
167 (9).jpg,test\FAKE\167 (9).jpg,0.0,0
167.jpg,test\FAKE\167.jpg,0.00057685375,0
168 (10).jpg,test\FAKE\168 (10).jpg,0.0,0
168 (2).jpg,test\FAKE\168 (2).jpg,0.0,0
168 (3).jpg,test\FAKE\168 (3).jpg,0.021682262,0
168 (4).jpg,test\FAKE\168 (4).jpg,0.0,0
168 (5).jpg,test\FAKE\168 (5).jpg,0.0,0
168 (6).jpg,test\FAKE\168 (6).jpg,0.0,0
168 (7).jpg,test\FAKE\168 (7).jpg,0.0,0
168 (8).jpg,test\FAKE\168 (8).jpg,0.0,0
168 (9).jpg,test\FAKE\168 (9).jpg,0.0,0
168.jpg,test\FAKE\168.jpg,0.0,0
169 (10).jpg,test\FAKE\169 (10).jpg,0.0,0
169 (2).jpg,test\FAKE\169 (2).jpg,0.0,0
169 (3).jpg,test\FAKE\169 (3).jpg,1.707673e-05,0
169 (4).jpg,test\FAKE\169 (4).jpg,0.0,0
169 (5).jpg,test\FAKE\169 (5).jpg,3.3706427e-05,0
169 (6).jpg,test\FAKE\169 (6).jpg,0.0,0
169 (7).jpg,test\FAKE\169 (7).jpg,0.0,0
169 (8).jpg,test\FAKE\169 (8).jpg,0.0,0
169 (9).jpg,test\FAKE\169 (9).jpg,5.9604645e-08,0
169.jpg,test\FAKE\169.jpg,0.0,0
17 (10).jpg,test\FAKE\17 (10).jpg,0.0,0
17 (2).jpg,test\FAKE\17 (2).jpg,8.940697e-08,0
17 (3).jpg,test\FAKE\17 (3).jpg,0.00071564317,0
17 (4).jpg,test\FAKE\17 (4).jpg,0.0,0
17 (5).jpg,test\FAKE\17 (5).jpg,0.0,0
17 (6).jpg,test\FAKE\17 (6).jpg,0.0,0
17 (7).jpg,test\FAKE\17 (7).jpg,0.0,0
17 (8).jpg,test\FAKE\17 (8).jpg,0.0,0
17 (9).jpg,test\FAKE\17 (9).jpg,8.940697e-07,0
17.jpg,test\FAKE\17.jpg,0.0,0
170 (10).jpg,test\FAKE\170 (10).jpg,0.0,0
170 (2).jpg,test\FAKE\170 (2).jpg,0.0,0
170 (3).jpg,test\FAKE\170 (3).jpg,2.9802322e-07,0
170 (4).jpg,test\FAKE\170 (4).jpg,0.0,0
170 (5).jpg,test\FAKE\170 (5).jpg,0.0,0
170 (6).jpg,test\FAKE\170 (6).jpg,0.0,0
170 (7).jpg,test\FAKE\170 (7).jpg,0.0,0
170 (8).jpg,test\FAKE\170 (8).jpg,0.009735882,0
170 (9).jpg,test\FAKE\170 (9).jpg,1.2606382e-05,0
170.jpg,test\FAKE\170.jpg,0.0,0
171 (10).jpg,test\FAKE\171 (10).jpg,0.0,0
171 (2).jpg,test\FAKE\171 (2).jpg,0.0,0
171 (3).jpg,test\FAKE\171 (3).jpg,0.0,0
171 (4).jpg,test\FAKE\171 (4).jpg,0.0,0
171 (5).jpg,test\FAKE\171 (5).jpg,0.0,0
171 (6).jpg,test\FAKE\171 (6).jpg,0.0,0
171 (7).jpg,test\FAKE\171 (7).jpg,1.6450882e-05,0
171 (8).jpg,test\FAKE\171 (8).jpg,0.0,0
171 (9).jpg,test\FAKE\171 (9).jpg,0.0039533675,0
171.jpg,test\FAKE\171.jpg,0.0,0
172 (10).jpg,test\FAKE\172 (10).jpg,0.05650595,0
172 (2).jpg,test\FAKE\172 (2).jpg,0.0,0
172 (3).jpg,test\FAKE\172 (3).jpg,0.0004466474,0
172 (4).jpg,test\FAKE\172 (4).jpg,0.0,0
172 (5).jpg,test\FAKE\172 (5).jpg,0.0,0
172 (6).jpg,test\FAKE\172 (6).jpg,1.2814999e-06,0
172 (7).jpg,test\FAKE\172 (7).jpg,0.0,0
172 (8).jpg,test\FAKE\172 (8).jpg,0.0,0
172 (9).jpg,test\FAKE\172 (9).jpg,0.0,0
172.jpg,test\FAKE\172.jpg,8.940697e-08,0
173 (10).jpg,test\FAKE\173 (10).jpg,0.0,0
173 (2).jpg,test\FAKE\173 (2).jpg,0.0,0
173 (3).jpg,test\FAKE\173 (3).jpg,0.0,0
173 (4).jpg,test\FAKE\173 (4).jpg,0.0,0
173 (5).jpg,test\FAKE\173 (5).jpg,0.00051003695,0
173 (6).jpg,test\FAKE\173 (6).jpg,0.0,0
173 (7).jpg,test\FAKE\173 (7).jpg,0.0,0
173 (8).jpg,test\FAKE\173 (8).jpg,0.0,0
173 (9).jpg,test\FAKE\173 (9).jpg,1.4603138e-06,0
173.jpg,test\FAKE\173.jpg,0.4392889,0
174 (10).jpg,test\FAKE\174 (10).jpg,1.1920929e-07,0
174 (2).jpg,test\FAKE\174 (2).jpg,3.3080578e-06,0
174 (3).jpg,test\FAKE\174 (3).jpg,0.0,0
174 (4).jpg,test\FAKE\174 (4).jpg,0.0,0
174 (5).jpg,test\FAKE\174 (5).jpg,0.0,0
174 (6).jpg,test\FAKE\174 (6).jpg,0.0,0
174 (7).jpg,test\FAKE\174 (7).jpg,0.0,0
174 (8).jpg,test\FAKE\174 (8).jpg,0.0,0
174 (9).jpg,test\FAKE\174 (9).jpg,6.2584877e-07,0
174.jpg,test\FAKE\174.jpg,1.0430813e-05,0
175 (10).jpg,test\FAKE\175 (10).jpg,0.0,0
175 (2).jpg,test\FAKE\175 (2).jpg,0.0,0
175 (3).jpg,test\FAKE\175 (3).jpg,1.4901161e-07,0
175 (4).jpg,test\FAKE\175 (4).jpg,0.00080767274,0
175 (5).jpg,test\FAKE\175 (5).jpg,0.0,0
175 (6).jpg,test\FAKE\175 (6).jpg,0.0,0
175 (7).jpg,test\FAKE\175 (7).jpg,0.0,0
175 (8).jpg,test\FAKE\175 (8).jpg,1.1920929e-07,0
175 (9).jpg,test\FAKE\175 (9).jpg,0.0,0
175.jpg,test\FAKE\175.jpg,0.0,0
176 (10).jpg,test\FAKE\176 (10).jpg,0.00050115585,0
176 (2).jpg,test\FAKE\176 (2).jpg,0.0,0
176 (3).jpg,test\FAKE\176 (3).jpg,0.032700866,0
176 (4).jpg,test\FAKE\176 (4).jpg,0.020237535,0
176 (5).jpg,test\FAKE\176 (5).jpg,0.0,0
176 (6).jpg,test\FAKE\176 (6).jpg,0.0,0
176 (7).jpg,test\FAKE\176 (7).jpg,0.0,0
176 (8).jpg,test\FAKE\176 (8).jpg,0.0,0
176 (9).jpg,test\FAKE\176 (9).jpg,0.0,0
176.jpg,test\FAKE\176.jpg,0.30802077,0
177 (10).jpg,test\FAKE\177 (10).jpg,0.0,0
177 (2).jpg,test\FAKE\177 (2).jpg,0.0,0
177 (3).jpg,test\FAKE\177 (3).jpg,0.23225793,0
177 (4).jpg,test\FAKE\177 (4).jpg,0.0,0
177 (5).jpg,test\FAKE\177 (5).jpg,0.0,0
177 (6).jpg,test\FAKE\177 (6).jpg,0.0,0
177 (7).jpg,test\FAKE\177 (7).jpg,0.0,0
177 (8).jpg,test\FAKE\177 (8).jpg,0.0,0
177 (9).jpg,test\FAKE\177 (9).jpg,0.000261724,0
177.jpg,test\FAKE\177.jpg,0.0,0
178 (10).jpg,test\FAKE\178 (10).jpg,2.9802322e-08,0
178 (2).jpg,test\FAKE\178 (2).jpg,0.0,0
178 (3).jpg,test\FAKE\178 (3).jpg,8.633733e-05,0
178 (4).jpg,test\FAKE\178 (4).jpg,0.0,0
178 (5).jpg,test\FAKE\178 (5).jpg,8.940697e-08,0
178 (6).jpg,test\FAKE\178 (6).jpg,4.4703484e-07,0
178 (7).jpg,test\FAKE\178 (7).jpg,0.0,0
178 (8).jpg,test\FAKE\178 (8).jpg,0.0,0
178 (9).jpg,test\FAKE\178 (9).jpg,0.0,0
178.jpg,test\FAKE\178.jpg,0.0,0
179 (10).jpg,test\FAKE\179 (10).jpg,0.0,0
179 (2).jpg,test\FAKE\179 (2).jpg,0.0,0
179 (3).jpg,test\FAKE\179 (3).jpg,0.0,0
179 (4).jpg,test\FAKE\179 (4).jpg,0.0,0
179 (5).jpg,test\FAKE\179 (5).jpg,0.0,0
179 (6).jpg,test\FAKE\179 (6).jpg,0.0,0
179 (7).jpg,test\FAKE\179 (7).jpg,0.0,0
179 (8).jpg,test\FAKE\179 (8).jpg,0.0,0
179 (9).jpg,test\FAKE\179 (9).jpg,8.940697e-08,0
179.jpg,test\FAKE\179.jpg,0.0,0
18 (10).jpg,test\FAKE\18 (10).jpg,4.172325e-07,0
18 (2).jpg,test\FAKE\18 (2).jpg,0.0,0
18 (3).jpg,test\FAKE\18 (3).jpg,2.2649765e-06,0
18 (4).jpg,test\FAKE\18 (4).jpg,0.0,0
18 (5).jpg,test\FAKE\18 (5).jpg,0.0,0
18 (6).jpg,test\FAKE\18 (6).jpg,0.0,0
18 (7).jpg,test\FAKE\18 (7).jpg,0.0,0
18 (8).jpg,test\FAKE\18 (8).jpg,0.0,0
18 (9).jpg,test\FAKE\18 (9).jpg,0.00036647916,0
18.jpg,test\FAKE\18.jpg,0.0,0
180 (10).jpg,test\FAKE\180 (10).jpg,8.34465e-07,0
180 (2).jpg,test\FAKE\180 (2).jpg,2.0861626e-06,0
180 (3).jpg,test\FAKE\180 (3).jpg,0.0,0
180 (4).jpg,test\FAKE\180 (4).jpg,0.0,0
180 (5).jpg,test\FAKE\180 (5).jpg,0.0,0
180 (6).jpg,test\FAKE\180 (6).jpg,0.0,0
180 (7).jpg,test\FAKE\180 (7).jpg,0.0,0
180 (8).jpg,test\FAKE\180 (8).jpg,0.0,0
180 (9).jpg,test\FAKE\180 (9).jpg,0.0,0
180.jpg,test\FAKE\180.jpg,0.0,0
181 (10).jpg,test\FAKE\181 (10).jpg,0.0016385019,0
181 (2).jpg,test\FAKE\181 (2).jpg,0.0,0
181 (3).jpg,test\FAKE\181 (3).jpg,3.2782555e-07,0
181 (4).jpg,test\FAKE\181 (4).jpg,0.0,0
181 (5).jpg,test\FAKE\181 (5).jpg,0.0,0
181 (6).jpg,test\FAKE\181 (6).jpg,0.0021113157,0
181 (7).jpg,test\FAKE\181 (7).jpg,0.0,0
181 (8).jpg,test\FAKE\181 (8).jpg,0.0,0
181 (9).jpg,test\FAKE\181 (9).jpg,0.0,0
181.jpg,test\FAKE\181.jpg,0.0,0
182 (10).jpg,test\FAKE\182 (10).jpg,0.0006670058,0
182 (2).jpg,test\FAKE\182 (2).jpg,0.031571478,0
182 (3).jpg,test\FAKE\182 (3).jpg,0.015136987,0
182 (4).jpg,test\FAKE\182 (4).jpg,0.0,0
182 (5).jpg,test\FAKE\182 (5).jpg,0.0,0
182 (6).jpg,test\FAKE\182 (6).jpg,0.0,0
182 (7).jpg,test\FAKE\182 (7).jpg,0.0,0
182 (8).jpg,test\FAKE\182 (8).jpg,0.0,0
182 (9).jpg,test\FAKE\182 (9).jpg,0.0021478832,0
182.jpg,test\FAKE\182.jpg,0.81423855,1
183 (10).jpg,test\FAKE\183 (10).jpg,0.0,0
183 (2).jpg,test\FAKE\183 (2).jpg,0.0,0
183 (3).jpg,test\FAKE\183 (3).jpg,0.013784617,0
183 (4).jpg,test\FAKE\183 (4).jpg,2.0861626e-07,0
183 (5).jpg,test\FAKE\183 (5).jpg,0.0,0
183 (6).jpg,test\FAKE\183 (6).jpg,0.0,0
183 (7).jpg,test\FAKE\183 (7).jpg,0.0,0
183 (8).jpg,test\FAKE\183 (8).jpg,0.0,0
183 (9).jpg,test\FAKE\183 (9).jpg,0.0,0
183.jpg,test\FAKE\183.jpg,0.0,0
184 (10).jpg,test\FAKE\184 (10).jpg,0.0,0
184 (2).jpg,test\FAKE\184 (2).jpg,0.0,0
184 (3).jpg,test\FAKE\184 (3).jpg,0.39800745,0
184 (4).jpg,test\FAKE\184 (4).jpg,0.0,0
184 (5).jpg,test\FAKE\184 (5).jpg,0.0,0
184 (6).jpg,test\FAKE\184 (6).jpg,0.0,0
184 (7).jpg,test\FAKE\184 (7).jpg,0.0,0
184 (8).jpg,test\FAKE\184 (8).jpg,0.0,0
184 (9).jpg,test\FAKE\184 (9).jpg,0.0,0
184.jpg,test\FAKE\184.jpg,0.0,0
185 (10).jpg,test\FAKE\185 (10).jpg,0.0,0
185 (2).jpg,test\FAKE\185 (2).jpg,0.0,0
185 (3).jpg,test\FAKE\185 (3).jpg,4.172325e-07,0
185 (4).jpg,test\FAKE\185 (4).jpg,0.0,0
185 (5).jpg,test\FAKE\185 (5).jpg,0.0,0
185 (6).jpg,test\FAKE\185 (6).jpg,0.0,0
185 (7).jpg,test\FAKE\185 (7).jpg,0.0,0
185 (8).jpg,test\FAKE\185 (8).jpg,1.1920929e-07,0
185 (9).jpg,test\FAKE\185 (9).jpg,0.021285325,0
185.jpg,test\FAKE\185.jpg,0.0,0
186 (10).jpg,test\FAKE\186 (10).jpg,0.0,0
186 (2).jpg,test\FAKE\186 (2).jpg,0.0,0
186 (3).jpg,test\FAKE\186 (3).jpg,0.0,0
186 (4).jpg,test\FAKE\186 (4).jpg,0.0,0
186 (5).jpg,test\FAKE\186 (5).jpg,0.29313314,0
186 (6).jpg,test\FAKE\186 (6).jpg,2.7120113e-06,0
186 (7).jpg,test\FAKE\186 (7).jpg,0.0,0
186 (8).jpg,test\FAKE\186 (8).jpg,0.0,0
186 (9).jpg,test\FAKE\186 (9).jpg,0.0,0
186.jpg,test\FAKE\186.jpg,0.0442113,0
187 (10).jpg,test\FAKE\187 (10).jpg,1.1920929e-07,0
187 (2).jpg,test\FAKE\187 (2).jpg,0.0,0
187 (3).jpg,test\FAKE\187 (3).jpg,3.6746264e-05,0
187 (4).jpg,test\FAKE\187 (4).jpg,0.0,0
187 (5).jpg,test\FAKE\187 (5).jpg,5.2452087e-06,0
187 (6).jpg,test\FAKE\187 (6).jpg,0.0,0
187 (7).jpg,test\FAKE\187 (7).jpg,0.0,0
187 (8).jpg,test\FAKE\187 (8).jpg,0.05839178,0
187 (9).jpg,test\FAKE\187 (9).jpg,8.940697e-08,0
187.jpg,test\FAKE\187.jpg,1.552701e-05,0
188 (10).jpg,test\FAKE\188 (10).jpg,0.0,0
188 (2).jpg,test\FAKE\188 (2).jpg,0.0,0
188 (3).jpg,test\FAKE\188 (3).jpg,0.03590721,0
188 (4).jpg,test\FAKE\188 (4).jpg,0.0,0
188 (5).jpg,test\FAKE\188 (5).jpg,0.0,0
188 (6).jpg,test\FAKE\188 (6).jpg,0.0,0
188 (7).jpg,test\FAKE\188 (7).jpg,0.0,0
188 (8).jpg,test\FAKE\188 (8).jpg,8.940697e-07,0
188 (9).jpg,test\FAKE\188 (9).jpg,0.0,0
188.jpg,test\FAKE\188.jpg,0.0,0
189 (10).jpg,test\FAKE\189 (10).jpg,0.0,0
189 (2).jpg,test\FAKE\189 (2).jpg,0.06257266,0
189 (3).jpg,test\FAKE\189 (3).jpg,1.1920929e-06,0
189 (4).jpg,test\FAKE\189 (4).jpg,0.0,0
189 (5).jpg,test\FAKE\189 (5).jpg,0.0,0
189 (6).jpg,test\FAKE\189 (6).jpg,0.0,0
189 (7).jpg,test\FAKE\189 (7).jpg,0.0,0
189 (8).jpg,test\FAKE\189 (8).jpg,1.4305115e-06,0
189 (9).jpg,test\FAKE\189 (9).jpg,0.0,0
189.jpg,test\FAKE\189.jpg,0.0,0
19 (10).jpg,test\FAKE\19 (10).jpg,2.9802322e-08,0
19 (2).jpg,test\FAKE\19 (2).jpg,0.24091804,0
19 (3).jpg,test\FAKE\19 (3).jpg,0.2982697,0
19 (4).jpg,test\FAKE\19 (4).jpg,0.017521769,0
19 (5).jpg,test\FAKE\19 (5).jpg,0.0,0
19 (6).jpg,test\FAKE\19 (6).jpg,0.0,0
19 (7).jpg,test\FAKE\19 (7).jpg,0.0,0
19 (8).jpg,test\FAKE\19 (8).jpg,8.6426735e-07,0
19 (9).jpg,test\FAKE\19 (9).jpg,0.0,0
19.jpg,test\FAKE\19.jpg,0.0025012493,0
190 (10).jpg,test\FAKE\190 (10).jpg,0.0,0
190 (2).jpg,test\FAKE\190 (2).jpg,9.3489885e-05,0
190 (3).jpg,test\FAKE\190 (3).jpg,0.0031829178,0
190 (4).jpg,test\FAKE\190 (4).jpg,0.0,0
190 (5).jpg,test\FAKE\190 (5).jpg,0.0,0
190 (6).jpg,test\FAKE\190 (6).jpg,0.13945934,0
190 (7).jpg,test\FAKE\190 (7).jpg,4.4703484e-07,0
190 (8).jpg,test\FAKE\190 (8).jpg,0.0,0
190 (9).jpg,test\FAKE\190 (9).jpg,0.0,0
190.jpg,test\FAKE\190.jpg,0.010183692,0
191 (10).jpg,test\FAKE\191 (10).jpg,0.0,0
191 (2).jpg,test\FAKE\191 (2).jpg,0.0,0
191 (3).jpg,test\FAKE\191 (3).jpg,0.0,0
191 (4).jpg,test\FAKE\191 (4).jpg,0.0,0
191 (5).jpg,test\FAKE\191 (5).jpg,2.9802322e-08,0
191 (6).jpg,test\FAKE\191 (6).jpg,9.23872e-07,0
191 (7).jpg,test\FAKE\191 (7).jpg,0.0,0
191 (8).jpg,test\FAKE\191 (8).jpg,0.0,0
191 (9).jpg,test\FAKE\191 (9).jpg,0.0,0
191.jpg,test\FAKE\191.jpg,0.0,0
192 (10).jpg,test\FAKE\192 (10).jpg,0.0,0
192 (2).jpg,test\FAKE\192 (2).jpg,9.655952e-06,0
192 (3).jpg,test\FAKE\192 (3).jpg,0.0,0
192 (4).jpg,test\FAKE\192 (4).jpg,0.0,0
192 (5).jpg,test\FAKE\192 (5).jpg,0.00022798777,0
192 (6).jpg,test\FAKE\192 (6).jpg,0.0,0
192 (7).jpg,test\FAKE\192 (7).jpg,5.9604645e-08,0
192 (8).jpg,test\FAKE\192 (8).jpg,0.0,0
192 (9).jpg,test\FAKE\192 (9).jpg,0.0,0
192.jpg,test\FAKE\192.jpg,0.0,0
193 (10).jpg,test\FAKE\193 (10).jpg,8.940697e-08,0
193 (2).jpg,test\FAKE\193 (2).jpg,0.0,0
193 (3).jpg,test\FAKE\193 (3).jpg,4.2527914e-05,0
193 (4).jpg,test\FAKE\193 (4).jpg,0.0,0
193 (5).jpg,test\FAKE\193 (5).jpg,0.0,0
193 (6).jpg,test\FAKE\193 (6).jpg,0.0,0
193 (7).jpg,test\FAKE\193 (7).jpg,0.0,0
193 (8).jpg,test\FAKE\193 (8).jpg,0.0,0
193 (9).jpg,test\FAKE\193 (9).jpg,0.0,0
193.jpg,test\FAKE\193.jpg,2.0861626e-07,0
194 (10).jpg,test\FAKE\194 (10).jpg,0.0,0
194 (2).jpg,test\FAKE\194 (2).jpg,0.000104784966,0
194 (3).jpg,test\FAKE\194 (3).jpg,2.1874905e-05,0
194 (4).jpg,test\FAKE\194 (4).jpg,5.9604645e-08,0
194 (5).jpg,test\FAKE\194 (5).jpg,0.0,0
194 (6).jpg,test\FAKE\194 (6).jpg,0.0,0
194 (7).jpg,test\FAKE\194 (7).jpg,0.0,0
194 (8).jpg,test\FAKE\194 (8).jpg,0.0,0
194 (9).jpg,test\FAKE\194 (9).jpg,0.0,0
194.jpg,test\FAKE\194.jpg,0.0,0
195 (10).jpg,test\FAKE\195 (10).jpg,2.861023e-06,0
195 (2).jpg,test\FAKE\195 (2).jpg,0.0,0
195 (3).jpg,test\FAKE\195 (3).jpg,0.0,0
195 (4).jpg,test\FAKE\195 (4).jpg,0.0,0
195 (5).jpg,test\FAKE\195 (5).jpg,0.0,0
195 (6).jpg,test\FAKE\195 (6).jpg,0.0,0
195 (7).jpg,test\FAKE\195 (7).jpg,0.0,0
195 (8).jpg,test\FAKE\195 (8).jpg,0.0,0
195 (9).jpg,test\FAKE\195 (9).jpg,7.4505806e-07,0
195.jpg,test\FAKE\195.jpg,1.4901161e-07,0
196 (10).jpg,test\FAKE\196 (10).jpg,0.0009274483,0
196 (2).jpg,test\FAKE\196 (2).jpg,0.0,0
196 (3).jpg,test\FAKE\196 (3).jpg,0.0,0
196 (4).jpg,test\FAKE\196 (4).jpg,0.0,0
196 (5).jpg,test\FAKE\196 (5).jpg,0.0,0
196 (6).jpg,test\FAKE\196 (6).jpg,0.0,0
196 (7).jpg,test\FAKE\196 (7).jpg,0.0,0
196 (8).jpg,test\FAKE\196 (8).jpg,0.0,0
196 (9).jpg,test\FAKE\196 (9).jpg,0.0,0
196.jpg,test\FAKE\196.jpg,0.0,0
197 (10).jpg,test\FAKE\197 (10).jpg,0.0,0
197 (2).jpg,test\FAKE\197 (2).jpg,0.0,0
197 (3).jpg,test\FAKE\197 (3).jpg,0.0,0
197 (4).jpg,test\FAKE\197 (4).jpg,0.0,0
197 (5).jpg,test\FAKE\197 (5).jpg,0.0,0
197 (6).jpg,test\FAKE\197 (6).jpg,0.0,0
197 (7).jpg,test\FAKE\197 (7).jpg,0.0,0
197 (8).jpg,test\FAKE\197 (8).jpg,0.0,0
197 (9).jpg,test\FAKE\197 (9).jpg,0.35333985,0
197.jpg,test\FAKE\197.jpg,0.0,0
198 (10).jpg,test\FAKE\198 (10).jpg,1.0162592e-05,0
198 (2).jpg,test\FAKE\198 (2).jpg,0.0,0
198 (3).jpg,test\FAKE\198 (3).jpg,0.0,0
198 (4).jpg,test\FAKE\198 (4).jpg,0.0,0
198 (5).jpg,test\FAKE\198 (5).jpg,0.0,0
198 (6).jpg,test\FAKE\198 (6).jpg,0.0,0
198 (7).jpg,test\FAKE\198 (7).jpg,0.0,0
198 (8).jpg,test\FAKE\198 (8).jpg,0.0,0
198 (9).jpg,test\FAKE\198 (9).jpg,0.00018757582,0
198.jpg,test\FAKE\198.jpg,2.95043e-06,0
199 (10).jpg,test\FAKE\199 (10).jpg,0.014331222,0
199 (2).jpg,test\FAKE\199 (2).jpg,0.0,0
199 (3).jpg,test\FAKE\199 (3).jpg,0.0,0
199 (4).jpg,test\FAKE\199 (4).jpg,0.0,0
199 (5).jpg,test\FAKE\199 (5).jpg,4.7683716e-07,0
199 (6).jpg,test\FAKE\199 (6).jpg,0.0,0
199 (7).jpg,test\FAKE\199 (7).jpg,0.0,0
199 (8).jpg,test\FAKE\199 (8).jpg,0.0,0
199 (9).jpg,test\FAKE\199 (9).jpg,0.0,0
199.jpg,test\FAKE\199.jpg,0.0,0
2 (10).jpg,test\FAKE\2 (10).jpg,2.682209e-07,0
2 (2).jpg,test\FAKE\2 (2).jpg,0.0,0
2 (3).jpg,test\FAKE\2 (3).jpg,0.0,0
2 (4).jpg,test\FAKE\2 (4).jpg,0.0,0
2 (5).jpg,test\FAKE\2 (5).jpg,0.0,0
2 (6).jpg,test\FAKE\2 (6).jpg,0.0,0
2 (7).jpg,test\FAKE\2 (7).jpg,0.0,0
2 (8).jpg,test\FAKE\2 (8).jpg,0.0,0
2 (9).jpg,test\FAKE\2 (9).jpg,8.940697e-08,0
2.jpg,test\FAKE\2.jpg,1.7881393e-07,0
20 (10).jpg,test\FAKE\20 (10).jpg,0.00032880902,0
20 (2).jpg,test\FAKE\20 (2).jpg,0.0,0
20 (3).jpg,test\FAKE\20 (3).jpg,8.940697e-08,0
20 (4).jpg,test\FAKE\20 (4).jpg,0.0,0
20 (5).jpg,test\FAKE\20 (5).jpg,0.0,0
20 (6).jpg,test\FAKE\20 (6).jpg,2.2113323e-05,0
20 (7).jpg,test\FAKE\20 (7).jpg,2.0861626e-07,0
20 (8).jpg,test\FAKE\20 (8).jpg,0.0,0
20 (9).jpg,test\FAKE\20 (9).jpg,0.0,0
20.jpg,test\FAKE\20.jpg,5.9604645e-08,0
200 (10).jpg,test\FAKE\200 (10).jpg,0.0,0
200 (2).jpg,test\FAKE\200 (2).jpg,0.0,0
200 (3).jpg,test\FAKE\200 (3).jpg,0.0,0
200 (4).jpg,test\FAKE\200 (4).jpg,0.0,0
200 (5).jpg,test\FAKE\200 (5).jpg,0.0,0
200 (6).jpg,test\FAKE\200 (6).jpg,0.0083036125,0
200 (7).jpg,test\FAKE\200 (7).jpg,0.0,0
200 (8).jpg,test\FAKE\200 (8).jpg,0.0,0
200 (9).jpg,test\FAKE\200 (9).jpg,6.854534e-07,0
200.jpg,test\FAKE\200.jpg,0.0,0
201 (10).jpg,test\FAKE\201 (10).jpg,2.682209e-07,0
201 (2).jpg,test\FAKE\201 (2).jpg,2.9802322e-08,0
201 (3).jpg,test\FAKE\201 (3).jpg,0.0,0
201 (4).jpg,test\FAKE\201 (4).jpg,0.0,0
201 (5).jpg,test\FAKE\201 (5).jpg,0.0,0
201 (6).jpg,test\FAKE\201 (6).jpg,0.0,0
201 (7).jpg,test\FAKE\201 (7).jpg,0.0,0
201 (8).jpg,test\FAKE\201 (8).jpg,0.0,0
201 (9).jpg,test\FAKE\201 (9).jpg,0.0,0
201.jpg,test\FAKE\201.jpg,0.0,0
202 (10).jpg,test\FAKE\202 (10).jpg,0.0,0
202 (2).jpg,test\FAKE\202 (2).jpg,1.4901161e-07,0
202 (3).jpg,test\FAKE\202 (3).jpg,2.771616e-06,0
202 (4).jpg,test\FAKE\202 (4).jpg,0.0,0
202 (5).jpg,test\FAKE\202 (5).jpg,0.0,0
202 (6).jpg,test\FAKE\202 (6).jpg,0.0,0
202 (7).jpg,test\FAKE\202 (7).jpg,0.0,0
202 (8).jpg,test\FAKE\202 (8).jpg,0.0,0
202 (9).jpg,test\FAKE\202 (9).jpg,1.8775463e-06,0
202.jpg,test\FAKE\202.jpg,0.0,0
203 (10).jpg,test\FAKE\203 (10).jpg,0.0,0
203 (2).jpg,test\FAKE\203 (2).jpg,0.0,0
203 (3).jpg,test\FAKE\203 (3).jpg,3.963709e-06,0
203 (4).jpg,test\FAKE\203 (4).jpg,2.4437904e-06,0
203 (5).jpg,test\FAKE\203 (5).jpg,0.0,0
203 (6).jpg,test\FAKE\203 (6).jpg,0.0,0
203 (7).jpg,test\FAKE\203 (7).jpg,0.00021538138,0
203 (8).jpg,test\FAKE\203 (8).jpg,0.0,0
203 (9).jpg,test\FAKE\203 (9).jpg,0.0,0
203.jpg,test\FAKE\203.jpg,0.0,0
204 (10).jpg,test\FAKE\204 (10).jpg,0.0,0
204 (2).jpg,test\FAKE\204 (2).jpg,0.0,0
204 (3).jpg,test\FAKE\204 (3).jpg,3.874302e-07,0
204 (4).jpg,test\FAKE\204 (4).jpg,0.0,0
204 (5).jpg,test\FAKE\204 (5).jpg,0.0,0
204 (6).jpg,test\FAKE\204 (6).jpg,0.0,0
204 (7).jpg,test\FAKE\204 (7).jpg,0.0,0
204 (8).jpg,test\FAKE\204 (8).jpg,0.0,0
204 (9).jpg,test\FAKE\204 (9).jpg,0.0,0
204.jpg,test\FAKE\204.jpg,0.0,0
205 (10).jpg,test\FAKE\205 (10).jpg,5.632639e-06,0
205 (2).jpg,test\FAKE\205 (2).jpg,0.0,0
205 (3).jpg,test\FAKE\205 (3).jpg,9.614229e-05,0
205 (4).jpg,test\FAKE\205 (4).jpg,0.0,0
205 (5).jpg,test\FAKE\205 (5).jpg,0.0,0
205 (6).jpg,test\FAKE\205 (6).jpg,0.0,0
205 (7).jpg,test\FAKE\205 (7).jpg,9.775162e-06,0
205 (8).jpg,test\FAKE\205 (8).jpg,0.0,0
205 (9).jpg,test\FAKE\205 (9).jpg,5.9604645e-08,0
205.jpg,test\FAKE\205.jpg,0.0,0
206 (10).jpg,test\FAKE\206 (10).jpg,5.7071447e-05,0
206 (2).jpg,test\FAKE\206 (2).jpg,0.0,0
206 (3).jpg,test\FAKE\206 (3).jpg,0.046611935,0
206 (4).jpg,test\FAKE\206 (4).jpg,0.0,0
206 (5).jpg,test\FAKE\206 (5).jpg,0.0,0
206 (6).jpg,test\FAKE\206 (6).jpg,0.0,0
206 (7).jpg,test\FAKE\206 (7).jpg,0.0,0
206 (8).jpg,test\FAKE\206 (8).jpg,4.172325e-07,0
206 (9).jpg,test\FAKE\206 (9).jpg,1.2814999e-06,0
206.jpg,test\FAKE\206.jpg,0.0,0
207 (10).jpg,test\FAKE\207 (10).jpg,0.0,0
207 (2).jpg,test\FAKE\207 (2).jpg,0.0,0
207 (3).jpg,test\FAKE\207 (3).jpg,7.3462725e-05,0
207 (4).jpg,test\FAKE\207 (4).jpg,0.0,0
207 (5).jpg,test\FAKE\207 (5).jpg,0.0,0
207 (6).jpg,test\FAKE\207 (6).jpg,5.9604645e-08,0
207 (7).jpg,test\FAKE\207 (7).jpg,0.0,0
207 (8).jpg,test\FAKE\207 (8).jpg,0.0,0
207 (9).jpg,test\FAKE\207 (9).jpg,0.0,0
207.jpg,test\FAKE\207.jpg,0.0,0
208 (10).jpg,test\FAKE\208 (10).jpg,0.0,0
208 (2).jpg,test\FAKE\208 (2).jpg,0.0,0
208 (3).jpg,test\FAKE\208 (3).jpg,0.00022393465,0
208 (4).jpg,test\FAKE\208 (4).jpg,0.0,0
208 (5).jpg,test\FAKE\208 (5).jpg,0.0,0
208 (6).jpg,test\FAKE\208 (6).jpg,0.0,0
208 (7).jpg,test\FAKE\208 (7).jpg,8.6426735e-06,0
208 (8).jpg,test\FAKE\208 (8).jpg,0.0,0
208 (9).jpg,test\FAKE\208 (9).jpg,2.8908253e-06,0
208.jpg,test\FAKE\208.jpg,0.0,0
209 (10).jpg,test\FAKE\209 (10).jpg,0.0,0
209 (2).jpg,test\FAKE\209 (2).jpg,0.0,0
209 (3).jpg,test\FAKE\209 (3).jpg,0.0,0
209 (4).jpg,test\FAKE\209 (4).jpg,0.0,0
209 (5).jpg,test\FAKE\209 (5).jpg,5.364418e-07,0
209 (6).jpg,test\FAKE\209 (6).jpg,0.0,0
209 (7).jpg,test\FAKE\209 (7).jpg,0.0,0
209 (8).jpg,test\FAKE\209 (8).jpg,0.07223758,0
209 (9).jpg,test\FAKE\209 (9).jpg,1.4901161e-07,0
209.jpg,test\FAKE\209.jpg,0.0,0
21 (10).jpg,test\FAKE\21 (10).jpg,4.4703484e-07,0
21 (2).jpg,test\FAKE\21 (2).jpg,0.0,0
21 (3).jpg,test\FAKE\21 (3).jpg,4.172325e-07,0
21 (4).jpg,test\FAKE\21 (4).jpg,0.0,0
21 (5).jpg,test\FAKE\21 (5).jpg,0.0,0
21 (6).jpg,test\FAKE\21 (6).jpg,0.0,0
21 (7).jpg,test\FAKE\21 (7).jpg,0.0,0
21 (8).jpg,test\FAKE\21 (8).jpg,0.00012663007,0
21 (9).jpg,test\FAKE\21 (9).jpg,5.7816505e-06,0
21.jpg,test\FAKE\21.jpg,4.7683716e-07,0
210 (10).jpg,test\FAKE\210 (10).jpg,1.1920929e-07,0
210 (2).jpg,test\FAKE\210 (2).jpg,0.0,0
210 (3).jpg,test\FAKE\210 (3).jpg,2.3841858e-07,0
210 (4).jpg,test\FAKE\210 (4).jpg,2.0861626e-07,0
210 (5).jpg,test\FAKE\210 (5).jpg,0.0,0
210 (6).jpg,test\FAKE\210 (6).jpg,0.0,0
210 (7).jpg,test\FAKE\210 (7).jpg,0.0,0
210 (8).jpg,test\FAKE\210 (8).jpg,0.0,0
210 (9).jpg,test\FAKE\210 (9).jpg,5.9604645e-08,0
210.jpg,test\FAKE\210.jpg,9.328127e-06,0
211 (10).jpg,test\FAKE\211 (10).jpg,0.0,0
211 (2).jpg,test\FAKE\211 (2).jpg,0.0,0
211 (3).jpg,test\FAKE\211 (3).jpg,1.1920929e-06,0
211 (4).jpg,test\FAKE\211 (4).jpg,0.0,0
211 (5).jpg,test\FAKE\211 (5).jpg,5.9604645e-08,0
211 (6).jpg,test\FAKE\211 (6).jpg,1.2069941e-05,0
211 (7).jpg,test\FAKE\211 (7).jpg,0.0,0
211 (8).jpg,test\FAKE\211 (8).jpg,0.98257923,1
211 (9).jpg,test\FAKE\211 (9).jpg,0.0,0
211.jpg,test\FAKE\211.jpg,0.0,0
212 (10).jpg,test\FAKE\212 (10).jpg,0.0,0
212 (2).jpg,test\FAKE\212 (2).jpg,0.0,0
212 (3).jpg,test\FAKE\212 (3).jpg,0.00052183867,0
212 (4).jpg,test\FAKE\212 (4).jpg,0.0,0
212 (5).jpg,test\FAKE\212 (5).jpg,0.0,0
212 (6).jpg,test\FAKE\212 (6).jpg,3.5762787e-07,0
212 (7).jpg,test\FAKE\212 (7).jpg,1.2516975e-06,0
212 (8).jpg,test\FAKE\212 (8).jpg,0.0,0
212 (9).jpg,test\FAKE\212 (9).jpg,1.0281801e-05,0
212.jpg,test\FAKE\212.jpg,0.0,0
213 (10).jpg,test\FAKE\213 (10).jpg,0.0,0
213 (2).jpg,test\FAKE\213 (2).jpg,0.0,0
213 (3).jpg,test\FAKE\213 (3).jpg,0.19055608,0
213 (4).jpg,test\FAKE\213 (4).jpg,0.0017611384,0
213 (5).jpg,test\FAKE\213 (5).jpg,0.0,0
213 (6).jpg,test\FAKE\213 (6).jpg,4.4703484e-07,0
213 (7).jpg,test\FAKE\213 (7).jpg,1.8507242e-05,0
213 (8).jpg,test\FAKE\213 (8).jpg,0.00056040287,0
213 (9).jpg,test\FAKE\213 (9).jpg,0.0,0
213.jpg,test\FAKE\213.jpg,0.0,0
214 (10).jpg,test\FAKE\214 (10).jpg,2.9802322e-07,0
214 (2).jpg,test\FAKE\214 (2).jpg,0.0,0
214 (3).jpg,test\FAKE\214 (3).jpg,4.8726797e-05,0
214 (4).jpg,test\FAKE\214 (4).jpg,0.0,0
214 (5).jpg,test\FAKE\214 (5).jpg,2.9802322e-08,0
214 (6).jpg,test\FAKE\214 (6).jpg,0.0,0
214 (7).jpg,test\FAKE\214 (7).jpg,0.0,0
214 (8).jpg,test\FAKE\214 (8).jpg,0.0,0
214 (9).jpg,test\FAKE\214 (9).jpg,0.0,0
214.jpg,test\FAKE\214.jpg,0.0,0
215 (10).jpg,test\FAKE\215 (10).jpg,0.0,0
215 (2).jpg,test\FAKE\215 (2).jpg,0.0,0
215 (3).jpg,test\FAKE\215 (3).jpg,0.09996843,0
215 (4).jpg,test\FAKE\215 (4).jpg,3.8146973e-06,0
215 (5).jpg,test\FAKE\215 (5).jpg,0.0,0
215 (6).jpg,test\FAKE\215 (6).jpg,0.0,0
215 (7).jpg,test\FAKE\215 (7).jpg,0.0,0
215 (8).jpg,test\FAKE\215 (8).jpg,0.0,0
215 (9).jpg,test\FAKE\215 (9).jpg,9.983778e-06,0
215.jpg,test\FAKE\215.jpg,0.0,0
216 (10).jpg,test\FAKE\216 (10).jpg,0.0,0
216 (2).jpg,test\FAKE\216 (2).jpg,0.05014071,0
216 (3).jpg,test\FAKE\216 (3).jpg,1.4901161e-07,0
216 (4).jpg,test\FAKE\216 (4).jpg,0.0,0
216 (5).jpg,test\FAKE\216 (5).jpg,0.0,0
216 (6).jpg,test\FAKE\216 (6).jpg,0.0,0
216 (7).jpg,test\FAKE\216 (7).jpg,0.0,0
216 (8).jpg,test\FAKE\216 (8).jpg,0.0,0
216 (9).jpg,test\FAKE\216 (9).jpg,2.3841858e-07,0
216.jpg,test\FAKE\216.jpg,0.0,0
217 (10).jpg,test\FAKE\217 (10).jpg,0.0,0
217 (2).jpg,test\FAKE\217 (2).jpg,3.6358833e-06,0
217 (3).jpg,test\FAKE\217 (3).jpg,0.0,0
217 (4).jpg,test\FAKE\217 (4).jpg,0.0,0
217 (5).jpg,test\FAKE\217 (5).jpg,0.0,0
217 (6).jpg,test\FAKE\217 (6).jpg,0.0,0
217 (7).jpg,test\FAKE\217 (7).jpg,0.0009920299,0
217 (8).jpg,test\FAKE\217 (8).jpg,0.0,0
217 (9).jpg,test\FAKE\217 (9).jpg,5.185604e-06,0
217.jpg,test\FAKE\217.jpg,0.0,0
218 (10).jpg,test\FAKE\218 (10).jpg,0.0,0
218 (2).jpg,test\FAKE\218 (2).jpg,0.0,0
218 (3).jpg,test\FAKE\218 (3).jpg,8.940697e-08,0
218 (4).jpg,test\FAKE\218 (4).jpg,0.0,0
218 (5).jpg,test\FAKE\218 (5).jpg,0.0,0
218 (6).jpg,test\FAKE\218 (6).jpg,0.0,0
218 (7).jpg,test\FAKE\218 (7).jpg,0.0,0
218 (8).jpg,test\FAKE\218 (8).jpg,0.0,0
218 (9).jpg,test\FAKE\218 (9).jpg,0.004696369,0
218.jpg,test\FAKE\218.jpg,0.0,0
219 (10).jpg,test\FAKE\219 (10).jpg,2.9206276e-06,0
219 (2).jpg,test\FAKE\219 (2).jpg,0.0,0
219 (3).jpg,test\FAKE\219 (3).jpg,0.021255642,0
219 (4).jpg,test\FAKE\219 (4).jpg,0.0,0
219 (5).jpg,test\FAKE\219 (5).jpg,0.0,0
219 (6).jpg,test\FAKE\219 (6).jpg,3.0398369e-06,0
219 (7).jpg,test\FAKE\219 (7).jpg,0.0,0
219 (8).jpg,test\FAKE\219 (8).jpg,0.0,0
219 (9).jpg,test\FAKE\219 (9).jpg,0.019437939,0
219.jpg,test\FAKE\219.jpg,0.0,0
22 (10).jpg,test\FAKE\22 (10).jpg,0.0,0
22 (2).jpg,test\FAKE\22 (2).jpg,0.0,0
22 (3).jpg,test\FAKE\22 (3).jpg,0.025501788,0
22 (4).jpg,test\FAKE\22 (4).jpg,0.0,0
22 (5).jpg,test\FAKE\22 (5).jpg,0.0,0
22 (6).jpg,test\FAKE\22 (6).jpg,0.0,0
22 (7).jpg,test\FAKE\22 (7).jpg,0.0,0
22 (8).jpg,test\FAKE\22 (8).jpg,0.0,0
22 (9).jpg,test\FAKE\22 (9).jpg,0.0,0
22.jpg,test\FAKE\22.jpg,4.23491e-05,0
220 (10).jpg,test\FAKE\220 (10).jpg,0.0,0
220 (2).jpg,test\FAKE\220 (2).jpg,0.0,0
220 (3).jpg,test\FAKE\220 (3).jpg,0.0,0
220 (4).jpg,test\FAKE\220 (4).jpg,0.0,0
220 (5).jpg,test\FAKE\220 (5).jpg,0.0,0
220 (6).jpg,test\FAKE\220 (6).jpg,5.5104494e-05,0
220 (7).jpg,test\FAKE\220 (7).jpg,0.0,0
220 (8).jpg,test\FAKE\220 (8).jpg,5.751848e-06,0
220 (9).jpg,test\FAKE\220 (9).jpg,0.0,0
220.jpg,test\FAKE\220.jpg,8.940697e-08,0
221 (10).jpg,test\FAKE\221 (10).jpg,0.0050999224,0
221 (2).jpg,test\FAKE\221 (2).jpg,0.0,0
221 (3).jpg,test\FAKE\221 (3).jpg,0.0,0
221 (4).jpg,test\FAKE\221 (4).jpg,0.0,0
221 (5).jpg,test\FAKE\221 (5).jpg,1.6391277e-06,0
221 (6).jpg,test\FAKE\221 (6).jpg,0.0,0
221 (7).jpg,test\FAKE\221 (7).jpg,0.0,0
221 (8).jpg,test\FAKE\221 (8).jpg,9.23872e-07,0
221 (9).jpg,test\FAKE\221 (9).jpg,0.0,0
221.jpg,test\FAKE\221.jpg,0.0,0
222 (10).jpg,test\FAKE\222 (10).jpg,0.0,0
222 (2).jpg,test\FAKE\222 (2).jpg,0.0,0
222 (3).jpg,test\FAKE\222 (3).jpg,0.046934158,0
222 (4).jpg,test\FAKE\222 (4).jpg,0.0,0
222 (5).jpg,test\FAKE\222 (5).jpg,0.0,0
222 (6).jpg,test\FAKE\222 (6).jpg,0.0,0
222 (7).jpg,test\FAKE\222 (7).jpg,0.0,0
222 (8).jpg,test\FAKE\222 (8).jpg,0.0,0
222 (9).jpg,test\FAKE\222 (9).jpg,0.0,0
222.jpg,test\FAKE\222.jpg,8.940697e-08,0
223 (10).jpg,test\FAKE\223 (10).jpg,0.0,0
223 (2).jpg,test\FAKE\223 (2).jpg,0.0,0
223 (3).jpg,test\FAKE\223 (3).jpg,0.08807531,0
223 (4).jpg,test\FAKE\223 (4).jpg,0.0,0
223 (5).jpg,test\FAKE\223 (5).jpg,0.0,0
223 (6).jpg,test\FAKE\223 (6).jpg,2.9802322e-08,0
223 (7).jpg,test\FAKE\223 (7).jpg,0.0,0
223 (8).jpg,test\FAKE\223 (8).jpg,0.0,0
223 (9).jpg,test\FAKE\223 (9).jpg,0.0,0
223.jpg,test\FAKE\223.jpg,2.771616e-06,0
224 (10).jpg,test\FAKE\224 (10).jpg,0.0,0
224 (2).jpg,test\FAKE\224 (2).jpg,0.0,0
224 (3).jpg,test\FAKE\224 (3).jpg,0.44281814,0
224 (4).jpg,test\FAKE\224 (4).jpg,0.0,0
224 (5).jpg,test\FAKE\224 (5).jpg,0.0,0
224 (6).jpg,test\FAKE\224 (6).jpg,0.0,0
224 (7).jpg,test\FAKE\224 (7).jpg,0.0,0
224 (8).jpg,test\FAKE\224 (8).jpg,0.0,0
224 (9).jpg,test\FAKE\224 (9).jpg,0.0,0
224.jpg,test\FAKE\224.jpg,0.0,0
225 (10).jpg,test\FAKE\225 (10).jpg,2.9802322e-08,0
225 (2).jpg,test\FAKE\225 (2).jpg,0.0,0
225 (3).jpg,test\FAKE\225 (3).jpg,0.007384151,0
225 (4).jpg,test\FAKE\225 (4).jpg,1.847744e-06,0
225 (5).jpg,test\FAKE\225 (5).jpg,0.0,0
225 (6).jpg,test\FAKE\225 (6).jpg,0.0,0
225 (7).jpg,test\FAKE\225 (7).jpg,0.0,0
225 (8).jpg,test\FAKE\225 (8).jpg,2.7418137e-06,0
225 (9).jpg,test\FAKE\225 (9).jpg,0.0,0
225.jpg,test\FAKE\225.jpg,0.0,0
226 (10).jpg,test\FAKE\226 (10).jpg,0.0,0
226 (2).jpg,test\FAKE\226 (2).jpg,0.0,0
226 (3).jpg,test\FAKE\226 (3).jpg,0.0,0
226 (4).jpg,test\FAKE\226 (4).jpg,0.0,0
226 (5).jpg,test\FAKE\226 (5).jpg,0.0,0
226 (6).jpg,test\FAKE\226 (6).jpg,0.0,0
226 (7).jpg,test\FAKE\226 (7).jpg,0.0,0
226 (8).jpg,test\FAKE\226 (8).jpg,0.0,0
226 (9).jpg,test\FAKE\226 (9).jpg,1.4901161e-07,0
226.jpg,test\FAKE\226.jpg,0.0,0
227 (10).jpg,test\FAKE\227 (10).jpg,0.0,0
227 (2).jpg,test\FAKE\227 (2).jpg,0.0,0
227 (3).jpg,test\FAKE\227 (3).jpg,0.014844328,0
227 (4).jpg,test\FAKE\227 (4).jpg,0.0,0
227 (5).jpg,test\FAKE\227 (5).jpg,0.0,0
227 (6).jpg,test\FAKE\227 (6).jpg,0.0,0
227 (7).jpg,test\FAKE\227 (7).jpg,0.0,0
227 (8).jpg,test\FAKE\227 (8).jpg,0.0,0
227 (9).jpg,test\FAKE\227 (9).jpg,0.0,0
227.jpg,test\FAKE\227.jpg,0.0,0
228 (10).jpg,test\FAKE\228 (10).jpg,0.0,0
228 (2).jpg,test\FAKE\228 (2).jpg,0.0,0
228 (3).jpg,test\FAKE\228 (3).jpg,0.0,0
228 (4).jpg,test\FAKE\228 (4).jpg,0.0,0
228 (5).jpg,test\FAKE\228 (5).jpg,0.0,0
228 (6).jpg,test\FAKE\228 (6).jpg,1.13248825e-05,0
228 (7).jpg,test\FAKE\228 (7).jpg,0.0,0
228 (8).jpg,test\FAKE\228 (8).jpg,0.0,0
228 (9).jpg,test\FAKE\228 (9).jpg,0.006954998,0
228.jpg,test\FAKE\228.jpg,0.0,0
229 (10).jpg,test\FAKE\229 (10).jpg,0.0,0
229 (2).jpg,test\FAKE\229 (2).jpg,0.0,0
229 (3).jpg,test\FAKE\229 (3).jpg,8.940697e-08,0
229 (4).jpg,test\FAKE\229 (4).jpg,0.0,0
229 (5).jpg,test\FAKE\229 (5).jpg,0.0,0
229 (6).jpg,test\FAKE\229 (6).jpg,0.0,0
229 (7).jpg,test\FAKE\229 (7).jpg,0.0,0
229 (8).jpg,test\FAKE\229 (8).jpg,0.091701746,0
229 (9).jpg,test\FAKE\229 (9).jpg,6.2584877e-07,0
229.jpg,test\FAKE\229.jpg,1.385808e-05,0
23 (10).jpg,test\FAKE\23 (10).jpg,0.0005117655,0
23 (2).jpg,test\FAKE\23 (2).jpg,0.0,0
23 (3).jpg,test\FAKE\23 (3).jpg,2.682209e-07,0
23 (4).jpg,test\FAKE\23 (4).jpg,0.0,0
23 (5).jpg,test\FAKE\23 (5).jpg,0.0,0
23 (6).jpg,test\FAKE\23 (6).jpg,1.579523e-05,0
23 (7).jpg,test\FAKE\23 (7).jpg,0.0,0
23 (8).jpg,test\FAKE\23 (8).jpg,0.0,0
23 (9).jpg,test\FAKE\23 (9).jpg,0.0,0
23.jpg,test\FAKE\23.jpg,0.0009275973,0
230 (10).jpg,test\FAKE\230 (10).jpg,0.0,0
230 (2).jpg,test\FAKE\230 (2).jpg,0.0,0
230 (3).jpg,test\FAKE\230 (3).jpg,9.536743e-06,0
230 (4).jpg,test\FAKE\230 (4).jpg,0.0013242662,0
230 (5).jpg,test\FAKE\230 (5).jpg,5.9604645e-08,0
230 (6).jpg,test\FAKE\230 (6).jpg,0.0,0
230 (7).jpg,test\FAKE\230 (7).jpg,0.0,0
230 (8).jpg,test\FAKE\230 (8).jpg,0.0,0
230 (9).jpg,test\FAKE\230 (9).jpg,0.0,0
230.jpg,test\FAKE\230.jpg,0.0,0
231 (10).jpg,test\FAKE\231 (10).jpg,0.0,0
231 (2).jpg,test\FAKE\231 (2).jpg,0.0,0
231 (3).jpg,test\FAKE\231 (3).jpg,0.0,0
231 (4).jpg,test\FAKE\231 (4).jpg,2.1338463e-05,0
231 (5).jpg,test\FAKE\231 (5).jpg,0.0,0
231 (6).jpg,test\FAKE\231 (6).jpg,0.0,0
231 (7).jpg,test\FAKE\231 (7).jpg,0.0,0
231 (8).jpg,test\FAKE\231 (8).jpg,0.0,0
231 (9).jpg,test\FAKE\231 (9).jpg,0.0,0
231.jpg,test\FAKE\231.jpg,5.453825e-05,0
232 (10).jpg,test\FAKE\232 (10).jpg,0.0,0
232 (2).jpg,test\FAKE\232 (2).jpg,0.0,0
232 (3).jpg,test\FAKE\232 (3).jpg,0.0,0
232 (4).jpg,test\FAKE\232 (4).jpg,0.0,0
232 (5).jpg,test\FAKE\232 (5).jpg,0.0,0
232 (6).jpg,test\FAKE\232 (6).jpg,0.0,0
232 (7).jpg,test\FAKE\232 (7).jpg,0.0,0
232 (8).jpg,test\FAKE\232 (8).jpg,0.0,0
232 (9).jpg,test\FAKE\232 (9).jpg,0.0,0
232.jpg,test\FAKE\232.jpg,0.054330915,0
233 (10).jpg,test\FAKE\233 (10).jpg,0.0,0
233 (2).jpg,test\FAKE\233 (2).jpg,0.0,0
233 (3).jpg,test\FAKE\233 (3).jpg,0.0,0
233 (4).jpg,test\FAKE\233 (4).jpg,0.0,0
233 (5).jpg,test\FAKE\233 (5).jpg,0.0,0
233 (6).jpg,test\FAKE\233 (6).jpg,0.0,0
233 (7).jpg,test\FAKE\233 (7).jpg,0.0,0
233 (8).jpg,test\FAKE\233 (8).jpg,0.0,0
233 (9).jpg,test\FAKE\233 (9).jpg,0.0,0
233.jpg,test\FAKE\233.jpg,0.0,0
234 (10).jpg,test\FAKE\234 (10).jpg,0.0,0
234 (2).jpg,test\FAKE\234 (2).jpg,0.0,0
234 (3).jpg,test\FAKE\234 (3).jpg,0.0,0
234 (4).jpg,test\FAKE\234 (4).jpg,8.940697e-06,0
234 (5).jpg,test\FAKE\234 (5).jpg,0.0,0
234 (6).jpg,test\FAKE\234 (6).jpg,0.0,0
234 (7).jpg,test\FAKE\234 (7).jpg,0.0,0
234 (8).jpg,test\FAKE\234 (8).jpg,4.172325e-06,0
234 (9).jpg,test\FAKE\234 (9).jpg,2.9802322e-07,0
234.jpg,test\FAKE\234.jpg,0.2279703,0
235 (10).jpg,test\FAKE\235 (10).jpg,0.0,0
235 (2).jpg,test\FAKE\235 (2).jpg,0.0,0
235 (3).jpg,test\FAKE\235 (3).jpg,0.0023130476,0
235 (4).jpg,test\FAKE\235 (4).jpg,4.631281e-05,0
235 (5).jpg,test\FAKE\235 (5).jpg,0.0,0
235 (6).jpg,test\FAKE\235 (6).jpg,0.0,0
235 (7).jpg,test\FAKE\235 (7).jpg,0.0,0
235 (8).jpg,test\FAKE\235 (8).jpg,0.0,0
235 (9).jpg,test\FAKE\235 (9).jpg,0.0010844767,0
235.jpg,test\FAKE\235.jpg,0.0,0
236 (10).jpg,test\FAKE\236 (10).jpg,0.0,0
236 (2).jpg,test\FAKE\236 (2).jpg,2.3841858e-07,0
236 (3).jpg,test\FAKE\236 (3).jpg,0.0,0
236 (4).jpg,test\FAKE\236 (4).jpg,0.0,0
236 (5).jpg,test\FAKE\236 (5).jpg,0.0,0
236 (6).jpg,test\FAKE\236 (6).jpg,0.0,0
236 (7).jpg,test\FAKE\236 (7).jpg,0.0,0
236 (8).jpg,test\FAKE\236 (8).jpg,0.0,0
236 (9).jpg,test\FAKE\236 (9).jpg,0.0,0
236.jpg,test\FAKE\236.jpg,0.16819888,0
237 (10).jpg,test\FAKE\237 (10).jpg,0.0,0
237 (2).jpg,test\FAKE\237 (2).jpg,0.0,0
237 (3).jpg,test\FAKE\237 (3).jpg,0.016616762,0
237 (4).jpg,test\FAKE\237 (4).jpg,5.364418e-07,0
237 (5).jpg,test\FAKE\237 (5).jpg,0.0,0
237 (6).jpg,test\FAKE\237 (6).jpg,0.0,0
237 (7).jpg,test\FAKE\237 (7).jpg,0.0,0
237 (8).jpg,test\FAKE\237 (8).jpg,0.0,0
237 (9).jpg,test\FAKE\237 (9).jpg,0.0,0
237.jpg,test\FAKE\237.jpg,0.0,0
238 (10).jpg,test\FAKE\238 (10).jpg,0.0,0
238 (2).jpg,test\FAKE\238 (2).jpg,5.9604645e-08,0
238 (3).jpg,test\FAKE\238 (3).jpg,1.9073486e-06,0
238 (4).jpg,test\FAKE\238 (4).jpg,0.0,0
238 (5).jpg,test\FAKE\238 (5).jpg,5.9604645e-08,0
238 (6).jpg,test\FAKE\238 (6).jpg,0.0,0
238 (7).jpg,test\FAKE\238 (7).jpg,0.0,0
238 (8).jpg,test\FAKE\238 (8).jpg,0.0,0
238 (9).jpg,test\FAKE\238 (9).jpg,1.1920929e-07,0
238.jpg,test\FAKE\238.jpg,0.07029545,0
239 (10).jpg,test\FAKE\239 (10).jpg,0.0,0
239 (2).jpg,test\FAKE\239 (2).jpg,0.0,0
239 (3).jpg,test\FAKE\239 (3).jpg,0.01224491,0
239 (4).jpg,test\FAKE\239 (4).jpg,0.0,0
239 (5).jpg,test\FAKE\239 (5).jpg,0.0,0
239 (6).jpg,test\FAKE\239 (6).jpg,0.0,0
239 (7).jpg,test\FAKE\239 (7).jpg,0.0,0
239 (8).jpg,test\FAKE\239 (8).jpg,1.7881393e-07,0
239 (9).jpg,test\FAKE\239 (9).jpg,3.784895e-06,0
239.jpg,test\FAKE\239.jpg,0.0,0
24 (10).jpg,test\FAKE\24 (10).jpg,0.0,0
24 (2).jpg,test\FAKE\24 (2).jpg,0.0,0
24 (3).jpg,test\FAKE\24 (3).jpg,0.0,0
24 (4).jpg,test\FAKE\24 (4).jpg,0.0,0
24 (5).jpg,test\FAKE\24 (5).jpg,0.0,0
24 (6).jpg,test\FAKE\24 (6).jpg,0.0,0
24 (7).jpg,test\FAKE\24 (7).jpg,0.0,0
24 (8).jpg,test\FAKE\24 (8).jpg,0.0002654791,0
24 (9).jpg,test\FAKE\24 (9).jpg,0.0016733706,0
24.jpg,test\FAKE\24.jpg,0.0,0
240 (10).jpg,test\FAKE\240 (10).jpg,4.4703484e-07,0
240 (2).jpg,test\FAKE\240 (2).jpg,0.0,0
240 (3).jpg,test\FAKE\240 (3).jpg,0.0,0
240 (4).jpg,test\FAKE\240 (4).jpg,0.0,0
240 (5).jpg,test\FAKE\240 (5).jpg,6.2584877e-07,0
240 (6).jpg,test\FAKE\240 (6).jpg,3.4570694e-06,0
240 (7).jpg,test\FAKE\240 (7).jpg,0.0,0
240 (8).jpg,test\FAKE\240 (8).jpg,0.0,0
240 (9).jpg,test\FAKE\240 (9).jpg,0.11096245,0
240.jpg,test\FAKE\240.jpg,0.19639602,0
241 (10).jpg,test\FAKE\241 (10).jpg,0.0,0
241 (2).jpg,test\FAKE\241 (2).jpg,0.0,0
241 (3).jpg,test\FAKE\241 (3).jpg,0.0,0
241 (4).jpg,test\FAKE\241 (4).jpg,0.0,0
241 (5).jpg,test\FAKE\241 (5).jpg,5.9604645e-08,0
241 (6).jpg,test\FAKE\241 (6).jpg,0.0,0
241 (7).jpg,test\FAKE\241 (7).jpg,0.0,0
241 (8).jpg,test\FAKE\241 (8).jpg,0.0,0
241 (9).jpg,test\FAKE\241 (9).jpg,0.0,0
241.jpg,test\FAKE\241.jpg,0.0,0
242 (10).jpg,test\FAKE\242 (10).jpg,0.0,0
242 (2).jpg,test\FAKE\242 (2).jpg,0.0027858615,0
242 (3).jpg,test\FAKE\242 (3).jpg,2.9802322e-08,0
242 (4).jpg,test\FAKE\242 (4).jpg,0.0,0
242 (5).jpg,test\FAKE\242 (5).jpg,1.4603138e-06,0
242 (6).jpg,test\FAKE\242 (6).jpg,0.0,0
242 (7).jpg,test\FAKE\242 (7).jpg,0.0,0
242 (8).jpg,test\FAKE\242 (8).jpg,0.0,0
242 (9).jpg,test\FAKE\242 (9).jpg,0.00026279688,0
242.jpg,test\FAKE\242.jpg,0.0,0
243 (10).jpg,test\FAKE\243 (10).jpg,0.0,0
243 (2).jpg,test\FAKE\243 (2).jpg,0.0,0
243 (3).jpg,test\FAKE\243 (3).jpg,0.002870977,0
243 (4).jpg,test\FAKE\243 (4).jpg,0.0043739676,0
243 (5).jpg,test\FAKE\243 (5).jpg,0.24603775,0
243 (6).jpg,test\FAKE\243 (6).jpg,0.0,0
243 (7).jpg,test\FAKE\243 (7).jpg,0.0,0
243 (8).jpg,test\FAKE\243 (8).jpg,0.0,0
243 (9).jpg,test\FAKE\243 (9).jpg,0.0,0
243.jpg,test\FAKE\243.jpg,3.260374e-05,0
244 (10).jpg,test\FAKE\244 (10).jpg,0.0,0
244 (2).jpg,test\FAKE\244 (2).jpg,0.0,0
244 (3).jpg,test\FAKE\244 (3).jpg,0.0,0
244 (4).jpg,test\FAKE\244 (4).jpg,2.771616e-06,0
244 (5).jpg,test\FAKE\244 (5).jpg,0.0,0
244 (6).jpg,test\FAKE\244 (6).jpg,1.4901161e-07,0
244 (7).jpg,test\FAKE\244 (7).jpg,0.0,0
244 (8).jpg,test\FAKE\244 (8).jpg,2.6226044e-06,0
244 (9).jpg,test\FAKE\244 (9).jpg,0.0,0
244.jpg,test\FAKE\244.jpg,0.0,0
245 (10).jpg,test\FAKE\245 (10).jpg,0.0,0
245 (2).jpg,test\FAKE\245 (2).jpg,0.0,0
245 (3).jpg,test\FAKE\245 (3).jpg,0.0,0
245 (4).jpg,test\FAKE\245 (4).jpg,1.1920929e-06,0
245 (5).jpg,test\FAKE\245 (5).jpg,0.0,0
245 (6).jpg,test\FAKE\245 (6).jpg,0.0,0
245 (7).jpg,test\FAKE\245 (7).jpg,0.0,0
245 (8).jpg,test\FAKE\245 (8).jpg,5.9604645e-08,0
245 (9).jpg,test\FAKE\245 (9).jpg,2.2649765e-06,0
245.jpg,test\FAKE\245.jpg,1.3113022e-06,0
246 (10).jpg,test\FAKE\246 (10).jpg,0.0,0
246 (2).jpg,test\FAKE\246 (2).jpg,0.0,0
246 (3).jpg,test\FAKE\246 (3).jpg,0.0,0
246 (4).jpg,test\FAKE\246 (4).jpg,5.9604645e-08,0
246 (5).jpg,test\FAKE\246 (5).jpg,0.0,0
246 (6).jpg,test\FAKE\246 (6).jpg,0.0,0
246 (7).jpg,test\FAKE\246 (7).jpg,8.904934e-05,0
246 (8).jpg,test\FAKE\246 (8).jpg,0.0,0
246 (9).jpg,test\FAKE\246 (9).jpg,1.3202429e-05,0
246.jpg,test\FAKE\246.jpg,0.0,0
247 (10).jpg,test\FAKE\247 (10).jpg,0.021262527,0
247 (2).jpg,test\FAKE\247 (2).jpg,8.940697e-08,0
247 (3).jpg,test\FAKE\247 (3).jpg,0.0,0
247 (4).jpg,test\FAKE\247 (4).jpg,2.8848648e-05,0
247 (5).jpg,test\FAKE\247 (5).jpg,0.00012719631,0
247 (6).jpg,test\FAKE\247 (6).jpg,0.0,0
247 (7).jpg,test\FAKE\247 (7).jpg,0.0,0
247 (8).jpg,test\FAKE\247 (8).jpg,0.0,0
247 (9).jpg,test\FAKE\247 (9).jpg,0.033178836,0
247.jpg,test\FAKE\247.jpg,0.0,0
248 (10).jpg,test\FAKE\248 (10).jpg,0.0,0
248 (2).jpg,test\FAKE\248 (2).jpg,0.0,0
248 (3).jpg,test\FAKE\248 (3).jpg,0.063206375,0
248 (4).jpg,test\FAKE\248 (4).jpg,0.0,0
248 (5).jpg,test\FAKE\248 (5).jpg,0.0687719,0
248 (6).jpg,test\FAKE\248 (6).jpg,1.5199184e-06,0
248 (7).jpg,test\FAKE\248 (7).jpg,0.0,0
248 (8).jpg,test\FAKE\248 (8).jpg,0.0,0
248 (9).jpg,test\FAKE\248 (9).jpg,0.0,0
248.jpg,test\FAKE\248.jpg,0.0,0
249 (10).jpg,test\FAKE\249 (10).jpg,0.0,0
249 (2).jpg,test\FAKE\249 (2).jpg,0.0,0
249 (3).jpg,test\FAKE\249 (3).jpg,2.5302172e-05,0
249 (4).jpg,test\FAKE\249 (4).jpg,3.2782555e-07,0
249 (5).jpg,test\FAKE\249 (5).jpg,0.0,0
249 (6).jpg,test\FAKE\249 (6).jpg,0.0,0
249 (7).jpg,test\FAKE\249 (7).jpg,0.0,0
249 (8).jpg,test\FAKE\249 (8).jpg,0.0,0
249 (9).jpg,test\FAKE\249 (9).jpg,0.012730807,0
249.jpg,test\FAKE\249.jpg,0.0033896863,0
25 (10).jpg,test\FAKE\25 (10).jpg,7.1525574e-07,0
25 (2).jpg,test\FAKE\25 (2).jpg,0.0,0
25 (3).jpg,test\FAKE\25 (3).jpg,0.0011612177,0
25 (4).jpg,test\FAKE\25 (4).jpg,2.5629997e-06,0
25 (5).jpg,test\FAKE\25 (5).jpg,0.0,0
25 (6).jpg,test\FAKE\25 (6).jpg,0.0,0
25 (7).jpg,test\FAKE\25 (7).jpg,0.0,0
25 (8).jpg,test\FAKE\25 (8).jpg,5.9604645e-08,0
25 (9).jpg,test\FAKE\25 (9).jpg,0.01678139,0
25.jpg,test\FAKE\25.jpg,1.4007092e-06,0
250 (10).jpg,test\FAKE\250 (10).jpg,0.0,0
250 (2).jpg,test\FAKE\250 (2).jpg,0.0,0
250 (3).jpg,test\FAKE\250 (3).jpg,0.0,0
250 (4).jpg,test\FAKE\250 (4).jpg,0.0,0
250 (5).jpg,test\FAKE\250 (5).jpg,0.0,0
250 (6).jpg,test\FAKE\250 (6).jpg,0.0,0
250 (7).jpg,test\FAKE\250 (7).jpg,0.0,0
250 (8).jpg,test\FAKE\250 (8).jpg,0.0,0
250 (9).jpg,test\FAKE\250 (9).jpg,0.00034341216,0
250.jpg,test\FAKE\250.jpg,0.0,0
251 (10).jpg,test\FAKE\251 (10).jpg,0.0,0
251 (2).jpg,test\FAKE\251 (2).jpg,0.0,0
251 (3).jpg,test\FAKE\251 (3).jpg,4.7683716e-07,0
251 (4).jpg,test\FAKE\251 (4).jpg,0.0,0
251 (5).jpg,test\FAKE\251 (5).jpg,0.0,0
251 (6).jpg,test\FAKE\251 (6).jpg,0.0,0
251 (7).jpg,test\FAKE\251 (7).jpg,0.0,0
251 (8).jpg,test\FAKE\251 (8).jpg,0.0,0
251 (9).jpg,test\FAKE\251 (9).jpg,0.0,0
251.jpg,test\FAKE\251.jpg,0.0,0
252 (10).jpg,test\FAKE\252 (10).jpg,0.0,0
252 (2).jpg,test\FAKE\252 (2).jpg,0.0,0
252 (3).jpg,test\FAKE\252 (3).jpg,0.0,0
252 (4).jpg,test\FAKE\252 (4).jpg,0.0,0
252 (5).jpg,test\FAKE\252 (5).jpg,0.0,0
252 (6).jpg,test\FAKE\252 (6).jpg,2.5331974e-05,0
252 (7).jpg,test\FAKE\252 (7).jpg,0.00058713555,0
252 (8).jpg,test\FAKE\252 (8).jpg,0.0,0
252 (9).jpg,test\FAKE\252 (9).jpg,9.128451e-05,0
252.jpg,test\FAKE\252.jpg,0.0,0
253 (10).jpg,test\FAKE\253 (10).jpg,0.0,0
253 (2).jpg,test\FAKE\253 (2).jpg,0.0,0
253 (3).jpg,test\FAKE\253 (3).jpg,0.0,0
253 (4).jpg,test\FAKE\253 (4).jpg,5.9604645e-08,0
253 (5).jpg,test\FAKE\253 (5).jpg,0.0,0
253 (6).jpg,test\FAKE\253 (6).jpg,0.0,0
253 (7).jpg,test\FAKE\253 (7).jpg,0.0,0
253 (8).jpg,test\FAKE\253 (8).jpg,0.0,0
253 (9).jpg,test\FAKE\253 (9).jpg,0.0,0
253.jpg,test\FAKE\253.jpg,0.0,0
254 (10).jpg,test\FAKE\254 (10).jpg,1.013279e-06,0
254 (2).jpg,test\FAKE\254 (2).jpg,0.0,0
254 (3).jpg,test\FAKE\254 (3).jpg,0.0,0
254 (4).jpg,test\FAKE\254 (4).jpg,0.0,0
254 (5).jpg,test\FAKE\254 (5).jpg,0.0,0
254 (6).jpg,test\FAKE\254 (6).jpg,3.1292439e-06,0
254 (7).jpg,test\FAKE\254 (7).jpg,0.0,0
254 (8).jpg,test\FAKE\254 (8).jpg,0.0,0
254 (9).jpg,test\FAKE\254 (9).jpg,0.0,0
254.jpg,test\FAKE\254.jpg,0.0,0
255 (10).jpg,test\FAKE\255 (10).jpg,0.0,0
255 (2).jpg,test\FAKE\255 (2).jpg,0.0,0
255 (3).jpg,test\FAKE\255 (3).jpg,0.0,0
255 (4).jpg,test\FAKE\255 (4).jpg,0.0,0
255 (5).jpg,test\FAKE\255 (5).jpg,5.9604645e-08,0
255 (6).jpg,test\FAKE\255 (6).jpg,0.0,0
255 (7).jpg,test\FAKE\255 (7).jpg,0.0,0
255 (8).jpg,test\FAKE\255 (8).jpg,2.065301e-05,0
255 (9).jpg,test\FAKE\255 (9).jpg,0.0,0
255.jpg,test\FAKE\255.jpg,1.4901161e-07,0
256 (10).jpg,test\FAKE\256 (10).jpg,0.0,0
256 (2).jpg,test\FAKE\256 (2).jpg,0.00068309903,0
256 (3).jpg,test\FAKE\256 (3).jpg,9.325147e-05,0
256 (4).jpg,test\FAKE\256 (4).jpg,0.0,0
256 (5).jpg,test\FAKE\256 (5).jpg,0.0,0
256 (6).jpg,test\FAKE\256 (6).jpg,0.0,0
256 (7).jpg,test\FAKE\256 (7).jpg,0.0,0
256 (8).jpg,test\FAKE\256 (8).jpg,0.0,0
256 (9).jpg,test\FAKE\256 (9).jpg,1.7881393e-06,0
256.jpg,test\FAKE\256.jpg,0.0,0
257 (10).jpg,test\FAKE\257 (10).jpg,0.0,0
257 (2).jpg,test\FAKE\257 (2).jpg,0.0,0
257 (3).jpg,test\FAKE\257 (3).jpg,3.8146973e-06,0
257 (4).jpg,test\FAKE\257 (4).jpg,0.0,0
257 (5).jpg,test\FAKE\257 (5).jpg,0.0,0
257 (6).jpg,test\FAKE\257 (6).jpg,0.0,0
257 (7).jpg,test\FAKE\257 (7).jpg,0.0,0
257 (8).jpg,test\FAKE\257 (8).jpg,0.0,0
257 (9).jpg,test\FAKE\257 (9).jpg,0.0,0
257.jpg,test\FAKE\257.jpg,0.0,0
258 (10).jpg,test\FAKE\258 (10).jpg,0.0,0
258 (2).jpg,test\FAKE\258 (2).jpg,0.0,0
258 (3).jpg,test\FAKE\258 (3).jpg,0.0007172823,0
258 (4).jpg,test\FAKE\258 (4).jpg,0.0,0
258 (5).jpg,test\FAKE\258 (5).jpg,0.0,0
258 (6).jpg,test\FAKE\258 (6).jpg,0.0,0
258 (7).jpg,test\FAKE\258 (7).jpg,2.5629997e-06,0
258 (8).jpg,test\FAKE\258 (8).jpg,0.0,0
258 (9).jpg,test\FAKE\258 (9).jpg,0.0,0
258.jpg,test\FAKE\258.jpg,0.0,0
259 (10).jpg,test\FAKE\259 (10).jpg,0.0,0
259 (2).jpg,test\FAKE\259 (2).jpg,0.0,0
259 (3).jpg,test\FAKE\259 (3).jpg,0.2015503,0
259 (4).jpg,test\FAKE\259 (4).jpg,0.24704167,0
259 (5).jpg,test\FAKE\259 (5).jpg,0.0,0
259 (6).jpg,test\FAKE\259 (6).jpg,3.993511e-06,0
259 (7).jpg,test\FAKE\259 (7).jpg,0.0,0
259 (8).jpg,test\FAKE\259 (8).jpg,0.000526309,0
259 (9).jpg,test\FAKE\259 (9).jpg,2.592802e-06,0
259.jpg,test\FAKE\259.jpg,2.3841858e-07,0
26 (10).jpg,test\FAKE\26 (10).jpg,6.2584877e-07,0
26 (2).jpg,test\FAKE\26 (2).jpg,6.8843365e-06,0
26 (3).jpg,test\FAKE\26 (3).jpg,0.00079241395,0
26 (4).jpg,test\FAKE\26 (4).jpg,0.0,0
26 (5).jpg,test\FAKE\26 (5).jpg,0.0,0
26 (6).jpg,test\FAKE\26 (6).jpg,1.0997057e-05,0
26 (7).jpg,test\FAKE\26 (7).jpg,0.0,0
26 (8).jpg,test\FAKE\26 (8).jpg,0.00016403198,0
26 (9).jpg,test\FAKE\26 (9).jpg,0.0,0
26.jpg,test\FAKE\26.jpg,0.0,0
260 (10).jpg,test\FAKE\260 (10).jpg,0.0,0
260 (2).jpg,test\FAKE\260 (2).jpg,2.3841858e-07,0
260 (3).jpg,test\FAKE\260 (3).jpg,0.0,0
260 (4).jpg,test\FAKE\260 (4).jpg,0.0,0
260 (5).jpg,test\FAKE\260 (5).jpg,0.0,0
260 (6).jpg,test\FAKE\260 (6).jpg,0.0,0
260 (7).jpg,test\FAKE\260 (7).jpg,0.0,0
260 (8).jpg,test\FAKE\260 (8).jpg,0.0,0
260 (9).jpg,test\FAKE\260 (9).jpg,0.00041374564,0
260.jpg,test\FAKE\260.jpg,0.0,0
261 (10).jpg,test\FAKE\261 (10).jpg,0.0,0
261 (2).jpg,test\FAKE\261 (2).jpg,8.940697e-08,0
261 (3).jpg,test\FAKE\261 (3).jpg,2.682209e-07,0
261 (4).jpg,test\FAKE\261 (4).jpg,0.0,0
261 (5).jpg,test\FAKE\261 (5).jpg,0.0,0
261 (6).jpg,test\FAKE\261 (6).jpg,2.0861626e-06,0
261 (7).jpg,test\FAKE\261 (7).jpg,0.0,0
261 (8).jpg,test\FAKE\261 (8).jpg,0.009049982,0
261 (9).jpg,test\FAKE\261 (9).jpg,5.364418e-07,0
261.jpg,test\FAKE\261.jpg,0.0,0
262 (10).jpg,test\FAKE\262 (10).jpg,2.0861626e-07,0
262 (2).jpg,test\FAKE\262 (2).jpg,0.0,0
262 (3).jpg,test\FAKE\262 (3).jpg,0.003959149,0
262 (4).jpg,test\FAKE\262 (4).jpg,0.0,0
262 (5).jpg,test\FAKE\262 (5).jpg,0.05770281,0
262 (6).jpg,test\FAKE\262 (6).jpg,0.0,0
262 (7).jpg,test\FAKE\262 (7).jpg,0.0,0
262 (8).jpg,test\FAKE\262 (8).jpg,0.0,0
262 (9).jpg,test\FAKE\262 (9).jpg,0.024633497,0
262.jpg,test\FAKE\262.jpg,0.0,0
263 (10).jpg,test\FAKE\263 (10).jpg,0.0,0
263 (2).jpg,test\FAKE\263 (2).jpg,0.0,0
263 (3).jpg,test\FAKE\263 (3).jpg,0.0,0
263 (4).jpg,test\FAKE\263 (4).jpg,5.325675e-05,0
263 (5).jpg,test\FAKE\263 (5).jpg,1.9222498e-05,0
263 (6).jpg,test\FAKE\263 (6).jpg,0.0,0
263 (7).jpg,test\FAKE\263 (7).jpg,0.0,0
263 (8).jpg,test\FAKE\263 (8).jpg,1.1920929e-07,0
263 (9).jpg,test\FAKE\263 (9).jpg,0.0,0
263.jpg,test\FAKE\263.jpg,1.2546778e-05,0
264 (10).jpg,test\FAKE\264 (10).jpg,0.0021645129,0
264 (2).jpg,test\FAKE\264 (2).jpg,0.0,0
264 (3).jpg,test\FAKE\264 (3).jpg,2.0861626e-07,0
264 (4).jpg,test\FAKE\264 (4).jpg,3.516674e-06,0
264 (5).jpg,test\FAKE\264 (5).jpg,0.0,0
264 (6).jpg,test\FAKE\264 (6).jpg,4.172325e-07,0
264 (7).jpg,test\FAKE\264 (7).jpg,0.0,0
264 (8).jpg,test\FAKE\264 (8).jpg,0.0,0
264 (9).jpg,test\FAKE\264 (9).jpg,0.38672218,0
264.jpg,test\FAKE\264.jpg,0.00045791268,0
265 (10).jpg,test\FAKE\265 (10).jpg,8.34465e-07,0
265 (2).jpg,test\FAKE\265 (2).jpg,0.0,0
265 (3).jpg,test\FAKE\265 (3).jpg,0.19055608,0
265 (4).jpg,test\FAKE\265 (4).jpg,0.0,0
265 (5).jpg,test\FAKE\265 (5).jpg,1.7881393e-07,0
265 (6).jpg,test\FAKE\265 (6).jpg,0.0,0
265 (7).jpg,test\FAKE\265 (7).jpg,0.0,0
265 (8).jpg,test\FAKE\265 (8).jpg,8.940697e-08,0
265 (9).jpg,test\FAKE\265 (9).jpg,0.0,0
265.jpg,test\FAKE\265.jpg,0.0,0
266 (10).jpg,test\FAKE\266 (10).jpg,0.0,0
266 (2).jpg,test\FAKE\266 (2).jpg,0.0,0
266 (3).jpg,test\FAKE\266 (3).jpg,0.0,0
266 (4).jpg,test\FAKE\266 (4).jpg,0.0,0
266 (5).jpg,test\FAKE\266 (5).jpg,0.0,0
266 (6).jpg,test\FAKE\266 (6).jpg,0.0,0
266 (7).jpg,test\FAKE\266 (7).jpg,0.0,0
266 (8).jpg,test\FAKE\266 (8).jpg,1.2218952e-06,0
266 (9).jpg,test\FAKE\266 (9).jpg,1.3649464e-05,0
266.jpg,test\FAKE\266.jpg,0.0,0
267 (10).jpg,test\FAKE\267 (10).jpg,0.0,0
267 (2).jpg,test\FAKE\267 (2).jpg,0.0313496,0
267 (3).jpg,test\FAKE\267 (3).jpg,1.4901161e-07,0
267 (4).jpg,test\FAKE\267 (4).jpg,0.0018995702,0
267 (5).jpg,test\FAKE\267 (5).jpg,0.0,0
267 (6).jpg,test\FAKE\267 (6).jpg,6.3180923e-06,0
267 (7).jpg,test\FAKE\267 (7).jpg,1.2516975e-06,0
267 (8).jpg,test\FAKE\267 (8).jpg,0.00016915798,0
267 (9).jpg,test\FAKE\267 (9).jpg,0.0,0
267.jpg,test\FAKE\267.jpg,0.0,0
268 (10).jpg,test\FAKE\268 (10).jpg,0.001627624,0
268 (2).jpg,test\FAKE\268 (2).jpg,0.0,0
268 (3).jpg,test\FAKE\268 (3).jpg,0.0,0
268 (4).jpg,test\FAKE\268 (4).jpg,5.9604645e-08,0
268 (5).jpg,test\FAKE\268 (5).jpg,0.0,0
268 (6).jpg,test\FAKE\268 (6).jpg,4.7683716e-07,0
268 (7).jpg,test\FAKE\268 (7).jpg,0.0,0
268 (8).jpg,test\FAKE\268 (8).jpg,0.0,0
268 (9).jpg,test\FAKE\268 (9).jpg,0.0,0
268.jpg,test\FAKE\268.jpg,0.0,0
269 (10).jpg,test\FAKE\269 (10).jpg,0.0,0
269 (2).jpg,test\FAKE\269 (2).jpg,0.012394637,0
269 (3).jpg,test\FAKE\269 (3).jpg,0.005672455,0
269 (4).jpg,test\FAKE\269 (4).jpg,0.0,0
269 (5).jpg,test\FAKE\269 (5).jpg,0.0,0
269 (6).jpg,test\FAKE\269 (6).jpg,0.00017866492,0
269 (7).jpg,test\FAKE\269 (7).jpg,0.0,0
269 (8).jpg,test\FAKE\269 (8).jpg,0.0,0
269 (9).jpg,test\FAKE\269 (9).jpg,0.008750498,0
269.jpg,test\FAKE\269.jpg,0.0025942028,0
27 (10).jpg,test\FAKE\27 (10).jpg,0.0,0
27 (2).jpg,test\FAKE\27 (2).jpg,0.00058478117,0
27 (3).jpg,test\FAKE\27 (3).jpg,0.0,0
27 (4).jpg,test\FAKE\27 (4).jpg,0.0,0
27 (5).jpg,test\FAKE\27 (5).jpg,2.8312206e-06,0
27 (6).jpg,test\FAKE\27 (6).jpg,2.682209e-07,0
27 (7).jpg,test\FAKE\27 (7).jpg,0.0,0
27 (8).jpg,test\FAKE\27 (8).jpg,0.0,0
27 (9).jpg,test\FAKE\27 (9).jpg,0.0,0
27.jpg,test\FAKE\27.jpg,0.0,0
270 (10).jpg,test\FAKE\270 (10).jpg,0.0,0
270 (2).jpg,test\FAKE\270 (2).jpg,0.0,0
270 (3).jpg,test\FAKE\270 (3).jpg,0.0,0
270 (4).jpg,test\FAKE\270 (4).jpg,0.0,0
270 (5).jpg,test\FAKE\270 (5).jpg,0.0,0
270 (6).jpg,test\FAKE\270 (6).jpg,0.0,0
270 (7).jpg,test\FAKE\270 (7).jpg,0.0,0
270 (8).jpg,test\FAKE\270 (8).jpg,0.0,0
270 (9).jpg,test\FAKE\270 (9).jpg,0.0,0
270.jpg,test\FAKE\270.jpg,0.00036892295,0
271 (10).jpg,test\FAKE\271 (10).jpg,2.9802322e-08,0
271 (2).jpg,test\FAKE\271 (2).jpg,0.0,0
271 (3).jpg,test\FAKE\271 (3).jpg,0.059993356,0
271 (4).jpg,test\FAKE\271 (4).jpg,0.0,0
271 (5).jpg,test\FAKE\271 (5).jpg,0.0,0
271 (6).jpg,test\FAKE\271 (6).jpg,0.0,0
271 (7).jpg,test\FAKE\271 (7).jpg,0.0,0
271 (8).jpg,test\FAKE\271 (8).jpg,0.9762258,1
271 (9).jpg,test\FAKE\271 (9).jpg,0.0,0
271.jpg,test\FAKE\271.jpg,0.0,0
272 (10).jpg,test\FAKE\272 (10).jpg,0.0,0
272 (2).jpg,test\FAKE\272 (2).jpg,0.0,0
272 (3).jpg,test\FAKE\272 (3).jpg,0.0,0
272 (4).jpg,test\FAKE\272 (4).jpg,0.0,0
272 (5).jpg,test\FAKE\272 (5).jpg,0.0,0
272 (6).jpg,test\FAKE\272 (6).jpg,0.0,0
272 (7).jpg,test\FAKE\272 (7).jpg,0.0,0
272 (8).jpg,test\FAKE\272 (8).jpg,0.0,0
272 (9).jpg,test\FAKE\272 (9).jpg,0.0,0
272.jpg,test\FAKE\272.jpg,0.0,0
273 (10).jpg,test\FAKE\273 (10).jpg,0.0,0
273 (2).jpg,test\FAKE\273 (2).jpg,8.34465e-07,0
273 (3).jpg,test\FAKE\273 (3).jpg,8.940697e-08,0
273 (4).jpg,test\FAKE\273 (4).jpg,0.0,0
273 (5).jpg,test\FAKE\273 (5).jpg,0.0,0
273 (6).jpg,test\FAKE\273 (6).jpg,0.0,0
273 (7).jpg,test\FAKE\273 (7).jpg,0.0,0
273 (8).jpg,test\FAKE\273 (8).jpg,0.0,0
273 (9).jpg,test\FAKE\273 (9).jpg,0.0,0
273.jpg,test\FAKE\273.jpg,0.0,0
274 (10).jpg,test\FAKE\274 (10).jpg,0.0,0
274 (2).jpg,test\FAKE\274 (2).jpg,0.0,0
274 (3).jpg,test\FAKE\274 (3).jpg,0.0,0
274 (4).jpg,test\FAKE\274 (4).jpg,0.0,0
274 (5).jpg,test\FAKE\274 (5).jpg,0.0,0
274 (6).jpg,test\FAKE\274 (6).jpg,1.7285347e-06,0
274 (7).jpg,test\FAKE\274 (7).jpg,0.0,0
274 (8).jpg,test\FAKE\274 (8).jpg,0.0,0
274 (9).jpg,test\FAKE\274 (9).jpg,0.0,0
274.jpg,test\FAKE\274.jpg,0.0,0
275 (10).jpg,test\FAKE\275 (10).jpg,0.0,0
275 (2).jpg,test\FAKE\275 (2).jpg,0.0,0
275 (3).jpg,test\FAKE\275 (3).jpg,0.061166912,0
275 (4).jpg,test\FAKE\275 (4).jpg,0.0,0
275 (5).jpg,test\FAKE\275 (5).jpg,0.0,0
275 (6).jpg,test\FAKE\275 (6).jpg,0.0,0
275 (7).jpg,test\FAKE\275 (7).jpg,0.0,0
275 (8).jpg,test\FAKE\275 (8).jpg,0.00016051531,0
275 (9).jpg,test\FAKE\275 (9).jpg,0.0,0
275.jpg,test\FAKE\275.jpg,0.0,0
276 (10).jpg,test\FAKE\276 (10).jpg,2.9802322e-08,0
276 (2).jpg,test\FAKE\276 (2).jpg,0.0,0
276 (3).jpg,test\FAKE\276 (3).jpg,0.0,0
276 (4).jpg,test\FAKE\276 (4).jpg,0.0,0
276 (5).jpg,test\FAKE\276 (5).jpg,0.00166893,0
276 (6).jpg,test\FAKE\276 (6).jpg,0.0,0
276 (7).jpg,test\FAKE\276 (7).jpg,0.0,0
276 (8).jpg,test\FAKE\276 (8).jpg,0.0,0
276 (9).jpg,test\FAKE\276 (9).jpg,0.0,0
276.jpg,test\FAKE\276.jpg,0.0,0
277 (10).jpg,test\FAKE\277 (10).jpg,5.9604645e-08,0
277 (2).jpg,test\FAKE\277 (2).jpg,0.0,0
277 (3).jpg,test\FAKE\277 (3).jpg,8.940697e-08,0
277 (4).jpg,test\FAKE\277 (4).jpg,0.0,0
277 (5).jpg,test\FAKE\277 (5).jpg,0.0,0
277 (6).jpg,test\FAKE\277 (6).jpg,0.0,0
277 (7).jpg,test\FAKE\277 (7).jpg,0.0,0
277 (8).jpg,test\FAKE\277 (8).jpg,0.0,0
277 (9).jpg,test\FAKE\277 (9).jpg,2.682209e-07,0
277.jpg,test\FAKE\277.jpg,0.0,0
278 (10).jpg,test\FAKE\278 (10).jpg,0.0,0
278 (2).jpg,test\FAKE\278 (2).jpg,0.0,0
278 (3).jpg,test\FAKE\278 (3).jpg,0.0005916357,0
278 (4).jpg,test\FAKE\278 (4).jpg,0.0,0
278 (5).jpg,test\FAKE\278 (5).jpg,0.0,0
278 (6).jpg,test\FAKE\278 (6).jpg,5.9604645e-08,0
278 (7).jpg,test\FAKE\278 (7).jpg,0.0,0
278 (8).jpg,test\FAKE\278 (8).jpg,3.7550926e-06,0
278 (9).jpg,test\FAKE\278 (9).jpg,7.778406e-06,0
278.jpg,test\FAKE\278.jpg,0.0,0
279 (10).jpg,test\FAKE\279 (10).jpg,0.0,0
279 (2).jpg,test\FAKE\279 (2).jpg,0.0,0
279 (3).jpg,test\FAKE\279 (3).jpg,0.0014960766,0
279 (4).jpg,test\FAKE\279 (4).jpg,1.7881393e-06,0
279 (5).jpg,test\FAKE\279 (5).jpg,0.0,0
279 (6).jpg,test\FAKE\279 (6).jpg,0.0,0
279 (7).jpg,test\FAKE\279 (7).jpg,0.0,0
279 (8).jpg,test\FAKE\279 (8).jpg,0.0,0
279 (9).jpg,test\FAKE\279 (9).jpg,0.0,0
279.jpg,test\FAKE\279.jpg,0.0,0
28 (10).jpg,test\FAKE\28 (10).jpg,0.0,0
28 (2).jpg,test\FAKE\28 (2).jpg,0.0,0
28 (3).jpg,test\FAKE\28 (3).jpg,0.0,0
28 (4).jpg,test\FAKE\28 (4).jpg,0.00021415949,0
28 (5).jpg,test\FAKE\28 (5).jpg,0.0,0
28 (6).jpg,test\FAKE\28 (6).jpg,0.0009637475,0
28 (7).jpg,test\FAKE\28 (7).jpg,0.0,0
28 (8).jpg,test\FAKE\28 (8).jpg,0.0,0
28 (9).jpg,test\FAKE\28 (9).jpg,3.5762787e-06,0
28.jpg,test\FAKE\28.jpg,0.0,0
280 (10).jpg,test\FAKE\280 (10).jpg,4.9471855e-05,0
280 (2).jpg,test\FAKE\280 (2).jpg,5.9604645e-08,0
280 (3).jpg,test\FAKE\280 (3).jpg,0.0,0
280 (4).jpg,test\FAKE\280 (4).jpg,0.0,0
280 (5).jpg,test\FAKE\280 (5).jpg,0.0,0
280 (6).jpg,test\FAKE\280 (6).jpg,0.00032487512,0
280 (7).jpg,test\FAKE\280 (7).jpg,0.0,0
280 (8).jpg,test\FAKE\280 (8).jpg,0.0,0
280 (9).jpg,test\FAKE\280 (9).jpg,0.0,0
280.jpg,test\FAKE\280.jpg,0.0,0
281 (10).jpg,test\FAKE\281 (10).jpg,0.0,0
281 (2).jpg,test\FAKE\281 (2).jpg,0.0,0
281 (3).jpg,test\FAKE\281 (3).jpg,0.0,0
281 (4).jpg,test\FAKE\281 (4).jpg,0.0,0
281 (5).jpg,test\FAKE\281 (5).jpg,0.0,0
281 (6).jpg,test\FAKE\281 (6).jpg,7.599592e-06,0
281 (7).jpg,test\FAKE\281 (7).jpg,0.0,0
281 (8).jpg,test\FAKE\281 (8).jpg,0.0,0
281 (9).jpg,test\FAKE\281 (9).jpg,0.00013807416,0
281.jpg,test\FAKE\281.jpg,0.0,0
282 (10).jpg,test\FAKE\282 (10).jpg,1.3947487e-05,0
282 (2).jpg,test\FAKE\282 (2).jpg,0.0,0
282 (3).jpg,test\FAKE\282 (3).jpg,2.887845e-05,0
282 (4).jpg,test\FAKE\282 (4).jpg,0.0,0
282 (5).jpg,test\FAKE\282 (5).jpg,0.0,0
282 (6).jpg,test\FAKE\282 (6).jpg,0.0,0
282 (7).jpg,test\FAKE\282 (7).jpg,0.0,0
282 (8).jpg,test\FAKE\282 (8).jpg,0.0,0
282 (9).jpg,test\FAKE\282 (9).jpg,0.00045138597,0
282.jpg,test\FAKE\282.jpg,0.0,0
283 (10).jpg,test\FAKE\283 (10).jpg,0.0,0
283 (2).jpg,test\FAKE\283 (2).jpg,0.14381903,0
283 (3).jpg,test\FAKE\283 (3).jpg,8.136034e-06,0
283 (4).jpg,test\FAKE\283 (4).jpg,0.0,0
283 (5).jpg,test\FAKE\283 (5).jpg,0.0,0
283 (6).jpg,test\FAKE\283 (6).jpg,0.0,0
283 (7).jpg,test\FAKE\283 (7).jpg,0.0,0
283 (8).jpg,test\FAKE\283 (8).jpg,0.0,0
283 (9).jpg,test\FAKE\283 (9).jpg,0.0,0
283.jpg,test\FAKE\283.jpg,7.033348e-06,0
284 (10).jpg,test\FAKE\284 (10).jpg,8.046627e-06,0
284 (2).jpg,test\FAKE\284 (2).jpg,0.0,0
284 (3).jpg,test\FAKE\284 (3).jpg,0.0,0
284 (4).jpg,test\FAKE\284 (4).jpg,0.0,0
284 (5).jpg,test\FAKE\284 (5).jpg,1.7881393e-07,0
284 (6).jpg,test\FAKE\284 (6).jpg,0.0,0
284 (7).jpg,test\FAKE\284 (7).jpg,0.0,0
284 (8).jpg,test\FAKE\284 (8).jpg,0.0,0
284 (9).jpg,test\FAKE\284 (9).jpg,0.0,0
284.jpg,test\FAKE\284.jpg,0.0,0
285 (10).jpg,test\FAKE\285 (10).jpg,0.19176874,0
285 (2).jpg,test\FAKE\285 (2).jpg,0.0,0
285 (3).jpg,test\FAKE\285 (3).jpg,0.0,0
285 (4).jpg,test\FAKE\285 (4).jpg,0.0,0
285 (5).jpg,test\FAKE\285 (5).jpg,0.0,0
285 (6).jpg,test\FAKE\285 (6).jpg,2.4437904e-06,0
285 (7).jpg,test\FAKE\285 (7).jpg,0.0,0
285 (8).jpg,test\FAKE\285 (8).jpg,0.0,0
285 (9).jpg,test\FAKE\285 (9).jpg,0.0,0
285.jpg,test\FAKE\285.jpg,0.0,0
286 (10).jpg,test\FAKE\286 (10).jpg,0.0,0
286 (2).jpg,test\FAKE\286 (2).jpg,0.0,0
286 (3).jpg,test\FAKE\286 (3).jpg,0.0005584955,0
286 (4).jpg,test\FAKE\286 (4).jpg,0.0,0
286 (5).jpg,test\FAKE\286 (5).jpg,0.0,0
286 (6).jpg,test\FAKE\286 (6).jpg,5.9604645e-08,0
286 (7).jpg,test\FAKE\286 (7).jpg,0.0,0
286 (8).jpg,test\FAKE\286 (8).jpg,0.0,0
286 (9).jpg,test\FAKE\286 (9).jpg,0.0,0
286.jpg,test\FAKE\286.jpg,1.1920929e-07,0
287 (10).jpg,test\FAKE\287 (10).jpg,0.0,0
287 (2).jpg,test\FAKE\287 (2).jpg,0.0,0
287 (3).jpg,test\FAKE\287 (3).jpg,0.0,0
287 (4).jpg,test\FAKE\287 (4).jpg,0.0,0
287 (5).jpg,test\FAKE\287 (5).jpg,0.0,0
287 (6).jpg,test\FAKE\287 (6).jpg,0.0,0
287 (7).jpg,test\FAKE\287 (7).jpg,0.0,0
287 (8).jpg,test\FAKE\287 (8).jpg,0.0,0
287 (9).jpg,test\FAKE\287 (9).jpg,0.0,0
287.jpg,test\FAKE\287.jpg,0.0,0
288 (10).jpg,test\FAKE\288 (10).jpg,0.0,0
288 (2).jpg,test\FAKE\288 (2).jpg,0.0,0
288 (3).jpg,test\FAKE\288 (3).jpg,2.8312206e-06,0
288 (4).jpg,test\FAKE\288 (4).jpg,0.0,0
288 (5).jpg,test\FAKE\288 (5).jpg,0.0,0
288 (6).jpg,test\FAKE\288 (6).jpg,0.0,0
288 (7).jpg,test\FAKE\288 (7).jpg,5.9872866e-05,0
288 (8).jpg,test\FAKE\288 (8).jpg,0.0,0
288 (9).jpg,test\FAKE\288 (9).jpg,0.0,0
288.jpg,test\FAKE\288.jpg,8.6426735e-07,0
289 (10).jpg,test\FAKE\289 (10).jpg,0.0,0
289 (2).jpg,test\FAKE\289 (2).jpg,0.0,0
289 (3).jpg,test\FAKE\289 (3).jpg,0.0,0
289 (4).jpg,test\FAKE\289 (4).jpg,0.0,0
289 (5).jpg,test\FAKE\289 (5).jpg,0.0,0
289 (6).jpg,test\FAKE\289 (6).jpg,0.0,0
289 (7).jpg,test\FAKE\289 (7).jpg,2.9802322e-06,0
289 (8).jpg,test\FAKE\289 (8).jpg,0.0,0
289 (9).jpg,test\FAKE\289 (9).jpg,0.015006244,0
289.jpg,test\FAKE\289.jpg,0.056215078,0
29 (10).jpg,test\FAKE\29 (10).jpg,5.438924e-05,0
29 (2).jpg,test\FAKE\29 (2).jpg,0.0,0
29 (3).jpg,test\FAKE\29 (3).jpg,0.17978474,0
29 (4).jpg,test\FAKE\29 (4).jpg,0.029552162,0
29 (5).jpg,test\FAKE\29 (5).jpg,0.0,0
29 (6).jpg,test\FAKE\29 (6).jpg,0.0,0
29 (7).jpg,test\FAKE\29 (7).jpg,0.0,0
29 (8).jpg,test\FAKE\29 (8).jpg,8.940697e-08,0
29 (9).jpg,test\FAKE\29 (9).jpg,0.0,0
29.jpg,test\FAKE\29.jpg,0.0,0
290 (10).jpg,test\FAKE\290 (10).jpg,0.0,0
290 (2).jpg,test\FAKE\290 (2).jpg,0.87598693,1
290 (3).jpg,test\FAKE\290 (3).jpg,0.052515984,0
290 (4).jpg,test\FAKE\290 (4).jpg,1.1116266e-05,0
290 (5).jpg,test\FAKE\290 (5).jpg,0.0,0
290 (6).jpg,test\FAKE\290 (6).jpg,0.0,0
290 (7).jpg,test\FAKE\290 (7).jpg,0.0,0
290 (8).jpg,test\FAKE\290 (8).jpg,0.0,0
290 (9).jpg,test\FAKE\290 (9).jpg,0.0029881895,0
290.jpg,test\FAKE\290.jpg,3.5464764e-06,0
291 (10).jpg,test\FAKE\291 (10).jpg,0.0,0
291 (2).jpg,test\FAKE\291 (2).jpg,0.0,0
291 (3).jpg,test\FAKE\291 (3).jpg,0.0,0
291 (4).jpg,test\FAKE\291 (4).jpg,0.0,0
291 (5).jpg,test\FAKE\291 (5).jpg,0.0,0
291 (6).jpg,test\FAKE\291 (6).jpg,0.0,0
291 (7).jpg,test\FAKE\291 (7).jpg,0.0,0
291 (8).jpg,test\FAKE\291 (8).jpg,0.0,0
291 (9).jpg,test\FAKE\291 (9).jpg,0.042574197,0
291.jpg,test\FAKE\291.jpg,0.0,0
292 (10).jpg,test\FAKE\292 (10).jpg,0.0,0
292 (2).jpg,test\FAKE\292 (2).jpg,0.0,0
292 (3).jpg,test\FAKE\292 (3).jpg,0.7201847,1
292 (4).jpg,test\FAKE\292 (4).jpg,0.0,0
292 (5).jpg,test\FAKE\292 (5).jpg,0.0,0
292 (6).jpg,test\FAKE\292 (6).jpg,0.0,0
292 (7).jpg,test\FAKE\292 (7).jpg,0.0,0
292 (8).jpg,test\FAKE\292 (8).jpg,0.0,0
292 (9).jpg,test\FAKE\292 (9).jpg,0.0,0
292.jpg,test\FAKE\292.jpg,0.0,0
293 (10).jpg,test\FAKE\293 (10).jpg,0.0,0
293 (2).jpg,test\FAKE\293 (2).jpg,0.0,0
293 (3).jpg,test\FAKE\293 (3).jpg,0.0,0
293 (4).jpg,test\FAKE\293 (4).jpg,8.293986e-05,0
293 (5).jpg,test\FAKE\293 (5).jpg,0.0,0
293 (6).jpg,test\FAKE\293 (6).jpg,0.0,0
293 (7).jpg,test\FAKE\293 (7).jpg,0.0,0
293 (8).jpg,test\FAKE\293 (8).jpg,2.682209e-07,0
293 (9).jpg,test\FAKE\293 (9).jpg,3.3974648e-06,0
293.jpg,test\FAKE\293.jpg,0.0,0
294 (10).jpg,test\FAKE\294 (10).jpg,0.0,0
294 (2).jpg,test\FAKE\294 (2).jpg,0.0,0
294 (3).jpg,test\FAKE\294 (3).jpg,0.0,0
294 (4).jpg,test\FAKE\294 (4).jpg,0.0,0
294 (5).jpg,test\FAKE\294 (5).jpg,0.0,0
294 (6).jpg,test\FAKE\294 (6).jpg,0.0,0
294 (7).jpg,test\FAKE\294 (7).jpg,0.0,0
294 (8).jpg,test\FAKE\294 (8).jpg,0.0,0
294 (9).jpg,test\FAKE\294 (9).jpg,3.5762787e-07,0
294.jpg,test\FAKE\294.jpg,0.0,0
295 (10).jpg,test\FAKE\295 (10).jpg,0.0,0
295 (2).jpg,test\FAKE\295 (2).jpg,0.0,0
295 (3).jpg,test\FAKE\295 (3).jpg,0.99983543,1
295 (4).jpg,test\FAKE\295 (4).jpg,0.0,0
295 (5).jpg,test\FAKE\295 (5).jpg,0.0,0
295 (6).jpg,test\FAKE\295 (6).jpg,0.00029078126,0
295 (7).jpg,test\FAKE\295 (7).jpg,0.0,0
295 (8).jpg,test\FAKE\295 (8).jpg,0.0,0
295 (9).jpg,test\FAKE\295 (9).jpg,0.0006276667,0
295.jpg,test\FAKE\295.jpg,5.9604645e-08,0
296 (10).jpg,test\FAKE\296 (10).jpg,0.0,0
296 (2).jpg,test\FAKE\296 (2).jpg,0.0,0
296 (3).jpg,test\FAKE\296 (3).jpg,0.0,0
296 (4).jpg,test\FAKE\296 (4).jpg,2.3841858e-07,0
296 (5).jpg,test\FAKE\296 (5).jpg,0.0,0
296 (6).jpg,test\FAKE\296 (6).jpg,0.0,0
296 (7).jpg,test\FAKE\296 (7).jpg,0.0,0
296 (8).jpg,test\FAKE\296 (8).jpg,0.0,0
296 (9).jpg,test\FAKE\296 (9).jpg,0.0,0
296.jpg,test\FAKE\296.jpg,0.0,0
297 (10).jpg,test\FAKE\297 (10).jpg,0.0,0
297 (2).jpg,test\FAKE\297 (2).jpg,0.0,0
297 (3).jpg,test\FAKE\297 (3).jpg,3.2186508e-06,0
297 (4).jpg,test\FAKE\297 (4).jpg,0.0,0
297 (5).jpg,test\FAKE\297 (5).jpg,0.0,0
297 (6).jpg,test\FAKE\297 (6).jpg,0.0,0
297 (7).jpg,test\FAKE\297 (7).jpg,0.0,0
297 (8).jpg,test\FAKE\297 (8).jpg,0.0,0
297 (9).jpg,test\FAKE\297 (9).jpg,0.0018816292,0
297.jpg,test\FAKE\297.jpg,0.0,0
298 (10).jpg,test\FAKE\298 (10).jpg,0.01352495,0
298 (2).jpg,test\FAKE\298 (2).jpg,0.0,0
298 (3).jpg,test\FAKE\298 (3).jpg,0.0,0
298 (4).jpg,test\FAKE\298 (4).jpg,0.0,0
298 (5).jpg,test\FAKE\298 (5).jpg,0.0,0
298 (6).jpg,test\FAKE\298 (6).jpg,5.9604645e-08,0
298 (7).jpg,test\FAKE\298 (7).jpg,0.0,0
298 (8).jpg,test\FAKE\298 (8).jpg,0.0,0
298 (9).jpg,test\FAKE\298 (9).jpg,0.0,0
298.jpg,test\FAKE\298.jpg,0.0,0
299 (10).jpg,test\FAKE\299 (10).jpg,2.3841858e-07,0
299 (2).jpg,test\FAKE\299 (2).jpg,1.1920929e-06,0
299 (3).jpg,test\FAKE\299 (3).jpg,0.0,0
299 (4).jpg,test\FAKE\299 (4).jpg,0.0,0
299 (5).jpg,test\FAKE\299 (5).jpg,1.1920929e-07,0
299 (6).jpg,test\FAKE\299 (6).jpg,0.0,0
299 (7).jpg,test\FAKE\299 (7).jpg,8.6426735e-07,0
299 (8).jpg,test\FAKE\299 (8).jpg,0.0,0
299 (9).jpg,test\FAKE\299 (9).jpg,0.0,0
299.jpg,test\FAKE\299.jpg,0.0,0
3 (10).jpg,test\FAKE\3 (10).jpg,0.0,0
3 (2).jpg,test\FAKE\3 (2).jpg,0.0,0
3 (3).jpg,test\FAKE\3 (3).jpg,0.0002091527,0
3 (4).jpg,test\FAKE\3 (4).jpg,0.0,0
3 (5).jpg,test\FAKE\3 (5).jpg,1.4901161e-07,0
3 (6).jpg,test\FAKE\3 (6).jpg,0.021052063,0
3 (7).jpg,test\FAKE\3 (7).jpg,5.066395e-07,0
3 (8).jpg,test\FAKE\3 (8).jpg,0.0,0
3 (9).jpg,test\FAKE\3 (9).jpg,0.0,0
3.jpg,test\FAKE\3.jpg,0.0,0
30 (10).jpg,test\FAKE\30 (10).jpg,0.0,0
30 (2).jpg,test\FAKE\30 (2).jpg,0.0,0
30 (3).jpg,test\FAKE\30 (3).jpg,4.0233135e-06,0
30 (4).jpg,test\FAKE\30 (4).jpg,6.6936016e-05,0
30 (5).jpg,test\FAKE\30 (5).jpg,0.0,0
30 (6).jpg,test\FAKE\30 (6).jpg,1.463294e-05,0
30 (7).jpg,test\FAKE\30 (7).jpg,0.0,0
30 (8).jpg,test\FAKE\30 (8).jpg,0.0,0
30 (9).jpg,test\FAKE\30 (9).jpg,0.10009056,0
30.jpg,test\FAKE\30.jpg,0.0,0
300 (10).jpg,test\FAKE\300 (10).jpg,3.5762787e-06,0
300 (2).jpg,test\FAKE\300 (2).jpg,0.0,0
300 (3).jpg,test\FAKE\300 (3).jpg,0.0,0
300 (4).jpg,test\FAKE\300 (4).jpg,0.0,0
300 (5).jpg,test\FAKE\300 (5).jpg,0.0,0
300 (6).jpg,test\FAKE\300 (6).jpg,0.0,0
300 (7).jpg,test\FAKE\300 (7).jpg,0.0,0
300 (8).jpg,test\FAKE\300 (8).jpg,0.0,0
300 (9).jpg,test\FAKE\300 (9).jpg,1.7881393e-07,0
300.jpg,test\FAKE\300.jpg,0.010026991,0
301 (10).jpg,test\FAKE\301 (10).jpg,0.0,0
301 (2).jpg,test\FAKE\301 (2).jpg,0.0,0
301 (3).jpg,test\FAKE\301 (3).jpg,0.0,0
301 (4).jpg,test\FAKE\301 (4).jpg,2.9802322e-07,0
301 (5).jpg,test\FAKE\301 (5).jpg,0.0,0
301 (6).jpg,test\FAKE\301 (6).jpg,0.0007227361,0
301 (7).jpg,test\FAKE\301 (7).jpg,1.3828278e-05,0
301 (8).jpg,test\FAKE\301 (8).jpg,0.99276906,1
301 (9).jpg,test\FAKE\301 (9).jpg,0.0,0
301.jpg,test\FAKE\301.jpg,0.0,0
302 (10).jpg,test\FAKE\302 (10).jpg,0.0,0
302 (2).jpg,test\FAKE\302 (2).jpg,0.0,0
302 (3).jpg,test\FAKE\302 (3).jpg,4.4107437e-05,0
302 (4).jpg,test\FAKE\302 (4).jpg,3.7252903e-06,0
302 (5).jpg,test\FAKE\302 (5).jpg,0.08708668,0
302 (6).jpg,test\FAKE\302 (6).jpg,0.0,0
302 (7).jpg,test\FAKE\302 (7).jpg,0.0,0
302 (8).jpg,test\FAKE\302 (8).jpg,0.0,0
302 (9).jpg,test\FAKE\302 (9).jpg,8.940697e-08,0
302.jpg,test\FAKE\302.jpg,0.0,0
303 (10).jpg,test\FAKE\303 (10).jpg,0.0,0
303 (2).jpg,test\FAKE\303 (2).jpg,0.0,0
303 (3).jpg,test\FAKE\303 (3).jpg,0.0,0
303 (4).jpg,test\FAKE\303 (4).jpg,0.0,0
303 (5).jpg,test\FAKE\303 (5).jpg,0.0,0
303 (6).jpg,test\FAKE\303 (6).jpg,3.5762787e-07,0
303 (7).jpg,test\FAKE\303 (7).jpg,0.0,0
303 (8).jpg,test\FAKE\303 (8).jpg,0.0,0
303 (9).jpg,test\FAKE\303 (9).jpg,0.0,0
303.jpg,test\FAKE\303.jpg,0.0,0
304 (10).jpg,test\FAKE\304 (10).jpg,5.725026e-05,0
304 (2).jpg,test\FAKE\304 (2).jpg,0.0,0
304 (3).jpg,test\FAKE\304 (3).jpg,0.0,0
304 (4).jpg,test\FAKE\304 (4).jpg,2.9802322e-08,0
304 (5).jpg,test\FAKE\304 (5).jpg,0.0,0
304 (6).jpg,test\FAKE\304 (6).jpg,0.0,0
304 (7).jpg,test\FAKE\304 (7).jpg,0.0,0
304 (8).jpg,test\FAKE\304 (8).jpg,0.0,0
304 (9).jpg,test\FAKE\304 (9).jpg,0.0,0
304.jpg,test\FAKE\304.jpg,0.0,0
305 (10).jpg,test\FAKE\305 (10).jpg,0.0,0
305 (2).jpg,test\FAKE\305 (2).jpg,0.0,0
305 (3).jpg,test\FAKE\305 (3).jpg,0.00028005242,0
305 (4).jpg,test\FAKE\305 (4).jpg,0.0,0
305 (5).jpg,test\FAKE\305 (5).jpg,0.0,0
305 (6).jpg,test\FAKE\305 (6).jpg,2.0861626e-07,0
305 (7).jpg,test\FAKE\305 (7).jpg,0.0,0
305 (8).jpg,test\FAKE\305 (8).jpg,5.364418e-07,0
305 (9).jpg,test\FAKE\305 (9).jpg,0.0,0
305.jpg,test\FAKE\305.jpg,0.0,0
306 (10).jpg,test\FAKE\306 (10).jpg,0.0,0
306 (2).jpg,test\FAKE\306 (2).jpg,0.0,0
306 (3).jpg,test\FAKE\306 (3).jpg,0.0,0
306 (4).jpg,test\FAKE\306 (4).jpg,0.00265795,0
306 (5).jpg,test\FAKE\306 (5).jpg,0.0,0
306 (6).jpg,test\FAKE\306 (6).jpg,0.26904678,0
306 (7).jpg,test\FAKE\306 (7).jpg,0.0,0
306 (8).jpg,test\FAKE\306 (8).jpg,0.0,0
306 (9).jpg,test\FAKE\306 (9).jpg,0.0,0
306.jpg,test\FAKE\306.jpg,0.0001282394,0
307 (10).jpg,test\FAKE\307 (10).jpg,0.0245547,0
307 (2).jpg,test\FAKE\307 (2).jpg,0.0,0
307 (3).jpg,test\FAKE\307 (3).jpg,0.00538522,0
307 (4).jpg,test\FAKE\307 (4).jpg,0.0,0
307 (5).jpg,test\FAKE\307 (5).jpg,0.0,0
307 (6).jpg,test\FAKE\307 (6).jpg,0.0,0
307 (7).jpg,test\FAKE\307 (7).jpg,0.0,0
307 (8).jpg,test\FAKE\307 (8).jpg,0.0,0
307 (9).jpg,test\FAKE\307 (9).jpg,0.0,0
307.jpg,test\FAKE\307.jpg,0.0,0
308 (10).jpg,test\FAKE\308 (10).jpg,0.0,0
308 (2).jpg,test\FAKE\308 (2).jpg,0.0,0
308 (3).jpg,test\FAKE\308 (3).jpg,0.011760414,0
308 (4).jpg,test\FAKE\308 (4).jpg,0.0,0
308 (5).jpg,test\FAKE\308 (5).jpg,0.0,0
308 (6).jpg,test\FAKE\308 (6).jpg,0.0,0
308 (7).jpg,test\FAKE\308 (7).jpg,0.0,0
308 (8).jpg,test\FAKE\308 (8).jpg,0.0,0
308 (9).jpg,test\FAKE\308 (9).jpg,0.0,0
308.jpg,test\FAKE\308.jpg,0.0,0
309 (10).jpg,test\FAKE\309 (10).jpg,0.08666444,0
309 (2).jpg,test\FAKE\309 (2).jpg,0.0,0
309 (3).jpg,test\FAKE\309 (3).jpg,0.0,0
309 (4).jpg,test\FAKE\309 (4).jpg,0.0,0
309 (5).jpg,test\FAKE\309 (5).jpg,0.0,0
309 (6).jpg,test\FAKE\309 (6).jpg,0.0,0
309 (7).jpg,test\FAKE\309 (7).jpg,0.0,0
309 (8).jpg,test\FAKE\309 (8).jpg,0.00020998716,0
309 (9).jpg,test\FAKE\309 (9).jpg,0.0,0
309.jpg,test\FAKE\309.jpg,0.0,0
31 (10).jpg,test\FAKE\31 (10).jpg,0.0,0
31 (2).jpg,test\FAKE\31 (2).jpg,0.0,0
31 (3).jpg,test\FAKE\31 (3).jpg,0.0,0
31 (4).jpg,test\FAKE\31 (4).jpg,0.0,0
31 (5).jpg,test\FAKE\31 (5).jpg,1.8775463e-05,0
31 (6).jpg,test\FAKE\31 (6).jpg,0.0,0
31 (7).jpg,test\FAKE\31 (7).jpg,0.0,0
31 (8).jpg,test\FAKE\31 (8).jpg,0.0001500845,0
31 (9).jpg,test\FAKE\31 (9).jpg,0.0,0
31.jpg,test\FAKE\31.jpg,0.00802353,0
310 (10).jpg,test\FAKE\310 (10).jpg,0.0,0
310 (2).jpg,test\FAKE\310 (2).jpg,0.0,0
310 (3).jpg,test\FAKE\310 (3).jpg,1.7106533e-05,0
310 (4).jpg,test\FAKE\310 (4).jpg,0.0,0
310 (5).jpg,test\FAKE\310 (5).jpg,0.0,0
310 (6).jpg,test\FAKE\310 (6).jpg,0.0,0
310 (7).jpg,test\FAKE\310 (7).jpg,0.0,0
310 (8).jpg,test\FAKE\310 (8).jpg,1.1920929e-05,0
310 (9).jpg,test\FAKE\310 (9).jpg,0.0,0
310.jpg,test\FAKE\310.jpg,0.0,0
311 (10).jpg,test\FAKE\311 (10).jpg,3.7252903e-06,0
311 (2).jpg,test\FAKE\311 (2).jpg,0.0,0
311 (3).jpg,test\FAKE\311 (3).jpg,0.0,0
311 (4).jpg,test\FAKE\311 (4).jpg,0.0,0
311 (5).jpg,test\FAKE\311 (5).jpg,0.0,0
311 (6).jpg,test\FAKE\311 (6).jpg,0.0,0
311 (7).jpg,test\FAKE\311 (7).jpg,0.0,0
311 (8).jpg,test\FAKE\311 (8).jpg,0.0,0
311 (9).jpg,test\FAKE\311 (9).jpg,0.0,0
311.jpg,test\FAKE\311.jpg,0.0,0
312 (10).jpg,test\FAKE\312 (10).jpg,0.0,0
312 (2).jpg,test\FAKE\312 (2).jpg,0.0,0
312 (3).jpg,test\FAKE\312 (3).jpg,0.0,0
312 (4).jpg,test\FAKE\312 (4).jpg,0.14806548,0
312 (5).jpg,test\FAKE\312 (5).jpg,0.0,0
312 (6).jpg,test\FAKE\312 (6).jpg,0.0,0
312 (7).jpg,test\FAKE\312 (7).jpg,0.0,0
312 (8).jpg,test\FAKE\312 (8).jpg,1.886487e-05,0
312 (9).jpg,test\FAKE\312 (9).jpg,0.0,0
312.jpg,test\FAKE\312.jpg,1.0162592e-05,0
313 (10).jpg,test\FAKE\313 (10).jpg,0.0,0
313 (2).jpg,test\FAKE\313 (2).jpg,0.0,0
313 (3).jpg,test\FAKE\313 (3).jpg,1.1205673e-05,0
313 (4).jpg,test\FAKE\313 (4).jpg,0.0,0
313 (5).jpg,test\FAKE\313 (5).jpg,0.0,0
313 (6).jpg,test\FAKE\313 (6).jpg,8.076429e-06,0
313 (7).jpg,test\FAKE\313 (7).jpg,0.0,0
313 (8).jpg,test\FAKE\313 (8).jpg,0.0,0
313 (9).jpg,test\FAKE\313 (9).jpg,0.0005335808,0
313.jpg,test\FAKE\313.jpg,0.0017101467,0
314 (10).jpg,test\FAKE\314 (10).jpg,0.0,0
314 (2).jpg,test\FAKE\314 (2).jpg,0.0,0
314 (3).jpg,test\FAKE\314 (3).jpg,1.013279e-06,0
314 (4).jpg,test\FAKE\314 (4).jpg,0.0,0
314 (5).jpg,test\FAKE\314 (5).jpg,0.12583384,0
314 (6).jpg,test\FAKE\314 (6).jpg,2.592802e-06,0
314 (7).jpg,test\FAKE\314 (7).jpg,0.0,0
314 (8).jpg,test\FAKE\314 (8).jpg,0.0,0
314 (9).jpg,test\FAKE\314 (9).jpg,0.0,0
314.jpg,test\FAKE\314.jpg,0.0,0
315 (10).jpg,test\FAKE\315 (10).jpg,0.00061273575,0
315 (2).jpg,test\FAKE\315 (2).jpg,0.0,0
315 (3).jpg,test\FAKE\315 (3).jpg,0.0,0
315 (4).jpg,test\FAKE\315 (4).jpg,8.901954e-05,0
315 (5).jpg,test\FAKE\315 (5).jpg,0.0031456053,0
315 (6).jpg,test\FAKE\315 (6).jpg,0.0,0
315 (7).jpg,test\FAKE\315 (7).jpg,0.0,0
315 (8).jpg,test\FAKE\315 (8).jpg,8.940697e-08,0
315 (9).jpg,test\FAKE\315 (9).jpg,0.0015388429,0
315.jpg,test\FAKE\315.jpg,0.0,0
316 (10).jpg,test\FAKE\316 (10).jpg,0.0,0
316 (2).jpg,test\FAKE\316 (2).jpg,0.0,0
316 (3).jpg,test\FAKE\316 (3).jpg,0.0,0
316 (4).jpg,test\FAKE\316 (4).jpg,3.811717e-05,0
316 (5).jpg,test\FAKE\316 (5).jpg,0.0,0
316 (6).jpg,test\FAKE\316 (6).jpg,0.0,0
316 (7).jpg,test\FAKE\316 (7).jpg,0.0,0
316 (8).jpg,test\FAKE\316 (8).jpg,0.0,0
316 (9).jpg,test\FAKE\316 (9).jpg,0.0,0
316.jpg,test\FAKE\316.jpg,0.0,0
317 (10).jpg,test\FAKE\317 (10).jpg,0.0,0
317 (2).jpg,test\FAKE\317 (2).jpg,0.0,0
317 (3).jpg,test\FAKE\317 (3).jpg,0.51114863,1
317 (4).jpg,test\FAKE\317 (4).jpg,0.0,0
317 (5).jpg,test\FAKE\317 (5).jpg,0.0,0
317 (6).jpg,test\FAKE\317 (6).jpg,0.0,0
317 (7).jpg,test\FAKE\317 (7).jpg,0.0,0
317 (8).jpg,test\FAKE\317 (8).jpg,0.0,0
317 (9).jpg,test\FAKE\317 (9).jpg,0.0,0
317.jpg,test\FAKE\317.jpg,0.0,0
318 (10).jpg,test\FAKE\318 (10).jpg,4.9114227e-05,0
318 (2).jpg,test\FAKE\318 (2).jpg,0.0,0
318 (3).jpg,test\FAKE\318 (3).jpg,0.0,0
318 (4).jpg,test\FAKE\318 (4).jpg,0.0,0
318 (5).jpg,test\FAKE\318 (5).jpg,0.0,0
318 (6).jpg,test\FAKE\318 (6).jpg,0.0,0
318 (7).jpg,test\FAKE\318 (7).jpg,0.0,0
318 (8).jpg,test\FAKE\318 (8).jpg,0.0,0
318 (9).jpg,test\FAKE\318 (9).jpg,0.0,0
318.jpg,test\FAKE\318.jpg,0.0,0
319 (10).jpg,test\FAKE\319 (10).jpg,0.0,0
319 (2).jpg,test\FAKE\319 (2).jpg,0.0,0
319 (3).jpg,test\FAKE\319 (3).jpg,5.4329634e-05,0
319 (4).jpg,test\FAKE\319 (4).jpg,2.9802322e-08,0
319 (5).jpg,test\FAKE\319 (5).jpg,0.0,0
319 (6).jpg,test\FAKE\319 (6).jpg,0.0,0
319 (7).jpg,test\FAKE\319 (7).jpg,0.0,0
319 (8).jpg,test\FAKE\319 (8).jpg,0.0,0
319 (9).jpg,test\FAKE\319 (9).jpg,0.0044051707,0
319.jpg,test\FAKE\319.jpg,0.0,0
32 (10).jpg,test\FAKE\32 (10).jpg,0.0,0
32 (2).jpg,test\FAKE\32 (2).jpg,0.0,0
32 (3).jpg,test\FAKE\32 (3).jpg,3.0994415e-06,0
32 (4).jpg,test\FAKE\32 (4).jpg,0.41249,0
32 (5).jpg,test\FAKE\32 (5).jpg,0.0,0
32 (6).jpg,test\FAKE\32 (6).jpg,0.0002733469,0
32 (7).jpg,test\FAKE\32 (7).jpg,0.0,0
32 (8).jpg,test\FAKE\32 (8).jpg,0.0,0
32 (9).jpg,test\FAKE\32 (9).jpg,0.0,0
32.jpg,test\FAKE\32.jpg,0.0,0
320 (10).jpg,test\FAKE\320 (10).jpg,0.0,0
320 (2).jpg,test\FAKE\320 (2).jpg,0.0,0
320 (3).jpg,test\FAKE\320 (3).jpg,0.0,0
320 (4).jpg,test\FAKE\320 (4).jpg,0.0,0
320 (5).jpg,test\FAKE\320 (5).jpg,0.0,0
320 (6).jpg,test\FAKE\320 (6).jpg,1.7881393e-07,0
320 (7).jpg,test\FAKE\320 (7).jpg,0.0,0
320 (8).jpg,test\FAKE\320 (8).jpg,2.7775764e-05,0
320 (9).jpg,test\FAKE\320 (9).jpg,0.0,0
320.jpg,test\FAKE\320.jpg,5.066395e-07,0
321 (10).jpg,test\FAKE\321 (10).jpg,0.0,0
321 (2).jpg,test\FAKE\321 (2).jpg,0.0,0
321 (3).jpg,test\FAKE\321 (3).jpg,0.0,0
321 (4).jpg,test\FAKE\321 (4).jpg,0.0,0
321 (5).jpg,test\FAKE\321 (5).jpg,0.0,0
321 (6).jpg,test\FAKE\321 (6).jpg,0.0,0
321 (7).jpg,test\FAKE\321 (7).jpg,0.0,0
321 (8).jpg,test\FAKE\321 (8).jpg,4.4703484e-07,0
321 (9).jpg,test\FAKE\321 (9).jpg,0.0,0
321.jpg,test\FAKE\321.jpg,0.0,0
322 (10).jpg,test\FAKE\322 (10).jpg,9.536743e-07,0
322 (2).jpg,test\FAKE\322 (2).jpg,0.0,0
322 (3).jpg,test\FAKE\322 (3).jpg,0.00023037195,0
322 (4).jpg,test\FAKE\322 (4).jpg,0.0,0
322 (5).jpg,test\FAKE\322 (5).jpg,0.0017902851,0
322 (6).jpg,test\FAKE\322 (6).jpg,5.364418e-07,0
322 (7).jpg,test\FAKE\322 (7).jpg,0.0,0
322 (8).jpg,test\FAKE\322 (8).jpg,0.0,0
322 (9).jpg,test\FAKE\322 (9).jpg,3.5762787e-06,0
322.jpg,test\FAKE\322.jpg,0.00020578504,0
323 (10).jpg,test\FAKE\323 (10).jpg,0.0,0
323 (2).jpg,test\FAKE\323 (2).jpg,0.0,0
323 (3).jpg,test\FAKE\323 (3).jpg,0.18499571,0
323 (4).jpg,test\FAKE\323 (4).jpg,0.0,0
323 (5).jpg,test\FAKE\323 (5).jpg,2.3841858e-07,0
323 (6).jpg,test\FAKE\323 (6).jpg,0.0,0
323 (7).jpg,test\FAKE\323 (7).jpg,0.0,0
323 (8).jpg,test\FAKE\323 (8).jpg,0.00058043003,0
323 (9).jpg,test\FAKE\323 (9).jpg,0.0,0
323.jpg,test\FAKE\323.jpg,0.030980796,0
324 (10).jpg,test\FAKE\324 (10).jpg,4.848838e-05,0
324 (2).jpg,test\FAKE\324 (2).jpg,0.0,0
324 (3).jpg,test\FAKE\324 (3).jpg,0.99999785,1
324 (4).jpg,test\FAKE\324 (4).jpg,0.0,0
324 (5).jpg,test\FAKE\324 (5).jpg,0.0,0
324 (6).jpg,test\FAKE\324 (6).jpg,0.0,0
324 (7).jpg,test\FAKE\324 (7).jpg,0.0,0
324 (8).jpg,test\FAKE\324 (8).jpg,0.0,0
324 (9).jpg,test\FAKE\324 (9).jpg,0.0,0
324.jpg,test\FAKE\324.jpg,0.0,0
325 (10).jpg,test\FAKE\325 (10).jpg,4.798174e-06,0
325 (2).jpg,test\FAKE\325 (2).jpg,0.0,0
325 (3).jpg,test\FAKE\325 (3).jpg,0.00045084953,0
325 (4).jpg,test\FAKE\325 (4).jpg,1.7881393e-07,0
325 (5).jpg,test\FAKE\325 (5).jpg,0.0,0
325 (6).jpg,test\FAKE\325 (6).jpg,2.9802322e-07,0
325 (7).jpg,test\FAKE\325 (7).jpg,0.0,0
325 (8).jpg,test\FAKE\325 (8).jpg,0.0,0
325 (9).jpg,test\FAKE\325 (9).jpg,6.2584877e-07,0
325.jpg,test\FAKE\325.jpg,0.0,0
326 (10).jpg,test\FAKE\326 (10).jpg,0.0,0
326 (2).jpg,test\FAKE\326 (2).jpg,0.00832507,0
326 (3).jpg,test\FAKE\326 (3).jpg,0.0038298965,0
326 (4).jpg,test\FAKE\326 (4).jpg,4.401803e-05,0
326 (5).jpg,test\FAKE\326 (5).jpg,0.0,0
326 (6).jpg,test\FAKE\326 (6).jpg,5.9604645e-08,0
326 (7).jpg,test\FAKE\326 (7).jpg,0.0,0
326 (8).jpg,test\FAKE\326 (8).jpg,3.9368868e-05,0
326 (9).jpg,test\FAKE\326 (9).jpg,0.0005275011,0
326.jpg,test\FAKE\326.jpg,1.21593475e-05,0
327 (10).jpg,test\FAKE\327 (10).jpg,0.0,0
327 (2).jpg,test\FAKE\327 (2).jpg,0.0,0
327 (3).jpg,test\FAKE\327 (3).jpg,0.0,0
327 (4).jpg,test\FAKE\327 (4).jpg,1.0281801e-05,0
327 (5).jpg,test\FAKE\327 (5).jpg,0.0,0
327 (6).jpg,test\FAKE\327 (6).jpg,0.0,0
327 (7).jpg,test\FAKE\327 (7).jpg,0.0,0
327 (8).jpg,test\FAKE\327 (8).jpg,0.0,0
327 (9).jpg,test\FAKE\327 (9).jpg,0.0,0
327.jpg,test\FAKE\327.jpg,0.0,0
328 (10).jpg,test\FAKE\328 (10).jpg,0.0,0
328 (2).jpg,test\FAKE\328 (2).jpg,0.0,0
328 (3).jpg,test\FAKE\328 (3).jpg,3.963709e-06,0
328 (4).jpg,test\FAKE\328 (4).jpg,0.0,0
328 (5).jpg,test\FAKE\328 (5).jpg,0.0,0
328 (6).jpg,test\FAKE\328 (6).jpg,0.0,0
328 (7).jpg,test\FAKE\328 (7).jpg,0.0,0
328 (8).jpg,test\FAKE\328 (8).jpg,0.0,0
328 (9).jpg,test\FAKE\328 (9).jpg,0.0,0
328.jpg,test\FAKE\328.jpg,2.0861626e-07,0
329 (10).jpg,test\FAKE\329 (10).jpg,8.940697e-08,0
329 (2).jpg,test\FAKE\329 (2).jpg,0.0,0
329 (3).jpg,test\FAKE\329 (3).jpg,7.4505806e-07,0
329 (4).jpg,test\FAKE\329 (4).jpg,0.0,0
329 (5).jpg,test\FAKE\329 (5).jpg,0.0,0
329 (6).jpg,test\FAKE\329 (6).jpg,0.0,0
329 (7).jpg,test\FAKE\329 (7).jpg,0.0,0
329 (8).jpg,test\FAKE\329 (8).jpg,0.0,0
329 (9).jpg,test\FAKE\329 (9).jpg,0.9095137,1
329.jpg,test\FAKE\329.jpg,0.0,0
33 (10).jpg,test\FAKE\33 (10).jpg,1.6093254e-06,0
33 (2).jpg,test\FAKE\33 (2).jpg,0.0,0
33 (3).jpg,test\FAKE\33 (3).jpg,0.0,0
33 (4).jpg,test\FAKE\33 (4).jpg,1.2785196e-05,0
33 (5).jpg,test\FAKE\33 (5).jpg,0.0,0
33 (6).jpg,test\FAKE\33 (6).jpg,0.0,0
33 (7).jpg,test\FAKE\33 (7).jpg,5.930662e-06,0
33 (8).jpg,test\FAKE\33 (8).jpg,0.0,0
33 (9).jpg,test\FAKE\33 (9).jpg,0.0,0
33.jpg,test\FAKE\33.jpg,0.0,0
330 (10).jpg,test\FAKE\330 (10).jpg,0.0,0
330 (2).jpg,test\FAKE\330 (2).jpg,0.0,0
330 (3).jpg,test\FAKE\330 (3).jpg,5.364418e-07,0
330 (4).jpg,test\FAKE\330 (4).jpg,0.0,0
330 (5).jpg,test\FAKE\330 (5).jpg,0.0,0
330 (6).jpg,test\FAKE\330 (6).jpg,1.5795231e-06,0
330 (7).jpg,test\FAKE\330 (7).jpg,0.0,0
330 (8).jpg,test\FAKE\330 (8).jpg,0.0,0
330 (9).jpg,test\FAKE\330 (9).jpg,2.9802322e-07,0
330.jpg,test\FAKE\330.jpg,0.0,0
331 (10).jpg,test\FAKE\331 (10).jpg,0.0,0
331 (2).jpg,test\FAKE\331 (2).jpg,0.0,0
331 (3).jpg,test\FAKE\331 (3).jpg,0.0484671,0
331 (4).jpg,test\FAKE\331 (4).jpg,2.3841858e-07,0
331 (5).jpg,test\FAKE\331 (5).jpg,0.0,0
331 (6).jpg,test\FAKE\331 (6).jpg,6.854534e-07,0
331 (7).jpg,test\FAKE\331 (7).jpg,0.0,0
331 (8).jpg,test\FAKE\331 (8).jpg,0.0,0
331 (9).jpg,test\FAKE\331 (9).jpg,0.0,0
331.jpg,test\FAKE\331.jpg,5.4836273e-06,0
332 (10).jpg,test\FAKE\332 (10).jpg,0.0,0
332 (2).jpg,test\FAKE\332 (2).jpg,2.9802322e-08,0
332 (3).jpg,test\FAKE\332 (3).jpg,0.0,0
332 (4).jpg,test\FAKE\332 (4).jpg,1.296401e-05,0
332 (5).jpg,test\FAKE\332 (5).jpg,1.3232231e-05,0
332 (6).jpg,test\FAKE\332 (6).jpg,0.0,0
332 (7).jpg,test\FAKE\332 (7).jpg,0.0,0
332 (8).jpg,test\FAKE\332 (8).jpg,4.5001507e-06,0
332 (9).jpg,test\FAKE\332 (9).jpg,0.00018432736,0
332.jpg,test\FAKE\332.jpg,0.026751846,0
333 (10).jpg,test\FAKE\333 (10).jpg,2.9802322e-08,0
333 (2).jpg,test\FAKE\333 (2).jpg,0.0,0
333 (3).jpg,test\FAKE\333 (3).jpg,0.0,0
333 (4).jpg,test\FAKE\333 (4).jpg,0.0,0
333 (5).jpg,test\FAKE\333 (5).jpg,0.0,0
333 (6).jpg,test\FAKE\333 (6).jpg,0.0,0
333 (7).jpg,test\FAKE\333 (7).jpg,0.0,0
333 (8).jpg,test\FAKE\333 (8).jpg,0.0,0
333 (9).jpg,test\FAKE\333 (9).jpg,0.0,0
333.jpg,test\FAKE\333.jpg,0.0,0
334 (10).jpg,test\FAKE\334 (10).jpg,0.0,0
334 (2).jpg,test\FAKE\334 (2).jpg,0.0,0
334 (3).jpg,test\FAKE\334 (3).jpg,2.9802322e-07,0
334 (4).jpg,test\FAKE\334 (4).jpg,0.0,0
334 (5).jpg,test\FAKE\334 (5).jpg,0.0,0
334 (6).jpg,test\FAKE\334 (6).jpg,1.2516975e-06,0
334 (7).jpg,test\FAKE\334 (7).jpg,0.0,0
334 (8).jpg,test\FAKE\334 (8).jpg,0.13112956,0
334 (9).jpg,test\FAKE\334 (9).jpg,0.0,0
334.jpg,test\FAKE\334.jpg,0.21819353,0
335 (10).jpg,test\FAKE\335 (10).jpg,0.0,0
335 (2).jpg,test\FAKE\335 (2).jpg,0.0,0
335 (3).jpg,test\FAKE\335 (3).jpg,0.0,0
335 (4).jpg,test\FAKE\335 (4).jpg,0.0,0
335 (5).jpg,test\FAKE\335 (5).jpg,0.0,0
335 (6).jpg,test\FAKE\335 (6).jpg,0.0,0
335 (7).jpg,test\FAKE\335 (7).jpg,0.0,0
335 (8).jpg,test\FAKE\335 (8).jpg,5.9604645e-08,0
335 (9).jpg,test\FAKE\335 (9).jpg,0.0,0
335.jpg,test\FAKE\335.jpg,0.0,0
336 (10).jpg,test\FAKE\336 (10).jpg,1.4901161e-07,0
336 (2).jpg,test\FAKE\336 (2).jpg,0.0007454753,0
336 (3).jpg,test\FAKE\336 (3).jpg,0.0001796186,0
336 (4).jpg,test\FAKE\336 (4).jpg,0.03167361,0
336 (5).jpg,test\FAKE\336 (5).jpg,0.0,0
336 (6).jpg,test\FAKE\336 (6).jpg,0.0,0
336 (7).jpg,test\FAKE\336 (7).jpg,0.0,0
336 (8).jpg,test\FAKE\336 (8).jpg,0.0,0
336 (9).jpg,test\FAKE\336 (9).jpg,0.0,0
336.jpg,test\FAKE\336.jpg,0.0,0
337 (10).jpg,test\FAKE\337 (10).jpg,0.0,0
337 (2).jpg,test\FAKE\337 (2).jpg,0.0,0
337 (3).jpg,test\FAKE\337 (3).jpg,0.10794711,0
337 (4).jpg,test\FAKE\337 (4).jpg,0.0,0
337 (5).jpg,test\FAKE\337 (5).jpg,0.0,0
337 (6).jpg,test\FAKE\337 (6).jpg,0.0,0
337 (7).jpg,test\FAKE\337 (7).jpg,0.0,0
337 (8).jpg,test\FAKE\337 (8).jpg,0.0,0
337 (9).jpg,test\FAKE\337 (9).jpg,0.0,0
337.jpg,test\FAKE\337.jpg,0.0,0
338 (10).jpg,test\FAKE\338 (10).jpg,0.0,0
338 (2).jpg,test\FAKE\338 (2).jpg,0.0,0
338 (3).jpg,test\FAKE\338 (3).jpg,2.9802322e-08,0
338 (4).jpg,test\FAKE\338 (4).jpg,0.0,0
338 (5).jpg,test\FAKE\338 (5).jpg,0.0,0
338 (6).jpg,test\FAKE\338 (6).jpg,0.0,0
338 (7).jpg,test\FAKE\338 (7).jpg,0.0,0
338 (8).jpg,test\FAKE\338 (8).jpg,0.0,0
338 (9).jpg,test\FAKE\338 (9).jpg,0.00039878488,0
338.jpg,test\FAKE\338.jpg,0.0,0
339 (10).jpg,test\FAKE\339 (10).jpg,0.0,0
339 (2).jpg,test\FAKE\339 (2).jpg,0.0,0
339 (3).jpg,test\FAKE\339 (3).jpg,0.0025393367,0
339 (4).jpg,test\FAKE\339 (4).jpg,0.00042131543,0
339 (5).jpg,test\FAKE\339 (5).jpg,0.0,0
339 (6).jpg,test\FAKE\339 (6).jpg,0.31885788,0
339 (7).jpg,test\FAKE\339 (7).jpg,0.0,0
339 (8).jpg,test\FAKE\339 (8).jpg,0.0012648404,0
339 (9).jpg,test\FAKE\339 (9).jpg,0.0,0
339.jpg,test\FAKE\339.jpg,0.0,0
34 (10).jpg,test\FAKE\34 (10).jpg,0.0,0
34 (2).jpg,test\FAKE\34 (2).jpg,0.0,0
34 (3).jpg,test\FAKE\34 (3).jpg,8.6426735e-07,0
34 (4).jpg,test\FAKE\34 (4).jpg,0.0,0
34 (5).jpg,test\FAKE\34 (5).jpg,5.662441e-07,0
34 (6).jpg,test\FAKE\34 (6).jpg,0.0,0
34 (7).jpg,test\FAKE\34 (7).jpg,0.0,0
34 (8).jpg,test\FAKE\34 (8).jpg,0.0,0
34 (9).jpg,test\FAKE\34 (9).jpg,0.097474456,0
34.jpg,test\FAKE\34.jpg,0.0,0
340 (10).jpg,test\FAKE\340 (10).jpg,5.9604645e-08,0
340 (2).jpg,test\FAKE\340 (2).jpg,1.0192394e-05,0
340 (3).jpg,test\FAKE\340 (3).jpg,2.7120113e-06,0
340 (4).jpg,test\FAKE\340 (4).jpg,0.0,0
340 (5).jpg,test\FAKE\340 (5).jpg,0.0,0
340 (6).jpg,test\FAKE\340 (6).jpg,0.0,0
340 (7).jpg,test\FAKE\340 (7).jpg,0.0,0
340 (8).jpg,test\FAKE\340 (8).jpg,0.0,0
340 (9).jpg,test\FAKE\340 (9).jpg,1.0430813e-06,0
340.jpg,test\FAKE\340.jpg,3.0100346e-06,0
341 (10).jpg,test\FAKE\341 (10).jpg,0.0,0
341 (2).jpg,test\FAKE\341 (2).jpg,2.0563602e-06,0
341 (3).jpg,test\FAKE\341 (3).jpg,0.0,0
341 (4).jpg,test\FAKE\341 (4).jpg,0.0,0
341 (5).jpg,test\FAKE\341 (5).jpg,0.0,0
341 (6).jpg,test\FAKE\341 (6).jpg,0.0,0
341 (7).jpg,test\FAKE\341 (7).jpg,0.0,0
341 (8).jpg,test\FAKE\341 (8).jpg,1.7881393e-06,0
341 (9).jpg,test\FAKE\341 (9).jpg,0.0,0
341.jpg,test\FAKE\341.jpg,8.940697e-08,0
342 (10).jpg,test\FAKE\342 (10).jpg,2.3841858e-07,0
342 (2).jpg,test\FAKE\342 (2).jpg,0.0,0
342 (3).jpg,test\FAKE\342 (3).jpg,0.0,0
342 (4).jpg,test\FAKE\342 (4).jpg,8.940697e-08,0
342 (5).jpg,test\FAKE\342 (5).jpg,0.0,0
342 (6).jpg,test\FAKE\342 (6).jpg,0.0,0
342 (7).jpg,test\FAKE\342 (7).jpg,0.0,0
342 (8).jpg,test\FAKE\342 (8).jpg,0.0,0
342 (9).jpg,test\FAKE\342 (9).jpg,0.0,0
342.jpg,test\FAKE\342.jpg,0.0,0
343 (10).jpg,test\FAKE\343 (10).jpg,0.00021135807,0
343 (2).jpg,test\FAKE\343 (2).jpg,0.0,0
343 (3).jpg,test\FAKE\343 (3).jpg,0.0,0
343 (4).jpg,test\FAKE\343 (4).jpg,2.9802322e-07,0
343 (5).jpg,test\FAKE\343 (5).jpg,0.0,0
343 (6).jpg,test\FAKE\343 (6).jpg,0.0,0
343 (7).jpg,test\FAKE\343 (7).jpg,0.0,0
343 (8).jpg,test\FAKE\343 (8).jpg,0.0,0
343 (9).jpg,test\FAKE\343 (9).jpg,4.4703484e-07,0
343.jpg,test\FAKE\343.jpg,0.0,0
344 (10).jpg,test\FAKE\344 (10).jpg,0.022934765,0
344 (2).jpg,test\FAKE\344 (2).jpg,0.0,0
344 (3).jpg,test\FAKE\344 (3).jpg,2.3841858e-07,0
344 (4).jpg,test\FAKE\344 (4).jpg,0.0,0
344 (5).jpg,test\FAKE\344 (5).jpg,0.0,0
344 (6).jpg,test\FAKE\344 (6).jpg,0.0,0
344 (7).jpg,test\FAKE\344 (7).jpg,0.0,0
344 (8).jpg,test\FAKE\344 (8).jpg,0.0,0
344 (9).jpg,test\FAKE\344 (9).jpg,2.5719404e-05,0
344.jpg,test\FAKE\344.jpg,0.000433743,0
345 (10).jpg,test\FAKE\345 (10).jpg,0.0,0
345 (2).jpg,test\FAKE\345 (2).jpg,0.0,0
345 (3).jpg,test\FAKE\345 (3).jpg,5.9604645e-08,0
345 (4).jpg,test\FAKE\345 (4).jpg,4.646182e-05,0
345 (5).jpg,test\FAKE\345 (5).jpg,0.0,0
345 (6).jpg,test\FAKE\345 (6).jpg,0.0,0
345 (7).jpg,test\FAKE\345 (7).jpg,0.0,0
345 (8).jpg,test\FAKE\345 (8).jpg,0.0,0
345 (9).jpg,test\FAKE\345 (9).jpg,0.0,0
345.jpg,test\FAKE\345.jpg,5.662441e-07,0
346 (10).jpg,test\FAKE\346 (10).jpg,0.0,0
346 (2).jpg,test\FAKE\346 (2).jpg,6.645918e-06,0
346 (3).jpg,test\FAKE\346 (3).jpg,0.000166744,0
346 (4).jpg,test\FAKE\346 (4).jpg,1.3113022e-06,0
346 (5).jpg,test\FAKE\346 (5).jpg,0.0,0
346 (6).jpg,test\FAKE\346 (6).jpg,0.0,0
346 (7).jpg,test\FAKE\346 (7).jpg,0.0,0
346 (8).jpg,test\FAKE\346 (8).jpg,0.0,0
346 (9).jpg,test\FAKE\346 (9).jpg,1.9222498e-05,0
346.jpg,test\FAKE\346.jpg,0.0,0
347 (10).jpg,test\FAKE\347 (10).jpg,0.0,0
347 (2).jpg,test\FAKE\347 (2).jpg,0.0,0
347 (3).jpg,test\FAKE\347 (3).jpg,0.00010019541,0
347 (4).jpg,test\FAKE\347 (4).jpg,4.544854e-05,0
347 (5).jpg,test\FAKE\347 (5).jpg,2.503395e-06,0
347 (6).jpg,test\FAKE\347 (6).jpg,0.0,0
347 (7).jpg,test\FAKE\347 (7).jpg,0.0,0
347 (8).jpg,test\FAKE\347 (8).jpg,2.0861626e-07,0
347 (9).jpg,test\FAKE\347 (9).jpg,0.0,0
347.jpg,test\FAKE\347.jpg,0.0003297627,0
348 (10).jpg,test\FAKE\348 (10).jpg,0.0,0
348 (2).jpg,test\FAKE\348 (2).jpg,0.0,0
348 (3).jpg,test\FAKE\348 (3).jpg,0.0,0
348 (4).jpg,test\FAKE\348 (4).jpg,3.0070543e-05,0
348 (5).jpg,test\FAKE\348 (5).jpg,0.0,0
348 (6).jpg,test\FAKE\348 (6).jpg,0.0,0
348 (7).jpg,test\FAKE\348 (7).jpg,0.0,0
348 (8).jpg,test\FAKE\348 (8).jpg,0.0,0
348 (9).jpg,test\FAKE\348 (9).jpg,0.0,0
348.jpg,test\FAKE\348.jpg,0.0,0
349 (10).jpg,test\FAKE\349 (10).jpg,0.0,0
349 (2).jpg,test\FAKE\349 (2).jpg,0.0,0
349 (3).jpg,test\FAKE\349 (3).jpg,0.35100698,0
349 (4).jpg,test\FAKE\349 (4).jpg,0.0013035238,0
349 (5).jpg,test\FAKE\349 (5).jpg,0.0,0
349 (6).jpg,test\FAKE\349 (6).jpg,0.0,0
349 (7).jpg,test\FAKE\349 (7).jpg,0.0,0
349 (8).jpg,test\FAKE\349 (8).jpg,0.0,0
349 (9).jpg,test\FAKE\349 (9).jpg,2.2351742e-06,0
349.jpg,test\FAKE\349.jpg,0.0,0
35 (10).jpg,test\FAKE\35 (10).jpg,0.0,0
35 (2).jpg,test\FAKE\35 (2).jpg,0.0,0
35 (3).jpg,test\FAKE\35 (3).jpg,0.038154095,0
35 (4).jpg,test\FAKE\35 (4).jpg,1.2069941e-05,0
35 (5).jpg,test\FAKE\35 (5).jpg,0.0,0
35 (6).jpg,test\FAKE\35 (6).jpg,0.00024920702,0
35 (7).jpg,test\FAKE\35 (7).jpg,0.0,0
35 (8).jpg,test\FAKE\35 (8).jpg,0.0,0
35 (9).jpg,test\FAKE\35 (9).jpg,0.0,0
35.jpg,test\FAKE\35.jpg,0.0,0
350 (10).jpg,test\FAKE\350 (10).jpg,0.0,0
350 (2).jpg,test\FAKE\350 (2).jpg,0.0,0
350 (3).jpg,test\FAKE\350 (3).jpg,0.0,0
350 (4).jpg,test\FAKE\350 (4).jpg,0.0,0
350 (5).jpg,test\FAKE\350 (5).jpg,0.0,0
350 (6).jpg,test\FAKE\350 (6).jpg,0.9785491,1
350 (7).jpg,test\FAKE\350 (7).jpg,0.0,0
350 (8).jpg,test\FAKE\350 (8).jpg,0.0,0
350 (9).jpg,test\FAKE\350 (9).jpg,0.0,0
350.jpg,test\FAKE\350.jpg,0.0,0
351 (10).jpg,test\FAKE\351 (10).jpg,0.0,0
351 (2).jpg,test\FAKE\351 (2).jpg,0.0,0
351 (3).jpg,test\FAKE\351 (3).jpg,0.0,0
351 (4).jpg,test\FAKE\351 (4).jpg,0.0,0
351 (5).jpg,test\FAKE\351 (5).jpg,0.0,0
351 (6).jpg,test\FAKE\351 (6).jpg,0.0,0
351 (7).jpg,test\FAKE\351 (7).jpg,0.0,0
351 (8).jpg,test\FAKE\351 (8).jpg,0.0,0
351 (9).jpg,test\FAKE\351 (9).jpg,4.7683716e-07,0
351.jpg,test\FAKE\351.jpg,0.0,0
352 (10).jpg,test\FAKE\352 (10).jpg,0.0,0
352 (2).jpg,test\FAKE\352 (2).jpg,0.0,0
352 (3).jpg,test\FAKE\352 (3).jpg,0.0,0
352 (4).jpg,test\FAKE\352 (4).jpg,0.0,0
352 (5).jpg,test\FAKE\352 (5).jpg,1.4901161e-07,0
352 (6).jpg,test\FAKE\352 (6).jpg,0.0,0
352 (7).jpg,test\FAKE\352 (7).jpg,0.0,0
352 (8).jpg,test\FAKE\352 (8).jpg,0.0,0
352 (9).jpg,test\FAKE\352 (9).jpg,0.0,0
352.jpg,test\FAKE\352.jpg,0.0,0
353 (10).jpg,test\FAKE\353 (10).jpg,0.0,0
353 (2).jpg,test\FAKE\353 (2).jpg,0.0,0
353 (3).jpg,test\FAKE\353 (3).jpg,0.0,0
353 (4).jpg,test\FAKE\353 (4).jpg,0.0,0
353 (5).jpg,test\FAKE\353 (5).jpg,0.0,0
353 (6).jpg,test\FAKE\353 (6).jpg,0.0,0
353 (7).jpg,test\FAKE\353 (7).jpg,0.0,0
353 (8).jpg,test\FAKE\353 (8).jpg,0.0031802356,0
353 (9).jpg,test\FAKE\353 (9).jpg,0.00036984682,0
353.jpg,test\FAKE\353.jpg,0.0053488314,0
354 (10).jpg,test\FAKE\354 (10).jpg,0.0,0
354 (2).jpg,test\FAKE\354 (2).jpg,0.0,0
354 (3).jpg,test\FAKE\354 (3).jpg,0.0,0
354 (4).jpg,test\FAKE\354 (4).jpg,4.0471554e-05,0
354 (5).jpg,test\FAKE\354 (5).jpg,0.0,0
354 (6).jpg,test\FAKE\354 (6).jpg,2.6285648e-05,0
354 (7).jpg,test\FAKE\354 (7).jpg,0.0,0
354 (8).jpg,test\FAKE\354 (8).jpg,0.0,0
354 (9).jpg,test\FAKE\354 (9).jpg,0.0,0
354.jpg,test\FAKE\354.jpg,0.0,0
355 (10).jpg,test\FAKE\355 (10).jpg,0.0,0
355 (2).jpg,test\FAKE\355 (2).jpg,2.9802322e-08,0
355 (3).jpg,test\FAKE\355 (3).jpg,0.0,0
355 (4).jpg,test\FAKE\355 (4).jpg,0.0,0
355 (5).jpg,test\FAKE\355 (5).jpg,0.0,0
355 (6).jpg,test\FAKE\355 (6).jpg,0.0,0
355 (7).jpg,test\FAKE\355 (7).jpg,0.0,0
355 (8).jpg,test\FAKE\355 (8).jpg,0.0,0
355 (9).jpg,test\FAKE\355 (9).jpg,0.0,0
355.jpg,test\FAKE\355.jpg,0.0,0
356 (10).jpg,test\FAKE\356 (10).jpg,8.940697e-08,0
356 (2).jpg,test\FAKE\356 (2).jpg,1.2516975e-06,0
356 (3).jpg,test\FAKE\356 (3).jpg,3.2782555e-07,0
356 (4).jpg,test\FAKE\356 (4).jpg,6.2584877e-07,0
356 (5).jpg,test\FAKE\356 (5).jpg,0.0,0
356 (6).jpg,test\FAKE\356 (6).jpg,0.0,0
356 (7).jpg,test\FAKE\356 (7).jpg,0.0,0
356 (8).jpg,test\FAKE\356 (8).jpg,0.0,0
356 (9).jpg,test\FAKE\356 (9).jpg,0.0,0
356.jpg,test\FAKE\356.jpg,0.00019201636,0
357 (10).jpg,test\FAKE\357 (10).jpg,0.0,0
357 (2).jpg,test\FAKE\357 (2).jpg,0.0,0
357 (3).jpg,test\FAKE\357 (3).jpg,4.172325e-07,0
357 (4).jpg,test\FAKE\357 (4).jpg,0.0,0
357 (5).jpg,test\FAKE\357 (5).jpg,0.00061285496,0
357 (6).jpg,test\FAKE\357 (6).jpg,0.0,0
357 (7).jpg,test\FAKE\357 (7).jpg,0.0,0
357 (8).jpg,test\FAKE\357 (8).jpg,0.0,0
357 (9).jpg,test\FAKE\357 (9).jpg,0.0036687255,0
357.jpg,test\FAKE\357.jpg,0.0044204593,0
358 (10).jpg,test\FAKE\358 (10).jpg,0.0,0
358 (2).jpg,test\FAKE\358 (2).jpg,0.0,0
358 (3).jpg,test\FAKE\358 (3).jpg,0.0,0
358 (4).jpg,test\FAKE\358 (4).jpg,0.0,0
358 (5).jpg,test\FAKE\358 (5).jpg,0.0,0
358 (6).jpg,test\FAKE\358 (6).jpg,0.0,0
358 (7).jpg,test\FAKE\358 (7).jpg,0.0,0
358 (8).jpg,test\FAKE\358 (8).jpg,2.9802322e-07,0
358 (9).jpg,test\FAKE\358 (9).jpg,0.008985013,0
358.jpg,test\FAKE\358.jpg,0.0,0
359 (10).jpg,test\FAKE\359 (10).jpg,0.0,0
359 (2).jpg,test\FAKE\359 (2).jpg,0.0,0
359 (3).jpg,test\FAKE\359 (3).jpg,3.5762787e-07,0
359 (4).jpg,test\FAKE\359 (4).jpg,0.084730536,0
359 (5).jpg,test\FAKE\359 (5).jpg,0.0,0
359 (6).jpg,test\FAKE\359 (6).jpg,0.0,0
359 (7).jpg,test\FAKE\359 (7).jpg,0.0,0
359 (8).jpg,test\FAKE\359 (8).jpg,0.0,0
359 (9).jpg,test\FAKE\359 (9).jpg,7.033348e-06,0
359.jpg,test\FAKE\359.jpg,0.0,0
36 (10).jpg,test\FAKE\36 (10).jpg,0.0,0
36 (2).jpg,test\FAKE\36 (2).jpg,0.003414929,0
36 (3).jpg,test\FAKE\36 (3).jpg,0.0015981495,0
36 (4).jpg,test\FAKE\36 (4).jpg,8.940697e-08,0
36 (5).jpg,test\FAKE\36 (5).jpg,0.0,0
36 (6).jpg,test\FAKE\36 (6).jpg,0.0,0
36 (7).jpg,test\FAKE\36 (7).jpg,0.0,0
36 (8).jpg,test\FAKE\36 (8).jpg,0.15413013,0
36 (9).jpg,test\FAKE\36 (9).jpg,1.4901161e-07,0
36.jpg,test\FAKE\36.jpg,0.0,0
360 (10).jpg,test\FAKE\360 (10).jpg,2.682209e-07,0
360 (2).jpg,test\FAKE\360 (2).jpg,0.0,0
360 (3).jpg,test\FAKE\360 (3).jpg,0.0,0
360 (4).jpg,test\FAKE\360 (4).jpg,0.0,0
360 (5).jpg,test\FAKE\360 (5).jpg,0.0,0
360 (6).jpg,test\FAKE\360 (6).jpg,0.000518471,0
360 (7).jpg,test\FAKE\360 (7).jpg,0.0,0
360 (8).jpg,test\FAKE\360 (8).jpg,0.0,0
360 (9).jpg,test\FAKE\360 (9).jpg,7.4505806e-07,0
360.jpg,test\FAKE\360.jpg,0.0,0
361 (10).jpg,test\FAKE\361 (10).jpg,3.516674e-06,0
361 (2).jpg,test\FAKE\361 (2).jpg,0.0,0
361 (3).jpg,test\FAKE\361 (3).jpg,0.0,0
361 (4).jpg,test\FAKE\361 (4).jpg,0.0,0
361 (5).jpg,test\FAKE\361 (5).jpg,0.0,0
361 (6).jpg,test\FAKE\361 (6).jpg,0.0001129508,0
361 (7).jpg,test\FAKE\361 (7).jpg,0.0,0
361 (8).jpg,test\FAKE\361 (8).jpg,0.0,0
361 (9).jpg,test\FAKE\361 (9).jpg,0.0,0
361.jpg,test\FAKE\361.jpg,3.5762787e-07,0
362 (10).jpg,test\FAKE\362 (10).jpg,2.9802322e-07,0
362 (2).jpg,test\FAKE\362 (2).jpg,1.1920929e-07,0
362 (3).jpg,test\FAKE\362 (3).jpg,0.0,0
362 (4).jpg,test\FAKE\362 (4).jpg,0.0,0
362 (5).jpg,test\FAKE\362 (5).jpg,0.0,0
362 (6).jpg,test\FAKE\362 (6).jpg,2.9802322e-08,0
362 (7).jpg,test\FAKE\362 (7).jpg,0.0,0
362 (8).jpg,test\FAKE\362 (8).jpg,0.0,0
362 (9).jpg,test\FAKE\362 (9).jpg,0.0,0
362.jpg,test\FAKE\362.jpg,0.00010287762,0
363 (10).jpg,test\FAKE\363 (10).jpg,6.0528517e-05,0
363 (2).jpg,test\FAKE\363 (2).jpg,0.0,0
363 (3).jpg,test\FAKE\363 (3).jpg,0.0,0
363 (4).jpg,test\FAKE\363 (4).jpg,0.0,0
363 (5).jpg,test\FAKE\363 (5).jpg,8.940697e-08,0
363 (6).jpg,test\FAKE\363 (6).jpg,0.0,0
363 (7).jpg,test\FAKE\363 (7).jpg,0.0,0
363 (8).jpg,test\FAKE\363 (8).jpg,0.0,0
363 (9).jpg,test\FAKE\363 (9).jpg,0.0,0
363.jpg,test\FAKE\363.jpg,9.23872e-07,0
364 (10).jpg,test\FAKE\364 (10).jpg,0.0,0
364 (2).jpg,test\FAKE\364 (2).jpg,7.033348e-06,0
364 (3).jpg,test\FAKE\364 (3).jpg,0.0,0
364 (4).jpg,test\FAKE\364 (4).jpg,0.0,0
364 (5).jpg,test\FAKE\364 (5).jpg,0.0,0
364 (6).jpg,test\FAKE\364 (6).jpg,0.0,0
364 (7).jpg,test\FAKE\364 (7).jpg,0.0,0
364 (8).jpg,test\FAKE\364 (8).jpg,0.0012967885,0
364 (9).jpg,test\FAKE\364 (9).jpg,0.0,0
364.jpg,test\FAKE\364.jpg,0.0,0
365 (10).jpg,test\FAKE\365 (10).jpg,4.568696e-05,0
365 (2).jpg,test\FAKE\365 (2).jpg,3.0398369e-06,0
365 (3).jpg,test\FAKE\365 (3).jpg,1.1920929e-07,0
365 (4).jpg,test\FAKE\365 (4).jpg,0.000256598,0
365 (5).jpg,test\FAKE\365 (5).jpg,0.0,0
365 (6).jpg,test\FAKE\365 (6).jpg,2.8014183e-06,0
365 (7).jpg,test\FAKE\365 (7).jpg,0.0006135404,0
365 (8).jpg,test\FAKE\365 (8).jpg,0.0,0
365 (9).jpg,test\FAKE\365 (9).jpg,0.0,0
365.jpg,test\FAKE\365.jpg,0.0,0
366 (10).jpg,test\FAKE\366 (10).jpg,0.0,0
366 (2).jpg,test\FAKE\366 (2).jpg,0.00021031499,0
366 (3).jpg,test\FAKE\366 (3).jpg,0.0,0
366 (4).jpg,test\FAKE\366 (4).jpg,0.0,0
366 (5).jpg,test\FAKE\366 (5).jpg,0.0,0
366 (6).jpg,test\FAKE\366 (6).jpg,0.0,0
366 (7).jpg,test\FAKE\366 (7).jpg,0.0,0
366 (8).jpg,test\FAKE\366 (8).jpg,1.7881393e-07,0
366 (9).jpg,test\FAKE\366 (9).jpg,5.364418e-07,0
366.jpg,test\FAKE\366.jpg,0.0,0
367 (10).jpg,test\FAKE\367 (10).jpg,0.021512508,0
367 (2).jpg,test\FAKE\367 (2).jpg,0.0,0
367 (3).jpg,test\FAKE\367 (3).jpg,0.00028494,0
367 (4).jpg,test\FAKE\367 (4).jpg,0.0,0
367 (5).jpg,test\FAKE\367 (5).jpg,0.0,0
367 (6).jpg,test\FAKE\367 (6).jpg,0.0,0
367 (7).jpg,test\FAKE\367 (7).jpg,0.0,0
367 (8).jpg,test\FAKE\367 (8).jpg,0.0,0
367 (9).jpg,test\FAKE\367 (9).jpg,0.0,0
367.jpg,test\FAKE\367.jpg,0.0,0
368 (10).jpg,test\FAKE\368 (10).jpg,0.0,0
368 (2).jpg,test\FAKE\368 (2).jpg,0.0,0
368 (3).jpg,test\FAKE\368 (3).jpg,2.014637e-05,0
368 (4).jpg,test\FAKE\368 (4).jpg,0.0,0
368 (5).jpg,test\FAKE\368 (5).jpg,0.0,0
368 (6).jpg,test\FAKE\368 (6).jpg,3.5762787e-07,0
368 (7).jpg,test\FAKE\368 (7).jpg,0.0,0
368 (8).jpg,test\FAKE\368 (8).jpg,0.0,0
368 (9).jpg,test\FAKE\368 (9).jpg,0.0,0
368.jpg,test\FAKE\368.jpg,0.0,0
369 (10).jpg,test\FAKE\369 (10).jpg,0.0,0
369 (2).jpg,test\FAKE\369 (2).jpg,0.0,0
369 (3).jpg,test\FAKE\369 (3).jpg,0.09522092,0
369 (4).jpg,test\FAKE\369 (4).jpg,0.0,0
369 (5).jpg,test\FAKE\369 (5).jpg,0.0,0
369 (6).jpg,test\FAKE\369 (6).jpg,0.0,0
369 (7).jpg,test\FAKE\369 (7).jpg,0.0,0
369 (8).jpg,test\FAKE\369 (8).jpg,0.0,0
369 (9).jpg,test\FAKE\369 (9).jpg,0.0,0
369.jpg,test\FAKE\369.jpg,0.0,0
37 (10).jpg,test\FAKE\37 (10).jpg,0.0,0
37 (2).jpg,test\FAKE\37 (2).jpg,0.00036290288,0
37 (3).jpg,test\FAKE\37 (3).jpg,0.00016638637,0
37 (4).jpg,test\FAKE\37 (4).jpg,0.0,0
37 (5).jpg,test\FAKE\37 (5).jpg,4.172325e-07,0
37 (6).jpg,test\FAKE\37 (6).jpg,0.0,0
37 (7).jpg,test\FAKE\37 (7).jpg,0.0,0
37 (8).jpg,test\FAKE\37 (8).jpg,4.172325e-07,0
37 (9).jpg,test\FAKE\37 (9).jpg,5.364418e-06,0
37.jpg,test\FAKE\37.jpg,0.0,0
370 (10).jpg,test\FAKE\370 (10).jpg,0.0,0
370 (2).jpg,test\FAKE\370 (2).jpg,0.0,0
370 (3).jpg,test\FAKE\370 (3).jpg,0.0006482303,0
370 (4).jpg,test\FAKE\370 (4).jpg,9.23872e-07,0
370 (5).jpg,test\FAKE\370 (5).jpg,0.0,0
370 (6).jpg,test\FAKE\370 (6).jpg,0.0,0
370 (7).jpg,test\FAKE\370 (7).jpg,0.0,0
370 (8).jpg,test\FAKE\370 (8).jpg,0.0,0
370 (9).jpg,test\FAKE\370 (9).jpg,0.0040847063,0
370.jpg,test\FAKE\370.jpg,0.0,0
371 (10).jpg,test\FAKE\371 (10).jpg,0.0,0
371 (2).jpg,test\FAKE\371 (2).jpg,0.0,0
371 (3).jpg,test\FAKE\371 (3).jpg,0.0,0
371 (4).jpg,test\FAKE\371 (4).jpg,0.0002720058,0
371 (5).jpg,test\FAKE\371 (5).jpg,3.0696392e-06,0
371 (6).jpg,test\FAKE\371 (6).jpg,0.0,0
371 (7).jpg,test\FAKE\371 (7).jpg,0.0,0
371 (8).jpg,test\FAKE\371 (8).jpg,0.0,0
371 (9).jpg,test\FAKE\371 (9).jpg,8.037686e-05,0
371.jpg,test\FAKE\371.jpg,0.0,0
372 (10).jpg,test\FAKE\372 (10).jpg,0.0,0
372 (2).jpg,test\FAKE\372 (2).jpg,0.0,0
372 (3).jpg,test\FAKE\372 (3).jpg,0.0,0
372 (4).jpg,test\FAKE\372 (4).jpg,0.0,0
372 (5).jpg,test\FAKE\372 (5).jpg,0.0,0
372 (6).jpg,test\FAKE\372 (6).jpg,0.0,0
372 (7).jpg,test\FAKE\372 (7).jpg,0.0,0
372 (8).jpg,test\FAKE\372 (8).jpg,0.0,0
372 (9).jpg,test\FAKE\372 (9).jpg,0.0,0
372.jpg,test\FAKE\372.jpg,0.0,0
373 (10).jpg,test\FAKE\373 (10).jpg,0.0,0
373 (2).jpg,test\FAKE\373 (2).jpg,2.9802322e-08,0
373 (3).jpg,test\FAKE\373 (3).jpg,0.0,0
373 (4).jpg,test\FAKE\373 (4).jpg,0.0,0
373 (5).jpg,test\FAKE\373 (5).jpg,0.008164287,0
373 (6).jpg,test\FAKE\373 (6).jpg,0.0,0
373 (7).jpg,test\FAKE\373 (7).jpg,0.0,0
373 (8).jpg,test\FAKE\373 (8).jpg,0.0,0
373 (9).jpg,test\FAKE\373 (9).jpg,0.0,0
373.jpg,test\FAKE\373.jpg,0.0,0
374 (10).jpg,test\FAKE\374 (10).jpg,0.0,0
374 (2).jpg,test\FAKE\374 (2).jpg,0.0,0
374 (3).jpg,test\FAKE\374 (3).jpg,0.14870825,0
374 (4).jpg,test\FAKE\374 (4).jpg,9.3728304e-05,0
374 (5).jpg,test\FAKE\374 (5).jpg,0.0,0
374 (6).jpg,test\FAKE\374 (6).jpg,0.0,0
374 (7).jpg,test\FAKE\374 (7).jpg,0.0,0
374 (8).jpg,test\FAKE\374 (8).jpg,0.0033786297,0
374 (9).jpg,test\FAKE\374 (9).jpg,0.0010838509,0
374.jpg,test\FAKE\374.jpg,0.0,0
375 (10).jpg,test\FAKE\375 (10).jpg,3.889203e-05,0
375 (2).jpg,test\FAKE\375 (2).jpg,0.0,0
375 (3).jpg,test\FAKE\375 (3).jpg,0.03260672,0
375 (4).jpg,test\FAKE\375 (4).jpg,0.00046280026,0
375 (5).jpg,test\FAKE\375 (5).jpg,0.0,0
375 (6).jpg,test\FAKE\375 (6).jpg,0.0053018034,0
375 (7).jpg,test\FAKE\375 (7).jpg,0.0,0
375 (8).jpg,test\FAKE\375 (8).jpg,0.0,0
375 (9).jpg,test\FAKE\375 (9).jpg,0.0,0
375.jpg,test\FAKE\375.jpg,0.0,0
376 (10).jpg,test\FAKE\376 (10).jpg,1.9073486e-06,0
376 (2).jpg,test\FAKE\376 (2).jpg,0.0,0
376 (3).jpg,test\FAKE\376 (3).jpg,4.5895576e-06,0
376 (4).jpg,test\FAKE\376 (4).jpg,0.0,0
376 (5).jpg,test\FAKE\376 (5).jpg,2.9802322e-08,0
376 (6).jpg,test\FAKE\376 (6).jpg,0.0,0
376 (7).jpg,test\FAKE\376 (7).jpg,0.0,0
376 (8).jpg,test\FAKE\376 (8).jpg,0.0,0
376 (9).jpg,test\FAKE\376 (9).jpg,7.1525574e-07,0
376.jpg,test\FAKE\376.jpg,0.0,0
377 (10).jpg,test\FAKE\377 (10).jpg,2.9802322e-08,0
377 (2).jpg,test\FAKE\377 (2).jpg,0.0,0
377 (3).jpg,test\FAKE\377 (3).jpg,0.6833001,1
377 (4).jpg,test\FAKE\377 (4).jpg,3.0100346e-06,0
377 (5).jpg,test\FAKE\377 (5).jpg,0.0,0
377 (6).jpg,test\FAKE\377 (6).jpg,0.0,0
377 (7).jpg,test\FAKE\377 (7).jpg,0.0,0
377 (8).jpg,test\FAKE\377 (8).jpg,0.0,0
377 (9).jpg,test\FAKE\377 (9).jpg,0.0,0
377.jpg,test\FAKE\377.jpg,0.0,0
378 (10).jpg,test\FAKE\378 (10).jpg,0.0,0
378 (2).jpg,test\FAKE\378 (2).jpg,4.5716763e-05,0
378 (3).jpg,test\FAKE\378 (3).jpg,0.0,0
378 (4).jpg,test\FAKE\378 (4).jpg,0.0,0
378 (5).jpg,test\FAKE\378 (5).jpg,0.0,0
378 (6).jpg,test\FAKE\378 (6).jpg,0.0,0
378 (7).jpg,test\FAKE\378 (7).jpg,0.0,0
378 (8).jpg,test\FAKE\378 (8).jpg,0.0,0
378 (9).jpg,test\FAKE\378 (9).jpg,0.0,0
378.jpg,test\FAKE\378.jpg,0.0,0
379 (10).jpg,test\FAKE\379 (10).jpg,0.0,0
379 (2).jpg,test\FAKE\379 (2).jpg,1.3411045e-06,0
379 (3).jpg,test\FAKE\379 (3).jpg,0.0,0
379 (4).jpg,test\FAKE\379 (4).jpg,0.0,0
379 (5).jpg,test\FAKE\379 (5).jpg,0.0,0
379 (6).jpg,test\FAKE\379 (6).jpg,1.7881393e-07,0
379 (7).jpg,test\FAKE\379 (7).jpg,0.0,0
379 (8).jpg,test\FAKE\379 (8).jpg,4.172325e-07,0
379 (9).jpg,test\FAKE\379 (9).jpg,0.0013100207,0
379.jpg,test\FAKE\379.jpg,0.0,0
38 (10).jpg,test\FAKE\38 (10).jpg,0.0015314519,0
38 (2).jpg,test\FAKE\38 (2).jpg,0.0,0
38 (3).jpg,test\FAKE\38 (3).jpg,0.0,0
38 (4).jpg,test\FAKE\38 (4).jpg,9.75728e-05,0
38 (5).jpg,test\FAKE\38 (5).jpg,0.0005943775,0
38 (6).jpg,test\FAKE\38 (6).jpg,0.0,0
38 (7).jpg,test\FAKE\38 (7).jpg,0.0,0
38 (8).jpg,test\FAKE\38 (8).jpg,0.0,0
38 (9).jpg,test\FAKE\38 (9).jpg,0.0,0
38.jpg,test\FAKE\38.jpg,5.209446e-05,0
380 (10).jpg,test\FAKE\380 (10).jpg,0.0,0
380 (2).jpg,test\FAKE\380 (2).jpg,0.0,0
380 (3).jpg,test\FAKE\380 (3).jpg,0.014830142,0
380 (4).jpg,test\FAKE\380 (4).jpg,0.0,0
380 (5).jpg,test\FAKE\380 (5).jpg,0.0,0
380 (6).jpg,test\FAKE\380 (6).jpg,0.0,0
380 (7).jpg,test\FAKE\380 (7).jpg,0.0,0
380 (8).jpg,test\FAKE\380 (8).jpg,5.7816505e-06,0
380 (9).jpg,test\FAKE\380 (9).jpg,0.0,0
380.jpg,test\FAKE\380.jpg,0.0,0
381 (10).jpg,test\FAKE\381 (10).jpg,0.0,0
381 (2).jpg,test\FAKE\381 (2).jpg,0.0,0
381 (3).jpg,test\FAKE\381 (3).jpg,0.0,0
381 (4).jpg,test\FAKE\381 (4).jpg,0.0,0
381 (5).jpg,test\FAKE\381 (5).jpg,0.0,0
381 (6).jpg,test\FAKE\381 (6).jpg,0.0,0
381 (7).jpg,test\FAKE\381 (7).jpg,0.0,0
381 (8).jpg,test\FAKE\381 (8).jpg,0.0,0
381 (9).jpg,test\FAKE\381 (9).jpg,0.12103981,0
381.jpg,test\FAKE\381.jpg,9.23872e-07,0
382 (10).jpg,test\FAKE\382 (10).jpg,0.0,0
382 (2).jpg,test\FAKE\382 (2).jpg,0.00030690432,0
382 (3).jpg,test\FAKE\382 (3).jpg,0.0,0
382 (4).jpg,test\FAKE\382 (4).jpg,0.0,0
382 (5).jpg,test\FAKE\382 (5).jpg,2.3841858e-07,0
382 (6).jpg,test\FAKE\382 (6).jpg,0.0,0
382 (7).jpg,test\FAKE\382 (7).jpg,0.0,0
382 (8).jpg,test\FAKE\382 (8).jpg,0.0,0
382 (9).jpg,test\FAKE\382 (9).jpg,0.0015417933,0
382.jpg,test\FAKE\382.jpg,0.0,0
383 (10).jpg,test\FAKE\383 (10).jpg,0.0,0
383 (2).jpg,test\FAKE\383 (2).jpg,2.9802322e-08,0
383 (3).jpg,test\FAKE\383 (3).jpg,5.2124262e-05,0
383 (4).jpg,test\FAKE\383 (4).jpg,0.0,0
383 (5).jpg,test\FAKE\383 (5).jpg,1.3917685e-05,0
383 (6).jpg,test\FAKE\383 (6).jpg,0.0,0
383 (7).jpg,test\FAKE\383 (7).jpg,0.0,0
383 (8).jpg,test\FAKE\383 (8).jpg,0.0,0
383 (9).jpg,test\FAKE\383 (9).jpg,2.9802322e-08,0
383.jpg,test\FAKE\383.jpg,0.0,0
384 (10).jpg,test\FAKE\384 (10).jpg,2.1964312e-05,0
384 (2).jpg,test\FAKE\384 (2).jpg,0.0052269697,0
384 (3).jpg,test\FAKE\384 (3).jpg,0.99126637,1
384 (4).jpg,test\FAKE\384 (4).jpg,0.0,0
384 (5).jpg,test\FAKE\384 (5).jpg,0.0,0
384 (6).jpg,test\FAKE\384 (6).jpg,2.3841858e-07,0
384 (7).jpg,test\FAKE\384 (7).jpg,0.0,0
384 (8).jpg,test\FAKE\384 (8).jpg,0.0,0
384 (9).jpg,test\FAKE\384 (9).jpg,0.0,0
384.jpg,test\FAKE\384.jpg,5.90086e-06,0
385 (10).jpg,test\FAKE\385 (10).jpg,0.0,0
385 (2).jpg,test\FAKE\385 (2).jpg,0.0,0
385 (3).jpg,test\FAKE\385 (3).jpg,0.0,0
385 (4).jpg,test\FAKE\385 (4).jpg,0.0,0
385 (5).jpg,test\FAKE\385 (5).jpg,0.0,0
385 (6).jpg,test\FAKE\385 (6).jpg,0.0,0
385 (7).jpg,test\FAKE\385 (7).jpg,0.0,0
385 (8).jpg,test\FAKE\385 (8).jpg,0.0,0
385 (9).jpg,test\FAKE\385 (9).jpg,0.0,0
385.jpg,test\FAKE\385.jpg,0.0,0
386 (10).jpg,test\FAKE\386 (10).jpg,0.0,0
386 (2).jpg,test\FAKE\386 (2).jpg,0.0,0
386 (3).jpg,test\FAKE\386 (3).jpg,0.0,0
386 (4).jpg,test\FAKE\386 (4).jpg,0.0,0
386 (5).jpg,test\FAKE\386 (5).jpg,0.0,0
386 (6).jpg,test\FAKE\386 (6).jpg,0.0,0
386 (7).jpg,test\FAKE\386 (7).jpg,0.0,0
386 (8).jpg,test\FAKE\386 (8).jpg,8.940697e-07,0
386 (9).jpg,test\FAKE\386 (9).jpg,0.0,0
386.jpg,test\FAKE\386.jpg,0.0,0
387 (10).jpg,test\FAKE\387 (10).jpg,2.682209e-07,0
387 (2).jpg,test\FAKE\387 (2).jpg,0.0,0
387 (3).jpg,test\FAKE\387 (3).jpg,6.5892935e-05,0
387 (4).jpg,test\FAKE\387 (4).jpg,0.0,0
387 (5).jpg,test\FAKE\387 (5).jpg,0.0,0
387 (6).jpg,test\FAKE\387 (6).jpg,0.0,0
387 (7).jpg,test\FAKE\387 (7).jpg,0.0,0
387 (8).jpg,test\FAKE\387 (8).jpg,0.0,0
387 (9).jpg,test\FAKE\387 (9).jpg,2.3543835e-06,0
387.jpg,test\FAKE\387.jpg,0.0,0
388 (10).jpg,test\FAKE\388 (10).jpg,0.0,0
388 (2).jpg,test\FAKE\388 (2).jpg,0.0,0
388 (3).jpg,test\FAKE\388 (3).jpg,1.4901161e-07,0
388 (4).jpg,test\FAKE\388 (4).jpg,0.0,0
388 (5).jpg,test\FAKE\388 (5).jpg,0.0,0
388 (6).jpg,test\FAKE\388 (6).jpg,0.0,0
388 (7).jpg,test\FAKE\388 (7).jpg,0.0,0
388 (8).jpg,test\FAKE\388 (8).jpg,0.0,0
388 (9).jpg,test\FAKE\388 (9).jpg,0.00075399876,0
388.jpg,test\FAKE\388.jpg,0.0,0
389 (10).jpg,test\FAKE\389 (10).jpg,0.0,0
389 (2).jpg,test\FAKE\389 (2).jpg,0.0,0
389 (3).jpg,test\FAKE\389 (3).jpg,0.0,0
389 (4).jpg,test\FAKE\389 (4).jpg,0.0,0
389 (5).jpg,test\FAKE\389 (5).jpg,0.0,0
389 (6).jpg,test\FAKE\389 (6).jpg,0.0,0
389 (7).jpg,test\FAKE\389 (7).jpg,0.0,0
389 (8).jpg,test\FAKE\389 (8).jpg,0.0,0
389 (9).jpg,test\FAKE\389 (9).jpg,0.0,0
389.jpg,test\FAKE\389.jpg,0.0,0
39 (10).jpg,test\FAKE\39 (10).jpg,0.0,0
39 (2).jpg,test\FAKE\39 (2).jpg,0.0,0
39 (3).jpg,test\FAKE\39 (3).jpg,0.06037724,0
39 (4).jpg,test\FAKE\39 (4).jpg,0.0,0
39 (5).jpg,test\FAKE\39 (5).jpg,0.0,0
39 (6).jpg,test\FAKE\39 (6).jpg,0.0,0
39 (7).jpg,test\FAKE\39 (7).jpg,0.0,0
39 (8).jpg,test\FAKE\39 (8).jpg,0.0,0
39 (9).jpg,test\FAKE\39 (9).jpg,0.0,0
39.jpg,test\FAKE\39.jpg,0.0,0
390 (10).jpg,test\FAKE\390 (10).jpg,0.0,0
390 (2).jpg,test\FAKE\390 (2).jpg,0.0,0
390 (3).jpg,test\FAKE\390 (3).jpg,8.940697e-08,0
390 (4).jpg,test\FAKE\390 (4).jpg,0.0,0
390 (5).jpg,test\FAKE\390 (5).jpg,0.0,0
390 (6).jpg,test\FAKE\390 (6).jpg,0.0,0
390 (7).jpg,test\FAKE\390 (7).jpg,0.0,0
390 (8).jpg,test\FAKE\390 (8).jpg,0.0,0
390 (9).jpg,test\FAKE\390 (9).jpg,0.0,0
390.jpg,test\FAKE\390.jpg,0.047611326,0
391 (10).jpg,test\FAKE\391 (10).jpg,0.0,0
391 (2).jpg,test\FAKE\391 (2).jpg,5.9604645e-08,0
391 (3).jpg,test\FAKE\391 (3).jpg,1.3709068e-06,0
391 (4).jpg,test\FAKE\391 (4).jpg,0.0,0
391 (5).jpg,test\FAKE\391 (5).jpg,0.0,0
391 (6).jpg,test\FAKE\391 (6).jpg,0.0,0
391 (7).jpg,test\FAKE\391 (7).jpg,0.0,0
391 (8).jpg,test\FAKE\391 (8).jpg,0.0,0
391 (9).jpg,test\FAKE\391 (9).jpg,0.02023372,0
391.jpg,test\FAKE\391.jpg,2.9802322e-08,0
392 (10).jpg,test\FAKE\392 (10).jpg,0.00025236607,0
392 (2).jpg,test\FAKE\392 (2).jpg,0.0,0
392 (3).jpg,test\FAKE\392 (3).jpg,0.0048108697,0
392 (4).jpg,test\FAKE\392 (4).jpg,0.0,0
392 (5).jpg,test\FAKE\392 (5).jpg,0.0,0
392 (6).jpg,test\FAKE\392 (6).jpg,0.0,0
392 (7).jpg,test\FAKE\392 (7).jpg,0.0,0
392 (8).jpg,test\FAKE\392 (8).jpg,0.0,0
392 (9).jpg,test\FAKE\392 (9).jpg,2.8848648e-05,0
392.jpg,test\FAKE\392.jpg,0.0,0
393 (10).jpg,test\FAKE\393 (10).jpg,0.0,0
393 (2).jpg,test\FAKE\393 (2).jpg,0.0,0
393 (3).jpg,test\FAKE\393 (3).jpg,0.60687745,1
393 (4).jpg,test\FAKE\393 (4).jpg,0.0,0
393 (5).jpg,test\FAKE\393 (5).jpg,0.0,0
393 (6).jpg,test\FAKE\393 (6).jpg,0.0,0
393 (7).jpg,test\FAKE\393 (7).jpg,0.0,0
393 (8).jpg,test\FAKE\393 (8).jpg,0.0,0
393 (9).jpg,test\FAKE\393 (9).jpg,0.0,0
393.jpg,test\FAKE\393.jpg,0.0,0
394 (10).jpg,test\FAKE\394 (10).jpg,0.0,0
394 (2).jpg,test\FAKE\394 (2).jpg,0.0,0
394 (3).jpg,test\FAKE\394 (3).jpg,0.0021458864,0
394 (4).jpg,test\FAKE\394 (4).jpg,0.0,0
394 (5).jpg,test\FAKE\394 (5).jpg,0.0,0
394 (6).jpg,test\FAKE\394 (6).jpg,0.0,0
394 (7).jpg,test\FAKE\394 (7).jpg,2.3633242e-05,0
394 (8).jpg,test\FAKE\394 (8).jpg,3.9607286e-05,0
394 (9).jpg,test\FAKE\394 (9).jpg,1.4901161e-07,0
394.jpg,test\FAKE\394.jpg,0.0,0
395 (10).jpg,test\FAKE\395 (10).jpg,0.0,0
395 (2).jpg,test\FAKE\395 (2).jpg,0.0,0
395 (3).jpg,test\FAKE\395 (3).jpg,0.0,0
395 (4).jpg,test\FAKE\395 (4).jpg,0.0,0
395 (5).jpg,test\FAKE\395 (5).jpg,0.0,0
395 (6).jpg,test\FAKE\395 (6).jpg,0.0,0
395 (7).jpg,test\FAKE\395 (7).jpg,0.0,0
395 (8).jpg,test\FAKE\395 (8).jpg,0.0,0
395 (9).jpg,test\FAKE\395 (9).jpg,1.6957521e-05,0
395.jpg,test\FAKE\395.jpg,0.0,0
396 (10).jpg,test\FAKE\396 (10).jpg,0.040054053,0
396 (2).jpg,test\FAKE\396 (2).jpg,0.0,0
396 (3).jpg,test\FAKE\396 (3).jpg,0.0,0
396 (4).jpg,test\FAKE\396 (4).jpg,0.0,0
396 (5).jpg,test\FAKE\396 (5).jpg,0.0,0
396 (6).jpg,test\FAKE\396 (6).jpg,0.0,0
396 (7).jpg,test\FAKE\396 (7).jpg,0.0,0
396 (8).jpg,test\FAKE\396 (8).jpg,0.0,0
396 (9).jpg,test\FAKE\396 (9).jpg,0.017878383,0
396.jpg,test\FAKE\396.jpg,0.11530918,0
397 (10).jpg,test\FAKE\397 (10).jpg,0.0,0
397 (2).jpg,test\FAKE\397 (2).jpg,0.0,0
397 (3).jpg,test\FAKE\397 (3).jpg,3.5852194e-05,0
397 (4).jpg,test\FAKE\397 (4).jpg,0.0,0
397 (5).jpg,test\FAKE\397 (5).jpg,0.0,0
397 (6).jpg,test\FAKE\397 (6).jpg,0.0,0
397 (7).jpg,test\FAKE\397 (7).jpg,0.0,0
397 (8).jpg,test\FAKE\397 (8).jpg,4.1007996e-05,0
397 (9).jpg,test\FAKE\397 (9).jpg,0.0,0
397.jpg,test\FAKE\397.jpg,6.118417e-05,0
398 (10).jpg,test\FAKE\398 (10).jpg,0.0,0
398 (2).jpg,test\FAKE\398 (2).jpg,0.0,0
398 (3).jpg,test\FAKE\398 (3).jpg,8.672476e-06,0
398 (4).jpg,test\FAKE\398 (4).jpg,5.9604645e-08,0
398 (5).jpg,test\FAKE\398 (5).jpg,0.0,0
398 (6).jpg,test\FAKE\398 (6).jpg,0.0040228367,0
398 (7).jpg,test\FAKE\398 (7).jpg,0.0,0
398 (8).jpg,test\FAKE\398 (8).jpg,0.0,0
398 (9).jpg,test\FAKE\398 (9).jpg,4.580617e-05,0
398.jpg,test\FAKE\398.jpg,0.0,0
399 (10).jpg,test\FAKE\399 (10).jpg,0.006390542,0
399 (2).jpg,test\FAKE\399 (2).jpg,5.3048134e-06,0
399 (3).jpg,test\FAKE\399 (3).jpg,0.6349616,1
399 (4).jpg,test\FAKE\399 (4).jpg,0.0,0
399 (5).jpg,test\FAKE\399 (5).jpg,0.0,0
399 (6).jpg,test\FAKE\399 (6).jpg,0.0,0
399 (7).jpg,test\FAKE\399 (7).jpg,0.0,0
399 (8).jpg,test\FAKE\399 (8).jpg,0.00021746755,0
399 (9).jpg,test\FAKE\399 (9).jpg,0.0,0
399.jpg,test\FAKE\399.jpg,7.4505806e-07,0
4 (10).jpg,test\FAKE\4 (10).jpg,0.008392215,0
4 (2).jpg,test\FAKE\4 (2).jpg,1.013279e-06,0
4 (3).jpg,test\FAKE\4 (3).jpg,0.0424805,0
4 (4).jpg,test\FAKE\4 (4).jpg,0.0,0
4 (5).jpg,test\FAKE\4 (5).jpg,0.0,0
4 (6).jpg,test\FAKE\4 (6).jpg,2.9802322e-08,0
4 (7).jpg,test\FAKE\4 (7).jpg,0.0,0
4 (8).jpg,test\FAKE\4 (8).jpg,1.4901161e-06,0
4 (9).jpg,test\FAKE\4 (9).jpg,8.34465e-07,0
4.jpg,test\FAKE\4.jpg,2.9802322e-08,0
40 (10).jpg,test\FAKE\40 (10).jpg,0.000105559826,0
40 (2).jpg,test\FAKE\40 (2).jpg,0.0,0
40 (3).jpg,test\FAKE\40 (3).jpg,0.17811203,0
40 (4).jpg,test\FAKE\40 (4).jpg,2.3841858e-07,0
40 (5).jpg,test\FAKE\40 (5).jpg,0.00054961443,0
40 (6).jpg,test\FAKE\40 (6).jpg,0.0,0
40 (7).jpg,test\FAKE\40 (7).jpg,0.0,0
40 (8).jpg,test\FAKE\40 (8).jpg,0.0,0
40 (9).jpg,test\FAKE\40 (9).jpg,2.1666288e-05,0
40.jpg,test\FAKE\40.jpg,2.4735928e-06,0
400 (10).jpg,test\FAKE\400 (10).jpg,1.1473894e-05,0
400 (2).jpg,test\FAKE\400 (2).jpg,0.0,0
400 (3).jpg,test\FAKE\400 (3).jpg,0.0,0
400 (4).jpg,test\FAKE\400 (4).jpg,0.0,0
400 (5).jpg,test\FAKE\400 (5).jpg,0.0,0
400 (6).jpg,test\FAKE\400 (6).jpg,0.0,0
400 (7).jpg,test\FAKE\400 (7).jpg,0.0,0
400 (8).jpg,test\FAKE\400 (8).jpg,0.0,0
400 (9).jpg,test\FAKE\400 (9).jpg,0.0,0
400.jpg,test\FAKE\400.jpg,0.0,0
401 (10).jpg,test\FAKE\401 (10).jpg,0.014028549,0
401 (2).jpg,test\FAKE\401 (2).jpg,0.0,0
401 (3).jpg,test\FAKE\401 (3).jpg,0.0,0
401 (4).jpg,test\FAKE\401 (4).jpg,0.0,0
401 (5).jpg,test\FAKE\401 (5).jpg,0.00015693903,0
401 (6).jpg,test\FAKE\401 (6).jpg,0.0,0
401 (7).jpg,test\FAKE\401 (7).jpg,0.0,0
401 (8).jpg,test\FAKE\401 (8).jpg,0.0,0
401 (9).jpg,test\FAKE\401 (9).jpg,7.465482e-05,0
401.jpg,test\FAKE\401.jpg,0.0,0
402 (10).jpg,test\FAKE\402 (10).jpg,0.0,0
402 (2).jpg,test\FAKE\402 (2).jpg,0.0,0
402 (3).jpg,test\FAKE\402 (3).jpg,0.0018186569,0
402 (4).jpg,test\FAKE\402 (4).jpg,0.0,0
402 (5).jpg,test\FAKE\402 (5).jpg,0.0,0
402 (6).jpg,test\FAKE\402 (6).jpg,2.9802322e-08,0
402 (7).jpg,test\FAKE\402 (7).jpg,0.0,0
402 (8).jpg,test\FAKE\402 (8).jpg,0.0,0
402 (9).jpg,test\FAKE\402 (9).jpg,0.6541367,1
402.jpg,test\FAKE\402.jpg,0.0,0
403 (10).jpg,test\FAKE\403 (10).jpg,0.0,0
403 (2).jpg,test\FAKE\403 (2).jpg,5.4121017e-05,0
403 (3).jpg,test\FAKE\403 (3).jpg,1.579523e-05,0
403 (4).jpg,test\FAKE\403 (4).jpg,0.0,0
403 (5).jpg,test\FAKE\403 (5).jpg,0.0,0
403 (6).jpg,test\FAKE\403 (6).jpg,0.006480813,0
403 (7).jpg,test\FAKE\403 (7).jpg,0.0,0
403 (8).jpg,test\FAKE\403 (8).jpg,0.0,0
403 (9).jpg,test\FAKE\403 (9).jpg,0.0,0
403.jpg,test\FAKE\403.jpg,0.0,0
404 (10).jpg,test\FAKE\404 (10).jpg,0.0,0
404 (2).jpg,test\FAKE\404 (2).jpg,0.0,0
404 (3).jpg,test\FAKE\404 (3).jpg,0.0004993379,0
404 (4).jpg,test\FAKE\404 (4).jpg,0.0,0
404 (5).jpg,test\FAKE\404 (5).jpg,0.006234646,0
404 (6).jpg,test\FAKE\404 (6).jpg,0.0,0
404 (7).jpg,test\FAKE\404 (7).jpg,0.0,0
404 (8).jpg,test\FAKE\404 (8).jpg,1.6391277e-06,0
404 (9).jpg,test\FAKE\404 (9).jpg,0.0,0
404.jpg,test\FAKE\404.jpg,0.0,0
405 (10).jpg,test\FAKE\405 (10).jpg,0.0,0
405 (2).jpg,test\FAKE\405 (2).jpg,2.2530556e-05,0
405 (3).jpg,test\FAKE\405 (3).jpg,0.0,0
405 (4).jpg,test\FAKE\405 (4).jpg,0.0,0
405 (5).jpg,test\FAKE\405 (5).jpg,0.0,0
405 (6).jpg,test\FAKE\405 (6).jpg,7.1525574e-07,0
405 (7).jpg,test\FAKE\405 (7).jpg,2.3841858e-07,0
405 (8).jpg,test\FAKE\405 (8).jpg,0.0,0
405 (9).jpg,test\FAKE\405 (9).jpg,6.854534e-07,0
405.jpg,test\FAKE\405.jpg,0.0,0
406 (10).jpg,test\FAKE\406 (10).jpg,0.0,0
406 (2).jpg,test\FAKE\406 (2).jpg,0.0,0
406 (3).jpg,test\FAKE\406 (3).jpg,0.0,0
406 (4).jpg,test\FAKE\406 (4).jpg,0.0,0
406 (5).jpg,test\FAKE\406 (5).jpg,0.0,0
406 (6).jpg,test\FAKE\406 (6).jpg,0.0,0
406 (7).jpg,test\FAKE\406 (7).jpg,0.0,0
406 (8).jpg,test\FAKE\406 (8).jpg,0.0,0
406 (9).jpg,test\FAKE\406 (9).jpg,0.010252237,0
406.jpg,test\FAKE\406.jpg,1.3589859e-05,0
407 (10).jpg,test\FAKE\407 (10).jpg,7.301569e-06,0
407 (2).jpg,test\FAKE\407 (2).jpg,3.5762787e-07,0
407 (3).jpg,test\FAKE\407 (3).jpg,0.0,0
407 (4).jpg,test\FAKE\407 (4).jpg,0.0,0
407 (5).jpg,test\FAKE\407 (5).jpg,1.013279e-06,0
407 (6).jpg,test\FAKE\407 (6).jpg,0.00018462539,0
407 (7).jpg,test\FAKE\407 (7).jpg,0.0,0
407 (8).jpg,test\FAKE\407 (8).jpg,0.0,0
407 (9).jpg,test\FAKE\407 (9).jpg,0.0,0
407.jpg,test\FAKE\407.jpg,0.0,0
408 (10).jpg,test\FAKE\408 (10).jpg,0.0,0
408 (2).jpg,test\FAKE\408 (2).jpg,0.0,0
408 (3).jpg,test\FAKE\408 (3).jpg,1.7881393e-07,0
408 (4).jpg,test\FAKE\408 (4).jpg,0.0,0
408 (5).jpg,test\FAKE\408 (5).jpg,0.0,0
408 (6).jpg,test\FAKE\408 (6).jpg,0.0,0
408 (7).jpg,test\FAKE\408 (7).jpg,0.0,0
408 (8).jpg,test\FAKE\408 (8).jpg,5.337596e-05,0
408 (9).jpg,test\FAKE\408 (9).jpg,0.04527065,0
408.jpg,test\FAKE\408.jpg,0.47548175,0
409 (10).jpg,test\FAKE\409 (10).jpg,2.0861626e-07,0
409 (2).jpg,test\FAKE\409 (2).jpg,0.0,0
409 (3).jpg,test\FAKE\409 (3).jpg,0.0,0
409 (4).jpg,test\FAKE\409 (4).jpg,1.707673e-05,0
409 (5).jpg,test\FAKE\409 (5).jpg,0.0,0
409 (6).jpg,test\FAKE\409 (6).jpg,1.2218952e-06,0
409 (7).jpg,test\FAKE\409 (7).jpg,0.0,0
409 (8).jpg,test\FAKE\409 (8).jpg,1.6093254e-06,0
409 (9).jpg,test\FAKE\409 (9).jpg,5.5134296e-05,0
409.jpg,test\FAKE\409.jpg,0.0,0
41 (10).jpg,test\FAKE\41 (10).jpg,0.0,0
41 (2).jpg,test\FAKE\41 (2).jpg,0.0,0
41 (3).jpg,test\FAKE\41 (3).jpg,8.940697e-08,0
41 (4).jpg,test\FAKE\41 (4).jpg,4.7683716e-07,0
41 (5).jpg,test\FAKE\41 (5).jpg,0.0,0
41 (6).jpg,test\FAKE\41 (6).jpg,0.0,0
41 (7).jpg,test\FAKE\41 (7).jpg,0.0,0
41 (8).jpg,test\FAKE\41 (8).jpg,0.0,0
41 (9).jpg,test\FAKE\41 (9).jpg,0.0,0
41.jpg,test\FAKE\41.jpg,0.0,0
410 (10).jpg,test\FAKE\410 (10).jpg,0.0,0
410 (2).jpg,test\FAKE\410 (2).jpg,0.0,0
410 (3).jpg,test\FAKE\410 (3).jpg,5.364418e-07,0
410 (4).jpg,test\FAKE\410 (4).jpg,0.0,0
410 (5).jpg,test\FAKE\410 (5).jpg,5.8412552e-05,0
410 (6).jpg,test\FAKE\410 (6).jpg,0.0,0
410 (7).jpg,test\FAKE\410 (7).jpg,0.0,0
410 (8).jpg,test\FAKE\410 (8).jpg,0.0,0
410 (9).jpg,test\FAKE\410 (9).jpg,0.00015619397,0
410.jpg,test\FAKE\410.jpg,0.0,0
411 (10).jpg,test\FAKE\411 (10).jpg,0.0010234118,0
411 (2).jpg,test\FAKE\411 (2).jpg,0.0,0
411 (3).jpg,test\FAKE\411 (3).jpg,8.714199e-05,0
411 (4).jpg,test\FAKE\411 (4).jpg,2.0861626e-07,0
411 (5).jpg,test\FAKE\411 (5).jpg,0.0,0
411 (6).jpg,test\FAKE\411 (6).jpg,0.0,0
411 (7).jpg,test\FAKE\411 (7).jpg,0.0,0
411 (8).jpg,test\FAKE\411 (8).jpg,0.0,0
411 (9).jpg,test\FAKE\411 (9).jpg,0.0,0
411.jpg,test\FAKE\411.jpg,0.0,0
412 (10).jpg,test\FAKE\412 (10).jpg,1.1444092e-05,0
412 (2).jpg,test\FAKE\412 (2).jpg,0.0,0
412 (3).jpg,test\FAKE\412 (3).jpg,0.0,0
412 (4).jpg,test\FAKE\412 (4).jpg,0.0,0
412 (5).jpg,test\FAKE\412 (5).jpg,0.0,0
412 (6).jpg,test\FAKE\412 (6).jpg,0.0,0
412 (7).jpg,test\FAKE\412 (7).jpg,0.0,0
412 (8).jpg,test\FAKE\412 (8).jpg,2.8312206e-06,0
412 (9).jpg,test\FAKE\412 (9).jpg,0.0,0
412.jpg,test\FAKE\412.jpg,2.9802322e-08,0
413 (10).jpg,test\FAKE\413 (10).jpg,2.3841858e-07,0
413 (2).jpg,test\FAKE\413 (2).jpg,0.0,0
413 (3).jpg,test\FAKE\413 (3).jpg,0.00059086084,0
413 (4).jpg,test\FAKE\413 (4).jpg,0.0,0
413 (5).jpg,test\FAKE\413 (5).jpg,0.0,0
413 (6).jpg,test\FAKE\413 (6).jpg,8.940697e-08,0
413 (7).jpg,test\FAKE\413 (7).jpg,0.0,0
413 (8).jpg,test\FAKE\413 (8).jpg,0.0,0
413 (9).jpg,test\FAKE\413 (9).jpg,1.001358e-05,0
413.jpg,test\FAKE\413.jpg,2.115965e-06,0
414 (10).jpg,test\FAKE\414 (10).jpg,0.0,0
414 (2).jpg,test\FAKE\414 (2).jpg,0.0,0
414 (3).jpg,test\FAKE\414 (3).jpg,0.0,0
414 (4).jpg,test\FAKE\414 (4).jpg,0.0,0
414 (5).jpg,test\FAKE\414 (5).jpg,0.0,0
414 (6).jpg,test\FAKE\414 (6).jpg,0.0,0
414 (7).jpg,test\FAKE\414 (7).jpg,0.0,0
414 (8).jpg,test\FAKE\414 (8).jpg,0.0,0
414 (9).jpg,test\FAKE\414 (9).jpg,1.6987324e-06,0
414.jpg,test\FAKE\414.jpg,0.0,0
415 (10).jpg,test\FAKE\415 (10).jpg,0.0,0
415 (2).jpg,test\FAKE\415 (2).jpg,0.0,0
415 (3).jpg,test\FAKE\415 (3).jpg,0.0,0
415 (4).jpg,test\FAKE\415 (4).jpg,0.0,0
415 (5).jpg,test\FAKE\415 (5).jpg,0.0,0
415 (6).jpg,test\FAKE\415 (6).jpg,0.0,0
415 (7).jpg,test\FAKE\415 (7).jpg,0.0,0
415 (8).jpg,test\FAKE\415 (8).jpg,0.0,0
415 (9).jpg,test\FAKE\415 (9).jpg,0.0,0
415.jpg,test\FAKE\415.jpg,0.0,0
416 (10).jpg,test\FAKE\416 (10).jpg,0.00039449334,0
416 (2).jpg,test\FAKE\416 (2).jpg,0.0,0
416 (3).jpg,test\FAKE\416 (3).jpg,0.0054498017,0
416 (4).jpg,test\FAKE\416 (4).jpg,5.662441e-07,0
416 (5).jpg,test\FAKE\416 (5).jpg,0.0,0
416 (6).jpg,test\FAKE\416 (6).jpg,0.0,0
416 (7).jpg,test\FAKE\416 (7).jpg,0.0,0
416 (8).jpg,test\FAKE\416 (8).jpg,0.0,0
416 (9).jpg,test\FAKE\416 (9).jpg,0.0,0
416.jpg,test\FAKE\416.jpg,0.0,0
417 (10).jpg,test\FAKE\417 (10).jpg,0.0,0
417 (2).jpg,test\FAKE\417 (2).jpg,0.0,0
417 (3).jpg,test\FAKE\417 (3).jpg,0.001829356,0
417 (4).jpg,test\FAKE\417 (4).jpg,5.9604645e-08,0
417 (5).jpg,test\FAKE\417 (5).jpg,0.0,0
417 (6).jpg,test\FAKE\417 (6).jpg,0.0,0
417 (7).jpg,test\FAKE\417 (7).jpg,0.0,0
417 (8).jpg,test\FAKE\417 (8).jpg,0.0,0
417 (9).jpg,test\FAKE\417 (9).jpg,0.0005379617,0
417.jpg,test\FAKE\417.jpg,3.3169985e-05,0
418 (10).jpg,test\FAKE\418 (10).jpg,9.23872e-07,0
418 (2).jpg,test\FAKE\418 (2).jpg,0.0,0
418 (3).jpg,test\FAKE\418 (3).jpg,1.7881393e-07,0
418 (4).jpg,test\FAKE\418 (4).jpg,0.0,0
418 (5).jpg,test\FAKE\418 (5).jpg,0.00019568205,0
418 (6).jpg,test\FAKE\418 (6).jpg,0.0,0
418 (7).jpg,test\FAKE\418 (7).jpg,0.0,0
418 (8).jpg,test\FAKE\418 (8).jpg,0.0,0
418 (9).jpg,test\FAKE\418 (9).jpg,0.0,0
418.jpg,test\FAKE\418.jpg,3.606081e-06,0
419 (10).jpg,test\FAKE\419 (10).jpg,1.1920929e-07,0
419 (2).jpg,test\FAKE\419 (2).jpg,0.0,0
419 (3).jpg,test\FAKE\419 (3).jpg,0.00044107437,0
419 (4).jpg,test\FAKE\419 (4).jpg,0.0,0
419 (5).jpg,test\FAKE\419 (5).jpg,2.682209e-07,0
419 (6).jpg,test\FAKE\419 (6).jpg,2.5331974e-06,0
419 (7).jpg,test\FAKE\419 (7).jpg,0.0,0
419 (8).jpg,test\FAKE\419 (8).jpg,0.0,0
419 (9).jpg,test\FAKE\419 (9).jpg,0.0,0
419.jpg,test\FAKE\419.jpg,0.0,0
42 (10).jpg,test\FAKE\42 (10).jpg,0.0,0
42 (2).jpg,test\FAKE\42 (2).jpg,0.0,0
42 (3).jpg,test\FAKE\42 (3).jpg,0.0029777884,0
42 (4).jpg,test\FAKE\42 (4).jpg,0.0,0
42 (5).jpg,test\FAKE\42 (5).jpg,0.0,0
42 (6).jpg,test\FAKE\42 (6).jpg,0.0,0
42 (7).jpg,test\FAKE\42 (7).jpg,0.0,0
42 (8).jpg,test\FAKE\42 (8).jpg,0.0,0
42 (9).jpg,test\FAKE\42 (9).jpg,1.9043684e-05,0
42.jpg,test\FAKE\42.jpg,0.0,0
420 (10).jpg,test\FAKE\420 (10).jpg,0.0,0
420 (2).jpg,test\FAKE\420 (2).jpg,0.0,0
420 (3).jpg,test\FAKE\420 (3).jpg,7.44164e-05,0
420 (4).jpg,test\FAKE\420 (4).jpg,0.0,0
420 (5).jpg,test\FAKE\420 (5).jpg,0.0,0
420 (6).jpg,test\FAKE\420 (6).jpg,0.0,0
420 (7).jpg,test\FAKE\420 (7).jpg,0.0,0
420 (8).jpg,test\FAKE\420 (8).jpg,0.0,0
420 (9).jpg,test\FAKE\420 (9).jpg,2.0861626e-07,0
420.jpg,test\FAKE\420.jpg,0.0,0
421 (10).jpg,test\FAKE\421 (10).jpg,0.0,0
421 (2).jpg,test\FAKE\421 (2).jpg,0.0,0
421 (3).jpg,test\FAKE\421 (3).jpg,0.00033780932,0
421 (4).jpg,test\FAKE\421 (4).jpg,0.0,0
421 (5).jpg,test\FAKE\421 (5).jpg,5.9604645e-08,0
421 (6).jpg,test\FAKE\421 (6).jpg,0.0,0
421 (7).jpg,test\FAKE\421 (7).jpg,0.0,0
421 (8).jpg,test\FAKE\421 (8).jpg,0.0,0
421 (9).jpg,test\FAKE\421 (9).jpg,0.0,0
421.jpg,test\FAKE\421.jpg,0.0,0
422 (10).jpg,test\FAKE\422 (10).jpg,0.0,0
422 (2).jpg,test\FAKE\422 (2).jpg,0.0,0
422 (3).jpg,test\FAKE\422 (3).jpg,4.0233135e-06,0
422 (4).jpg,test\FAKE\422 (4).jpg,0.0,0
422 (5).jpg,test\FAKE\422 (5).jpg,0.0,0
422 (6).jpg,test\FAKE\422 (6).jpg,0.0,0
422 (7).jpg,test\FAKE\422 (7).jpg,0.0,0
422 (8).jpg,test\FAKE\422 (8).jpg,0.0,0
422 (9).jpg,test\FAKE\422 (9).jpg,0.0,0
422.jpg,test\FAKE\422.jpg,0.0,0
423 (10).jpg,test\FAKE\423 (10).jpg,0.0,0
423 (2).jpg,test\FAKE\423 (2).jpg,0.0,0
423 (3).jpg,test\FAKE\423 (3).jpg,2.9802322e-08,0
423 (4).jpg,test\FAKE\423 (4).jpg,0.0,0
423 (5).jpg,test\FAKE\423 (5).jpg,0.0,0
423 (6).jpg,test\FAKE\423 (6).jpg,0.0,0
423 (7).jpg,test\FAKE\423 (7).jpg,0.0,0
423 (8).jpg,test\FAKE\423 (8).jpg,0.0,0
423 (9).jpg,test\FAKE\423 (9).jpg,7.969141e-05,0
423.jpg,test\FAKE\423.jpg,0.0,0
424 (10).jpg,test\FAKE\424 (10).jpg,3.3974648e-06,0
424 (2).jpg,test\FAKE\424 (2).jpg,8.940697e-08,0
424 (3).jpg,test\FAKE\424 (3).jpg,0.053791255,0
424 (4).jpg,test\FAKE\424 (4).jpg,0.0,0
424 (5).jpg,test\FAKE\424 (5).jpg,6.0796738e-05,0
424 (6).jpg,test\FAKE\424 (6).jpg,0.0,0
424 (7).jpg,test\FAKE\424 (7).jpg,0.0,0
424 (8).jpg,test\FAKE\424 (8).jpg,0.0,0
424 (9).jpg,test\FAKE\424 (9).jpg,0.0,0
424.jpg,test\FAKE\424.jpg,0.0,0
425 (10).jpg,test\FAKE\425 (10).jpg,0.0,0
425 (2).jpg,test\FAKE\425 (2).jpg,0.0,0
425 (3).jpg,test\FAKE\425 (3).jpg,0.0115379095,0
425 (4).jpg,test\FAKE\425 (4).jpg,0.0,0
425 (5).jpg,test\FAKE\425 (5).jpg,0.0,0
425 (6).jpg,test\FAKE\425 (6).jpg,0.0029522777,0
425 (7).jpg,test\FAKE\425 (7).jpg,0.0,0
425 (8).jpg,test\FAKE\425 (8).jpg,0.0,0
425 (9).jpg,test\FAKE\425 (9).jpg,1.7881393e-07,0
425.jpg,test\FAKE\425.jpg,6.2584877e-07,0
426 (10).jpg,test\FAKE\426 (10).jpg,0.0,0
426 (2).jpg,test\FAKE\426 (2).jpg,0.0,0
426 (3).jpg,test\FAKE\426 (3).jpg,0.0,0
426 (4).jpg,test\FAKE\426 (4).jpg,0.0,0
426 (5).jpg,test\FAKE\426 (5).jpg,0.0,0
426 (6).jpg,test\FAKE\426 (6).jpg,8.940697e-08,0
426 (7).jpg,test\FAKE\426 (7).jpg,0.0,0
426 (8).jpg,test\FAKE\426 (8).jpg,0.0,0
426 (9).jpg,test\FAKE\426 (9).jpg,0.0,0
426.jpg,test\FAKE\426.jpg,0.0038401186,0
427 (10).jpg,test\FAKE\427 (10).jpg,0.0,0
427 (2).jpg,test\FAKE\427 (2).jpg,0.0,0
427 (3).jpg,test\FAKE\427 (3).jpg,0.0,0
427 (4).jpg,test\FAKE\427 (4).jpg,0.0,0
427 (5).jpg,test\FAKE\427 (5).jpg,0.0,0
427 (6).jpg,test\FAKE\427 (6).jpg,0.0,0
427 (7).jpg,test\FAKE\427 (7).jpg,0.0,0
427 (8).jpg,test\FAKE\427 (8).jpg,7.3611736e-06,0
427 (9).jpg,test\FAKE\427 (9).jpg,0.0,0
427.jpg,test\FAKE\427.jpg,8.940697e-08,0
428 (10).jpg,test\FAKE\428 (10).jpg,0.0,0
428 (2).jpg,test\FAKE\428 (2).jpg,7.0631504e-06,0
428 (3).jpg,test\FAKE\428 (3).jpg,0.0,0
428 (4).jpg,test\FAKE\428 (4).jpg,8.46386e-06,0
428 (5).jpg,test\FAKE\428 (5).jpg,0.0,0
428 (6).jpg,test\FAKE\428 (6).jpg,0.0,0
428 (7).jpg,test\FAKE\428 (7).jpg,0.0,0
428 (8).jpg,test\FAKE\428 (8).jpg,0.0,0
428 (9).jpg,test\FAKE\428 (9).jpg,0.0,0
428.jpg,test\FAKE\428.jpg,0.0,0
429 (10).jpg,test\FAKE\429 (10).jpg,7.8082085e-06,0
429 (2).jpg,test\FAKE\429 (2).jpg,0.0,0
429 (3).jpg,test\FAKE\429 (3).jpg,1.1920929e-07,0
429 (4).jpg,test\FAKE\429 (4).jpg,0.00023004413,0
429 (5).jpg,test\FAKE\429 (5).jpg,0.0,0
429 (6).jpg,test\FAKE\429 (6).jpg,0.0,0
429 (7).jpg,test\FAKE\429 (7).jpg,0.0,0
429 (8).jpg,test\FAKE\429 (8).jpg,0.0,0
429 (9).jpg,test\FAKE\429 (9).jpg,0.0,0
429.jpg,test\FAKE\429.jpg,0.0,0
43 (10).jpg,test\FAKE\43 (10).jpg,0.0,0
43 (2).jpg,test\FAKE\43 (2).jpg,0.0,0
43 (3).jpg,test\FAKE\43 (3).jpg,6.0796738e-06,0
43 (4).jpg,test\FAKE\43 (4).jpg,0.0,0
43 (5).jpg,test\FAKE\43 (5).jpg,2.9802322e-07,0
43 (6).jpg,test\FAKE\43 (6).jpg,0.0,0
43 (7).jpg,test\FAKE\43 (7).jpg,0.0,0
43 (8).jpg,test\FAKE\43 (8).jpg,0.0,0
43 (9).jpg,test\FAKE\43 (9).jpg,0.0,0
43.jpg,test\FAKE\43.jpg,0.00014853477,0
430 (10).jpg,test\FAKE\430 (10).jpg,0.0,0
430 (2).jpg,test\FAKE\430 (2).jpg,0.0,0
430 (3).jpg,test\FAKE\430 (3).jpg,0.02766639,0
430 (4).jpg,test\FAKE\430 (4).jpg,0.0,0
430 (5).jpg,test\FAKE\430 (5).jpg,0.0,0
430 (6).jpg,test\FAKE\430 (6).jpg,0.0,0
430 (7).jpg,test\FAKE\430 (7).jpg,0.0,0
430 (8).jpg,test\FAKE\430 (8).jpg,0.1063976,0
430 (9).jpg,test\FAKE\430 (9).jpg,9.5784664e-05,0
430.jpg,test\FAKE\430.jpg,0.0,0
431 (10).jpg,test\FAKE\431 (10).jpg,0.0,0
431 (2).jpg,test\FAKE\431 (2).jpg,0.0,0
431 (3).jpg,test\FAKE\431 (3).jpg,0.0,0
431 (4).jpg,test\FAKE\431 (4).jpg,0.0,0
431 (5).jpg,test\FAKE\431 (5).jpg,0.0,0
431 (6).jpg,test\FAKE\431 (6).jpg,0.0,0
431 (7).jpg,test\FAKE\431 (7).jpg,0.0,0
431 (8).jpg,test\FAKE\431 (8).jpg,0.0,0
431 (9).jpg,test\FAKE\431 (9).jpg,0.00011587143,0
431.jpg,test\FAKE\431.jpg,0.0,0
432 (10).jpg,test\FAKE\432 (10).jpg,2.0861626e-07,0
432 (2).jpg,test\FAKE\432 (2).jpg,0.0,0
432 (3).jpg,test\FAKE\432 (3).jpg,0.060232222,0
432 (4).jpg,test\FAKE\432 (4).jpg,0.0,0
432 (5).jpg,test\FAKE\432 (5).jpg,0.0,0
432 (6).jpg,test\FAKE\432 (6).jpg,5.364418e-07,0
432 (7).jpg,test\FAKE\432 (7).jpg,0.0,0
432 (8).jpg,test\FAKE\432 (8).jpg,0.0,0
432 (9).jpg,test\FAKE\432 (9).jpg,0.0,0
432.jpg,test\FAKE\432.jpg,0.0,0
433 (10).jpg,test\FAKE\433 (10).jpg,4.544854e-05,0
433 (2).jpg,test\FAKE\433 (2).jpg,0.0,0
433 (3).jpg,test\FAKE\433 (3).jpg,6.854534e-07,0
433 (4).jpg,test\FAKE\433 (4).jpg,2.9802322e-06,0
433 (5).jpg,test\FAKE\433 (5).jpg,0.0,0
433 (6).jpg,test\FAKE\433 (6).jpg,0.0,0
433 (7).jpg,test\FAKE\433 (7).jpg,0.0,0
433 (8).jpg,test\FAKE\433 (8).jpg,0.0,0
433 (9).jpg,test\FAKE\433 (9).jpg,0.0006120205,0
433.jpg,test\FAKE\433.jpg,0.0,0
434 (10).jpg,test\FAKE\434 (10).jpg,0.0,0
434 (2).jpg,test\FAKE\434 (2).jpg,4.5478344e-05,0
434 (3).jpg,test\FAKE\434 (3).jpg,0.0,0
434 (4).jpg,test\FAKE\434 (4).jpg,0.0,0
434 (5).jpg,test\FAKE\434 (5).jpg,0.0,0
434 (6).jpg,test\FAKE\434 (6).jpg,0.0,0
434 (7).jpg,test\FAKE\434 (7).jpg,0.0,0
434 (8).jpg,test\FAKE\434 (8).jpg,0.0,0
434 (9).jpg,test\FAKE\434 (9).jpg,2.682209e-06,0
434.jpg,test\FAKE\434.jpg,0.0,0
435 (10).jpg,test\FAKE\435 (10).jpg,0.0008340776,0
435 (2).jpg,test\FAKE\435 (2).jpg,0.0,0
435 (3).jpg,test\FAKE\435 (3).jpg,0.00027412176,0
435 (4).jpg,test\FAKE\435 (4).jpg,2.95043e-06,0
435 (5).jpg,test\FAKE\435 (5).jpg,0.0,0
435 (6).jpg,test\FAKE\435 (6).jpg,0.0,0
435 (7).jpg,test\FAKE\435 (7).jpg,0.011710107,0
435 (8).jpg,test\FAKE\435 (8).jpg,8.940697e-08,0
435 (9).jpg,test\FAKE\435 (9).jpg,0.3456723,0
435.jpg,test\FAKE\435.jpg,0.000346601,0
436 (10).jpg,test\FAKE\436 (10).jpg,0.0,0
436 (2).jpg,test\FAKE\436 (2).jpg,0.0,0
436 (3).jpg,test\FAKE\436 (3).jpg,1.8417835e-05,0
436 (4).jpg,test\FAKE\436 (4).jpg,0.0,0
436 (5).jpg,test\FAKE\436 (5).jpg,0.0,0
436 (6).jpg,test\FAKE\436 (6).jpg,0.0,0
436 (7).jpg,test\FAKE\436 (7).jpg,0.0,0
436 (8).jpg,test\FAKE\436 (8).jpg,0.0,0
436 (9).jpg,test\FAKE\436 (9).jpg,0.17019188,0
436.jpg,test\FAKE\436.jpg,0.07989043,0
437 (10).jpg,test\FAKE\437 (10).jpg,0.0,0
437 (2).jpg,test\FAKE\437 (2).jpg,0.0,0
437 (3).jpg,test\FAKE\437 (3).jpg,0.0,0
437 (4).jpg,test\FAKE\437 (4).jpg,0.0,0
437 (5).jpg,test\FAKE\437 (5).jpg,0.0,0
437 (6).jpg,test\FAKE\437 (6).jpg,0.0,0
437 (7).jpg,test\FAKE\437 (7).jpg,0.032501012,0
437 (8).jpg,test\FAKE\437 (8).jpg,0.0,0
437 (9).jpg,test\FAKE\437 (9).jpg,0.00031805038,0
437.jpg,test\FAKE\437.jpg,0.0,0
438 (10).jpg,test\FAKE\438 (10).jpg,0.0,0
438 (2).jpg,test\FAKE\438 (2).jpg,0.00092825294,0
438 (3).jpg,test\FAKE\438 (3).jpg,0.487789,0
438 (4).jpg,test\FAKE\438 (4).jpg,0.0,0
438 (5).jpg,test\FAKE\438 (5).jpg,0.0,0
438 (6).jpg,test\FAKE\438 (6).jpg,0.0,0
438 (7).jpg,test\FAKE\438 (7).jpg,0.0,0
438 (8).jpg,test\FAKE\438 (8).jpg,0.0,0
438 (9).jpg,test\FAKE\438 (9).jpg,0.0,0
438.jpg,test\FAKE\438.jpg,1.4901161e-07,0
439 (10).jpg,test\FAKE\439 (10).jpg,1.9967556e-06,0
439 (2).jpg,test\FAKE\439 (2).jpg,0.35050687,0
439 (3).jpg,test\FAKE\439 (3).jpg,8.940697e-08,0
439 (4).jpg,test\FAKE\439 (4).jpg,0.0,0
439 (5).jpg,test\FAKE\439 (5).jpg,0.0,0
439 (6).jpg,test\FAKE\439 (6).jpg,1.707673e-05,0
439 (7).jpg,test\FAKE\439 (7).jpg,0.0,0
439 (8).jpg,test\FAKE\439 (8).jpg,0.0,0
439 (9).jpg,test\FAKE\439 (9).jpg,0.0,0
439.jpg,test\FAKE\439.jpg,0.0,0
44 (10).jpg,test\FAKE\44 (10).jpg,0.0,0
44 (2).jpg,test\FAKE\44 (2).jpg,0.0,0
44 (3).jpg,test\FAKE\44 (3).jpg,0.0,0
44 (4).jpg,test\FAKE\44 (4).jpg,0.0,0
44 (5).jpg,test\FAKE\44 (5).jpg,0.0,0
44 (6).jpg,test\FAKE\44 (6).jpg,0.0,0
44 (7).jpg,test\FAKE\44 (7).jpg,0.0,0
44 (8).jpg,test\FAKE\44 (8).jpg,0.028841913,0
44 (9).jpg,test\FAKE\44 (9).jpg,0.0,0
44.jpg,test\FAKE\44.jpg,2.3841858e-07,0
440 (10).jpg,test\FAKE\440 (10).jpg,0.0,0
440 (2).jpg,test\FAKE\440 (2).jpg,0.0,0
440 (3).jpg,test\FAKE\440 (3).jpg,0.0012079775,0
440 (4).jpg,test\FAKE\440 (4).jpg,5.9604645e-08,0
440 (5).jpg,test\FAKE\440 (5).jpg,0.0,0
440 (6).jpg,test\FAKE\440 (6).jpg,0.0,0
440 (7).jpg,test\FAKE\440 (7).jpg,0.0010164976,0
440 (8).jpg,test\FAKE\440 (8).jpg,0.11111775,0
440 (9).jpg,test\FAKE\440 (9).jpg,0.0,0
440.jpg,test\FAKE\440.jpg,2.9802322e-08,0
441 (10).jpg,test\FAKE\441 (10).jpg,2.9802322e-07,0
441 (2).jpg,test\FAKE\441 (2).jpg,0.0,0
441 (3).jpg,test\FAKE\441 (3).jpg,1.7881393e-07,0
441 (4).jpg,test\FAKE\441 (4).jpg,0.0,0
441 (5).jpg,test\FAKE\441 (5).jpg,8.940697e-08,0
441 (6).jpg,test\FAKE\441 (6).jpg,0.0,0
441 (7).jpg,test\FAKE\441 (7).jpg,0.0,0
441 (8).jpg,test\FAKE\441 (8).jpg,0.0,0
441 (9).jpg,test\FAKE\441 (9).jpg,8.6426735e-07,0
441.jpg,test\FAKE\441.jpg,0.0,0
442 (10).jpg,test\FAKE\442 (10).jpg,0.0,0
442 (2).jpg,test\FAKE\442 (2).jpg,0.0,0
442 (3).jpg,test\FAKE\442 (3).jpg,2.9802322e-08,0
442 (4).jpg,test\FAKE\442 (4).jpg,0.0,0
442 (5).jpg,test\FAKE\442 (5).jpg,0.0,0
442 (6).jpg,test\FAKE\442 (6).jpg,0.0,0
442 (7).jpg,test\FAKE\442 (7).jpg,0.0,0
442 (8).jpg,test\FAKE\442 (8).jpg,4.3809414e-06,0
442 (9).jpg,test\FAKE\442 (9).jpg,0.0,0
442.jpg,test\FAKE\442.jpg,2.9802322e-08,0
443 (10).jpg,test\FAKE\443 (10).jpg,0.0,0
443 (2).jpg,test\FAKE\443 (2).jpg,0.0,0
443 (3).jpg,test\FAKE\443 (3).jpg,0.0,0
443 (4).jpg,test\FAKE\443 (4).jpg,2.9802322e-08,0
443 (5).jpg,test\FAKE\443 (5).jpg,0.0,0
443 (6).jpg,test\FAKE\443 (6).jpg,0.0,0
443 (7).jpg,test\FAKE\443 (7).jpg,0.0,0
443 (8).jpg,test\FAKE\443 (8).jpg,0.0,0
443 (9).jpg,test\FAKE\443 (9).jpg,0.98002684,1
443.jpg,test\FAKE\443.jpg,7.897615e-06,0
444 (10).jpg,test\FAKE\444 (10).jpg,0.9888938,1
444 (2).jpg,test\FAKE\444 (2).jpg,0.0,0
444 (3).jpg,test\FAKE\444 (3).jpg,0.0,0
444 (4).jpg,test\FAKE\444 (4).jpg,0.0,0
444 (5).jpg,test\FAKE\444 (5).jpg,5.066395e-07,0
444 (6).jpg,test\FAKE\444 (6).jpg,0.0,0
444 (7).jpg,test\FAKE\444 (7).jpg,0.0,0
444 (8).jpg,test\FAKE\444 (8).jpg,0.0,0
444 (9).jpg,test\FAKE\444 (9).jpg,0.0,0
444.jpg,test\FAKE\444.jpg,0.0,0
445 (10).jpg,test\FAKE\445 (10).jpg,8.940697e-08,0
445 (2).jpg,test\FAKE\445 (2).jpg,0.0,0
445 (3).jpg,test\FAKE\445 (3).jpg,3.3974648e-06,0
445 (4).jpg,test\FAKE\445 (4).jpg,0.0,0
445 (5).jpg,test\FAKE\445 (5).jpg,0.0,0
445 (6).jpg,test\FAKE\445 (6).jpg,0.0,0
445 (7).jpg,test\FAKE\445 (7).jpg,8.940697e-08,0
445 (8).jpg,test\FAKE\445 (8).jpg,0.0,0
445 (9).jpg,test\FAKE\445 (9).jpg,0.0,0
445.jpg,test\FAKE\445.jpg,0.0,0
446 (10).jpg,test\FAKE\446 (10).jpg,0.0,0
446 (2).jpg,test\FAKE\446 (2).jpg,0.0,0
446 (3).jpg,test\FAKE\446 (3).jpg,0.0,0
446 (4).jpg,test\FAKE\446 (4).jpg,0.0,0
446 (5).jpg,test\FAKE\446 (5).jpg,0.0,0
446 (6).jpg,test\FAKE\446 (6).jpg,0.0,0
446 (7).jpg,test\FAKE\446 (7).jpg,0.0,0
446 (8).jpg,test\FAKE\446 (8).jpg,1.8775463e-06,0
446 (9).jpg,test\FAKE\446 (9).jpg,2.682209e-05,0
446.jpg,test\FAKE\446.jpg,3.0130148e-05,0
447 (10).jpg,test\FAKE\447 (10).jpg,0.0,0
447 (2).jpg,test\FAKE\447 (2).jpg,0.0,0
447 (3).jpg,test\FAKE\447 (3).jpg,0.017995447,0
447 (4).jpg,test\FAKE\447 (4).jpg,0.0,0
447 (5).jpg,test\FAKE\447 (5).jpg,0.0,0
447 (6).jpg,test\FAKE\447 (6).jpg,2.9802322e-08,0
447 (7).jpg,test\FAKE\447 (7).jpg,0.0,0
447 (8).jpg,test\FAKE\447 (8).jpg,0.0,0
447 (9).jpg,test\FAKE\447 (9).jpg,1.4901161e-07,0
447.jpg,test\FAKE\447.jpg,0.0026033223,0
448 (10).jpg,test\FAKE\448 (10).jpg,0.0,0
448 (2).jpg,test\FAKE\448 (2).jpg,0.0,0
448 (3).jpg,test\FAKE\448 (3).jpg,8.940697e-06,0
448 (4).jpg,test\FAKE\448 (4).jpg,0.0,0
448 (5).jpg,test\FAKE\448 (5).jpg,0.0,0
448 (6).jpg,test\FAKE\448 (6).jpg,0.0,0
448 (7).jpg,test\FAKE\448 (7).jpg,0.0,0
448 (8).jpg,test\FAKE\448 (8).jpg,0.0,0
448 (9).jpg,test\FAKE\448 (9).jpg,2.3841858e-07,0
448.jpg,test\FAKE\448.jpg,0.0,0
449 (10).jpg,test\FAKE\449 (10).jpg,0.0,0
449 (2).jpg,test\FAKE\449 (2).jpg,0.0,0
449 (3).jpg,test\FAKE\449 (3).jpg,0.0008082986,0
449 (4).jpg,test\FAKE\449 (4).jpg,0.0,0
449 (5).jpg,test\FAKE\449 (5).jpg,0.0,0
449 (6).jpg,test\FAKE\449 (6).jpg,0.0,0
449 (7).jpg,test\FAKE\449 (7).jpg,0.0,0
449 (8).jpg,test\FAKE\449 (8).jpg,0.0001436472,0
449 (9).jpg,test\FAKE\449 (9).jpg,0.0,0
449.jpg,test\FAKE\449.jpg,0.0,0
45 (10).jpg,test\FAKE\45 (10).jpg,0.0,0
45 (2).jpg,test\FAKE\45 (2).jpg,0.0,0
45 (3).jpg,test\FAKE\45 (3).jpg,6.854534e-07,0
45 (4).jpg,test\FAKE\45 (4).jpg,0.0,0
45 (5).jpg,test\FAKE\45 (5).jpg,4.5895576e-06,0
45 (6).jpg,test\FAKE\45 (6).jpg,0.0,0
45 (7).jpg,test\FAKE\45 (7).jpg,0.0,0
45 (8).jpg,test\FAKE\45 (8).jpg,0.0005068779,0
45 (9).jpg,test\FAKE\45 (9).jpg,0.0,0
45.jpg,test\FAKE\45.jpg,0.0,0
450 (10).jpg,test\FAKE\450 (10).jpg,0.0,0
450 (2).jpg,test\FAKE\450 (2).jpg,1.7881393e-07,0
450 (3).jpg,test\FAKE\450 (3).jpg,7.5399876e-06,0
450 (4).jpg,test\FAKE\450 (4).jpg,0.0,0
450 (5).jpg,test\FAKE\450 (5).jpg,0.0,0
450 (6).jpg,test\FAKE\450 (6).jpg,0.0,0
450 (7).jpg,test\FAKE\450 (7).jpg,0.0,0
450 (8).jpg,test\FAKE\450 (8).jpg,0.0012818277,0
450 (9).jpg,test\FAKE\450 (9).jpg,1.5854836e-05,0
450.jpg,test\FAKE\450.jpg,0.0,0
451 (10).jpg,test\FAKE\451 (10).jpg,0.0,0
451 (2).jpg,test\FAKE\451 (2).jpg,0.0,0
451 (3).jpg,test\FAKE\451 (3).jpg,0.045121044,0
451 (4).jpg,test\FAKE\451 (4).jpg,0.0,0
451 (5).jpg,test\FAKE\451 (5).jpg,0.0,0
451 (6).jpg,test\FAKE\451 (6).jpg,0.0,0
451 (7).jpg,test\FAKE\451 (7).jpg,0.0,0
451 (8).jpg,test\FAKE\451 (8).jpg,1.3440847e-05,0
451 (9).jpg,test\FAKE\451 (9).jpg,4.172325e-07,0
451.jpg,test\FAKE\451.jpg,2.9802322e-08,0
452 (10).jpg,test\FAKE\452 (10).jpg,0.0,0
452 (2).jpg,test\FAKE\452 (2).jpg,0.0,0
452 (3).jpg,test\FAKE\452 (3).jpg,0.00010102987,0
452 (4).jpg,test\FAKE\452 (4).jpg,0.35793048,0
452 (5).jpg,test\FAKE\452 (5).jpg,0.0,0
452 (6).jpg,test\FAKE\452 (6).jpg,0.0,0
452 (7).jpg,test\FAKE\452 (7).jpg,5.9604645e-08,0
452 (8).jpg,test\FAKE\452 (8).jpg,2.2649765e-06,0
452 (9).jpg,test\FAKE\452 (9).jpg,8.222461e-05,0
452.jpg,test\FAKE\452.jpg,0.0,0
453 (10).jpg,test\FAKE\453 (10).jpg,3.5762787e-07,0
453 (2).jpg,test\FAKE\453 (2).jpg,0.0,0
453 (3).jpg,test\FAKE\453 (3).jpg,0.9999783,1
453 (4).jpg,test\FAKE\453 (4).jpg,0.0,0
453 (5).jpg,test\FAKE\453 (5).jpg,0.0,0
453 (6).jpg,test\FAKE\453 (6).jpg,0.01014325,0
453 (7).jpg,test\FAKE\453 (7).jpg,0.0,0
453 (8).jpg,test\FAKE\453 (8).jpg,0.0,0
453 (9).jpg,test\FAKE\453 (9).jpg,2.9802322e-08,0
453.jpg,test\FAKE\453.jpg,0.0,0
454 (10).jpg,test\FAKE\454 (10).jpg,1.1622906e-06,0
454 (2).jpg,test\FAKE\454 (2).jpg,0.0,0
454 (3).jpg,test\FAKE\454 (3).jpg,1.1920929e-07,0
454 (4).jpg,test\FAKE\454 (4).jpg,0.0,0
454 (5).jpg,test\FAKE\454 (5).jpg,0.0,0
454 (6).jpg,test\FAKE\454 (6).jpg,0.0,0
454 (7).jpg,test\FAKE\454 (7).jpg,0.0,0
454 (8).jpg,test\FAKE\454 (8).jpg,0.0,0
454 (9).jpg,test\FAKE\454 (9).jpg,3.1888485e-06,0
454.jpg,test\FAKE\454.jpg,0.0,0
455 (10).jpg,test\FAKE\455 (10).jpg,0.0,0
455 (2).jpg,test\FAKE\455 (2).jpg,0.0,0
455 (3).jpg,test\FAKE\455 (3).jpg,5.9604645e-08,0
455 (4).jpg,test\FAKE\455 (4).jpg,0.0,0
455 (5).jpg,test\FAKE\455 (5).jpg,0.0,0
455 (6).jpg,test\FAKE\455 (6).jpg,0.0,0
455 (7).jpg,test\FAKE\455 (7).jpg,2.0861626e-07,0
455 (8).jpg,test\FAKE\455 (8).jpg,0.0,0
455 (9).jpg,test\FAKE\455 (9).jpg,2.682209e-07,0
455.jpg,test\FAKE\455.jpg,0.019493133,0
456 (10).jpg,test\FAKE\456 (10).jpg,0.0,0
456 (2).jpg,test\FAKE\456 (2).jpg,0.0,0
456 (3).jpg,test\FAKE\456 (3).jpg,4.5001507e-06,0
456 (4).jpg,test\FAKE\456 (4).jpg,4.529953e-06,0
456 (5).jpg,test\FAKE\456 (5).jpg,0.0,0
456 (6).jpg,test\FAKE\456 (6).jpg,0.0,0
456 (7).jpg,test\FAKE\456 (7).jpg,0.0,0
456 (8).jpg,test\FAKE\456 (8).jpg,0.0,0
456 (9).jpg,test\FAKE\456 (9).jpg,0.0,0
456.jpg,test\FAKE\456.jpg,0.0,0
457 (10).jpg,test\FAKE\457 (10).jpg,0.26145083,0
457 (2).jpg,test\FAKE\457 (2).jpg,0.0,0
457 (3).jpg,test\FAKE\457 (3).jpg,4.529953e-06,0
457 (4).jpg,test\FAKE\457 (4).jpg,0.0,0
457 (5).jpg,test\FAKE\457 (5).jpg,0.0,0
457 (6).jpg,test\FAKE\457 (6).jpg,3.5762787e-07,0
457 (7).jpg,test\FAKE\457 (7).jpg,0.0,0
457 (8).jpg,test\FAKE\457 (8).jpg,0.0,0
457 (9).jpg,test\FAKE\457 (9).jpg,1.9669533e-06,0
457.jpg,test\FAKE\457.jpg,0.0,0
458 (10).jpg,test\FAKE\458 (10).jpg,0.0,0
458 (2).jpg,test\FAKE\458 (2).jpg,0.0,0
458 (3).jpg,test\FAKE\458 (3).jpg,0.0,0
458 (4).jpg,test\FAKE\458 (4).jpg,0.0,0
458 (5).jpg,test\FAKE\458 (5).jpg,0.0,0
458 (6).jpg,test\FAKE\458 (6).jpg,0.0,0
458 (7).jpg,test\FAKE\458 (7).jpg,0.0,0
458 (8).jpg,test\FAKE\458 (8).jpg,5.6684017e-05,0
458 (9).jpg,test\FAKE\458 (9).jpg,0.00807175,0
458.jpg,test\FAKE\458.jpg,0.0,0
459 (10).jpg,test\FAKE\459 (10).jpg,3.4868717e-05,0
459 (2).jpg,test\FAKE\459 (2).jpg,0.0,0
459 (3).jpg,test\FAKE\459 (3).jpg,0.35100698,0
459 (4).jpg,test\FAKE\459 (4).jpg,0.0,0
459 (5).jpg,test\FAKE\459 (5).jpg,0.0,0
459 (6).jpg,test\FAKE\459 (6).jpg,0.0,0
459 (7).jpg,test\FAKE\459 (7).jpg,0.0,0
459 (8).jpg,test\FAKE\459 (8).jpg,0.0,0
459 (9).jpg,test\FAKE\459 (9).jpg,0.0,0
459.jpg,test\FAKE\459.jpg,0.0,0
46 (10).jpg,test\FAKE\46 (10).jpg,0.0,0
46 (2).jpg,test\FAKE\46 (2).jpg,0.0,0
46 (3).jpg,test\FAKE\46 (3).jpg,4.7385693e-06,0
46 (4).jpg,test\FAKE\46 (4).jpg,0.0,0
46 (5).jpg,test\FAKE\46 (5).jpg,0.025735408,0
46 (6).jpg,test\FAKE\46 (6).jpg,0.0,0
46 (7).jpg,test\FAKE\46 (7).jpg,2.9802322e-08,0
46 (8).jpg,test\FAKE\46 (8).jpg,0.0,0
46 (9).jpg,test\FAKE\46 (9).jpg,5.90086e-06,0
46.jpg,test\FAKE\46.jpg,1.013279e-06,0
460 (10).jpg,test\FAKE\460 (10).jpg,0.0,0
460 (2).jpg,test\FAKE\460 (2).jpg,0.0,0
460 (3).jpg,test\FAKE\460 (3).jpg,0.012527287,0
460 (4).jpg,test\FAKE\460 (4).jpg,1.1920929e-07,0
460 (5).jpg,test\FAKE\460 (5).jpg,0.0,0
460 (6).jpg,test\FAKE\460 (6).jpg,0.0,0
460 (7).jpg,test\FAKE\460 (7).jpg,0.00069871545,0
460 (8).jpg,test\FAKE\460 (8).jpg,0.0,0
460 (9).jpg,test\FAKE\460 (9).jpg,0.50873244,1
460.jpg,test\FAKE\460.jpg,0.0,0
461 (10).jpg,test\FAKE\461 (10).jpg,0.0,0
461 (2).jpg,test\FAKE\461 (2).jpg,6.854534e-07,0
461 (3).jpg,test\FAKE\461 (3).jpg,0.14342988,0
461 (4).jpg,test\FAKE\461 (4).jpg,0.0,0
461 (5).jpg,test\FAKE\461 (5).jpg,0.0,0
461 (6).jpg,test\FAKE\461 (6).jpg,0.0,0
461 (7).jpg,test\FAKE\461 (7).jpg,0.0,0
461 (8).jpg,test\FAKE\461 (8).jpg,0.0,0
461 (9).jpg,test\FAKE\461 (9).jpg,4.4703484e-07,0
461.jpg,test\FAKE\461.jpg,0.0,0
462 (10).jpg,test\FAKE\462 (10).jpg,0.0,0
462 (2).jpg,test\FAKE\462 (2).jpg,0.0,0
462 (3).jpg,test\FAKE\462 (3).jpg,0.0,0
462 (4).jpg,test\FAKE\462 (4).jpg,0.0008853972,0
462 (5).jpg,test\FAKE\462 (5).jpg,0.024998814,0
462 (6).jpg,test\FAKE\462 (6).jpg,0.0,0
462 (7).jpg,test\FAKE\462 (7).jpg,0.0,0
462 (8).jpg,test\FAKE\462 (8).jpg,0.0,0
462 (9).jpg,test\FAKE\462 (9).jpg,0.0,0
462.jpg,test\FAKE\462.jpg,0.0,0
463 (10).jpg,test\FAKE\463 (10).jpg,2.9802322e-08,0
463 (2).jpg,test\FAKE\463 (2).jpg,0.0,0
463 (3).jpg,test\FAKE\463 (3).jpg,0.0,0
463 (4).jpg,test\FAKE\463 (4).jpg,0.0,0
463 (5).jpg,test\FAKE\463 (5).jpg,0.0,0
463 (6).jpg,test\FAKE\463 (6).jpg,0.0,0
463 (7).jpg,test\FAKE\463 (7).jpg,0.0,0
463 (8).jpg,test\FAKE\463 (8).jpg,0.0,0
463 (9).jpg,test\FAKE\463 (9).jpg,5.9604645e-08,0
463.jpg,test\FAKE\463.jpg,5.751848e-06,0
464 (10).jpg,test\FAKE\464 (10).jpg,2.3841858e-07,0
464 (2).jpg,test\FAKE\464 (2).jpg,0.0,0
464 (3).jpg,test\FAKE\464 (3).jpg,0.0,0
464 (4).jpg,test\FAKE\464 (4).jpg,0.0,0
464 (5).jpg,test\FAKE\464 (5).jpg,0.0,0
464 (6).jpg,test\FAKE\464 (6).jpg,0.0,0
464 (7).jpg,test\FAKE\464 (7).jpg,0.0,0
464 (8).jpg,test\FAKE\464 (8).jpg,0.0,0
464 (9).jpg,test\FAKE\464 (9).jpg,0.0,0
464.jpg,test\FAKE\464.jpg,0.0,0
465 (10).jpg,test\FAKE\465 (10).jpg,0.061059803,0
465 (2).jpg,test\FAKE\465 (2).jpg,0.0,0
465 (3).jpg,test\FAKE\465 (3).jpg,1.4901161e-07,0
465 (4).jpg,test\FAKE\465 (4).jpg,0.0,0
465 (5).jpg,test\FAKE\465 (5).jpg,0.0,0
465 (6).jpg,test\FAKE\465 (6).jpg,0.0,0
465 (7).jpg,test\FAKE\465 (7).jpg,0.0,0
465 (8).jpg,test\FAKE\465 (8).jpg,0.0,0
465 (9).jpg,test\FAKE\465 (9).jpg,0.0,0
465.jpg,test\FAKE\465.jpg,0.0,0
466 (10).jpg,test\FAKE\466 (10).jpg,0.0,0
466 (2).jpg,test\FAKE\466 (2).jpg,0.0,0
466 (3).jpg,test\FAKE\466 (3).jpg,0.0,0
466 (4).jpg,test\FAKE\466 (4).jpg,3.516674e-06,0
466 (5).jpg,test\FAKE\466 (5).jpg,0.0,0
466 (6).jpg,test\FAKE\466 (6).jpg,0.00015753508,0
466 (7).jpg,test\FAKE\466 (7).jpg,0.0,0
466 (8).jpg,test\FAKE\466 (8).jpg,0.0,0
466 (9).jpg,test\FAKE\466 (9).jpg,0.013685763,0
466.jpg,test\FAKE\466.jpg,0.0,0
467 (10).jpg,test\FAKE\467 (10).jpg,0.0,0
467 (2).jpg,test\FAKE\467 (2).jpg,0.0,0
467 (3).jpg,test\FAKE\467 (3).jpg,1.7881393e-07,0
467 (4).jpg,test\FAKE\467 (4).jpg,0.0,0
467 (5).jpg,test\FAKE\467 (5).jpg,0.0,0
467 (6).jpg,test\FAKE\467 (6).jpg,0.0,0
467 (7).jpg,test\FAKE\467 (7).jpg,0.0,0
467 (8).jpg,test\FAKE\467 (8).jpg,0.0,0
467 (9).jpg,test\FAKE\467 (9).jpg,0.0026160777,0
467.jpg,test\FAKE\467.jpg,0.0,0
468 (10).jpg,test\FAKE\468 (10).jpg,0.0,0
468 (2).jpg,test\FAKE\468 (2).jpg,0.0,0
468 (3).jpg,test\FAKE\468 (3).jpg,0.0,0
468 (4).jpg,test\FAKE\468 (4).jpg,3.5613775e-05,0
468 (5).jpg,test\FAKE\468 (5).jpg,0.0,0
468 (6).jpg,test\FAKE\468 (6).jpg,0.0,0
468 (7).jpg,test\FAKE\468 (7).jpg,0.0,0
468 (8).jpg,test\FAKE\468 (8).jpg,0.0,0
468 (9).jpg,test\FAKE\468 (9).jpg,0.0,0
468.jpg,test\FAKE\468.jpg,0.0,0
469 (10).jpg,test\FAKE\469 (10).jpg,0.0,0
469 (2).jpg,test\FAKE\469 (2).jpg,0.0,0
469 (3).jpg,test\FAKE\469 (3).jpg,0.007313341,0
469 (4).jpg,test\FAKE\469 (4).jpg,4.4703484e-07,0
469 (5).jpg,test\FAKE\469 (5).jpg,0.0,0
469 (6).jpg,test\FAKE\469 (6).jpg,0.0,0
469 (7).jpg,test\FAKE\469 (7).jpg,0.0,0
469 (8).jpg,test\FAKE\469 (8).jpg,0.0,0
469 (9).jpg,test\FAKE\469 (9).jpg,0.0,0
469.jpg,test\FAKE\469.jpg,0.0,0
47 (10).jpg,test\FAKE\47 (10).jpg,0.0,0
47 (2).jpg,test\FAKE\47 (2).jpg,0.0,0
47 (3).jpg,test\FAKE\47 (3).jpg,0.0,0
47 (4).jpg,test\FAKE\47 (4).jpg,1.3709068e-06,0
47 (5).jpg,test\FAKE\47 (5).jpg,0.0,0
47 (6).jpg,test\FAKE\47 (6).jpg,0.0,0
47 (7).jpg,test\FAKE\47 (7).jpg,0.0,0
47 (8).jpg,test\FAKE\47 (8).jpg,0.0,0
47 (9).jpg,test\FAKE\47 (9).jpg,0.0,0
47.jpg,test\FAKE\47.jpg,0.0,0
470 (10).jpg,test\FAKE\470 (10).jpg,0.0,0
470 (2).jpg,test\FAKE\470 (2).jpg,0.0,0
470 (3).jpg,test\FAKE\470 (3).jpg,0.0035513341,0
470 (4).jpg,test\FAKE\470 (4).jpg,1.2516975e-06,0
470 (5).jpg,test\FAKE\470 (5).jpg,0.0,0
470 (6).jpg,test\FAKE\470 (6).jpg,0.0,0
470 (7).jpg,test\FAKE\470 (7).jpg,0.0,0
470 (8).jpg,test\FAKE\470 (8).jpg,0.0,0
470 (9).jpg,test\FAKE\470 (9).jpg,0.0,0
470.jpg,test\FAKE\470.jpg,0.007838458,0
471 (10).jpg,test\FAKE\471 (10).jpg,0.0,0
471 (2).jpg,test\FAKE\471 (2).jpg,2.682209e-07,0
471 (3).jpg,test\FAKE\471 (3).jpg,0.0025329292,0
471 (4).jpg,test\FAKE\471 (4).jpg,0.0,0
471 (5).jpg,test\FAKE\471 (5).jpg,0.0,0
471 (6).jpg,test\FAKE\471 (6).jpg,0.0,0
471 (7).jpg,test\FAKE\471 (7).jpg,0.0,0
471 (8).jpg,test\FAKE\471 (8).jpg,0.017932385,0
471 (9).jpg,test\FAKE\471 (9).jpg,0.0015506744,0
471.jpg,test\FAKE\471.jpg,0.00027382374,0
472 (10).jpg,test\FAKE\472 (10).jpg,0.0,0
472 (2).jpg,test\FAKE\472 (2).jpg,0.0,0
472 (3).jpg,test\FAKE\472 (3).jpg,0.0,0
472 (4).jpg,test\FAKE\472 (4).jpg,0.0,0
472 (5).jpg,test\FAKE\472 (5).jpg,0.0,0
472 (6).jpg,test\FAKE\472 (6).jpg,0.0,0
472 (7).jpg,test\FAKE\472 (7).jpg,2.4437904e-06,0
472 (8).jpg,test\FAKE\472 (8).jpg,0.0,0
472 (9).jpg,test\FAKE\472 (9).jpg,0.0,0
472.jpg,test\FAKE\472.jpg,0.0,0
473 (10).jpg,test\FAKE\473 (10).jpg,0.0077250004,0
473 (2).jpg,test\FAKE\473 (2).jpg,0.0,0
473 (3).jpg,test\FAKE\473 (3).jpg,0.0008825362,0
473 (4).jpg,test\FAKE\473 (4).jpg,0.0,0
473 (5).jpg,test\FAKE\473 (5).jpg,0.0,0
473 (6).jpg,test\FAKE\473 (6).jpg,0.0,0
473 (7).jpg,test\FAKE\473 (7).jpg,0.0,0
473 (8).jpg,test\FAKE\473 (8).jpg,0.0,0
473 (9).jpg,test\FAKE\473 (9).jpg,0.0,0
473.jpg,test\FAKE\473.jpg,8.940697e-08,0
474 (10).jpg,test\FAKE\474 (10).jpg,9.23872e-07,0
474 (2).jpg,test\FAKE\474 (2).jpg,0.0,0
474 (3).jpg,test\FAKE\474 (3).jpg,0.16464868,0
474 (4).jpg,test\FAKE\474 (4).jpg,0.69777316,1
474 (5).jpg,test\FAKE\474 (5).jpg,0.0,0
474 (6).jpg,test\FAKE\474 (6).jpg,2.9802322e-08,0
474 (7).jpg,test\FAKE\474 (7).jpg,0.0,0
474 (8).jpg,test\FAKE\474 (8).jpg,1.7881393e-07,0
474 (9).jpg,test\FAKE\474 (9).jpg,0.00068205595,0
474.jpg,test\FAKE\474.jpg,0.0,0
475 (10).jpg,test\FAKE\475 (10).jpg,0.0,0
475 (2).jpg,test\FAKE\475 (2).jpg,0.0042618215,0
475 (3).jpg,test\FAKE\475 (3).jpg,2.3812056e-05,0
475 (4).jpg,test\FAKE\475 (4).jpg,0.0,0
475 (5).jpg,test\FAKE\475 (5).jpg,0.0019563138,0
475 (6).jpg,test\FAKE\475 (6).jpg,0.0,0
475 (7).jpg,test\FAKE\475 (7).jpg,0.0,0
475 (8).jpg,test\FAKE\475 (8).jpg,0.0,0
475 (9).jpg,test\FAKE\475 (9).jpg,0.0,0
475.jpg,test\FAKE\475.jpg,0.0,0
476 (10).jpg,test\FAKE\476 (10).jpg,0.0,0
476 (2).jpg,test\FAKE\476 (2).jpg,0.0,0
476 (3).jpg,test\FAKE\476 (3).jpg,0.0,0
476 (4).jpg,test\FAKE\476 (4).jpg,0.0,0
476 (5).jpg,test\FAKE\476 (5).jpg,0.0,0
476 (6).jpg,test\FAKE\476 (6).jpg,0.0,0
476 (7).jpg,test\FAKE\476 (7).jpg,0.0,0
476 (8).jpg,test\FAKE\476 (8).jpg,0.0,0
476 (9).jpg,test\FAKE\476 (9).jpg,0.0,0
476.jpg,test\FAKE\476.jpg,1.4603138e-06,0
477 (10).jpg,test\FAKE\477 (10).jpg,0.0,0
477 (2).jpg,test\FAKE\477 (2).jpg,0.0,0
477 (3).jpg,test\FAKE\477 (3).jpg,0.0,0
477 (4).jpg,test\FAKE\477 (4).jpg,0.0,0
477 (5).jpg,test\FAKE\477 (5).jpg,0.0,0
477 (6).jpg,test\FAKE\477 (6).jpg,2.3841858e-07,0
477 (7).jpg,test\FAKE\477 (7).jpg,0.0,0
477 (8).jpg,test\FAKE\477 (8).jpg,0.0,0
477 (9).jpg,test\FAKE\477 (9).jpg,4.172325e-07,0
477.jpg,test\FAKE\477.jpg,0.0,0
478 (10).jpg,test\FAKE\478 (10).jpg,0.0,0
478 (2).jpg,test\FAKE\478 (2).jpg,0.0,0
478 (3).jpg,test\FAKE\478 (3).jpg,0.00019720197,0
478 (4).jpg,test\FAKE\478 (4).jpg,0.0,0
478 (5).jpg,test\FAKE\478 (5).jpg,0.0,0
478 (6).jpg,test\FAKE\478 (6).jpg,2.9802322e-08,0
478 (7).jpg,test\FAKE\478 (7).jpg,0.0,0
478 (8).jpg,test\FAKE\478 (8).jpg,0.0,0
478 (9).jpg,test\FAKE\478 (9).jpg,0.0,0
478.jpg,test\FAKE\478.jpg,0.0002875626,0
479 (10).jpg,test\FAKE\479 (10).jpg,0.0,0
479 (2).jpg,test\FAKE\479 (2).jpg,0.0,0
479 (3).jpg,test\FAKE\479 (3).jpg,0.008400619,0
479 (4).jpg,test\FAKE\479 (4).jpg,2.115965e-06,0
479 (5).jpg,test\FAKE\479 (5).jpg,0.0,0
479 (6).jpg,test\FAKE\479 (6).jpg,0.0,0
479 (7).jpg,test\FAKE\479 (7).jpg,0.0,0
479 (8).jpg,test\FAKE\479 (8).jpg,0.0,0
479 (9).jpg,test\FAKE\479 (9).jpg,0.00015053153,0
479.jpg,test\FAKE\479.jpg,8.940697e-08,0
48 (10).jpg,test\FAKE\48 (10).jpg,1.5884638e-05,0
48 (2).jpg,test\FAKE\48 (2).jpg,0.0,0
48 (3).jpg,test\FAKE\48 (3).jpg,6.467104e-06,0
48 (4).jpg,test\FAKE\48 (4).jpg,2.977252e-05,0
48 (5).jpg,test\FAKE\48 (5).jpg,0.0,0
48 (6).jpg,test\FAKE\48 (6).jpg,0.0076379776,0
48 (7).jpg,test\FAKE\48 (7).jpg,0.0,0
48 (8).jpg,test\FAKE\48 (8).jpg,0.0002579987,0
48 (9).jpg,test\FAKE\48 (9).jpg,0.0,0
48.jpg,test\FAKE\48.jpg,3.0577183e-05,0
480 (10).jpg,test\FAKE\480 (10).jpg,1.2218952e-06,0
480 (2).jpg,test\FAKE\480 (2).jpg,0.0,0
480 (3).jpg,test\FAKE\480 (3).jpg,0.0,0
480 (4).jpg,test\FAKE\480 (4).jpg,0.0,0
480 (5).jpg,test\FAKE\480 (5).jpg,9.804964e-05,0
480 (6).jpg,test\FAKE\480 (6).jpg,0.0,0
480 (7).jpg,test\FAKE\480 (7).jpg,0.0,0
480 (8).jpg,test\FAKE\480 (8).jpg,0.0,0
480 (9).jpg,test\FAKE\480 (9).jpg,0.0,0
480.jpg,test\FAKE\480.jpg,0.0,0
481 (10).jpg,test\FAKE\481 (10).jpg,4.4703484e-06,0
481 (2).jpg,test\FAKE\481 (2).jpg,0.0,0
481 (3).jpg,test\FAKE\481 (3).jpg,0.14412865,0
481 (4).jpg,test\FAKE\481 (4).jpg,0.0,0
481 (5).jpg,test\FAKE\481 (5).jpg,0.0,0
481 (6).jpg,test\FAKE\481 (6).jpg,0.0,0
481 (7).jpg,test\FAKE\481 (7).jpg,0.0,0
481 (8).jpg,test\FAKE\481 (8).jpg,0.0,0
481 (9).jpg,test\FAKE\481 (9).jpg,0.0,0
481.jpg,test\FAKE\481.jpg,0.0,0
482 (10).jpg,test\FAKE\482 (10).jpg,0.0,0
482 (2).jpg,test\FAKE\482 (2).jpg,0.0,0
482 (3).jpg,test\FAKE\482 (3).jpg,0.0,0
482 (4).jpg,test\FAKE\482 (4).jpg,4.172325e-07,0
482 (5).jpg,test\FAKE\482 (5).jpg,0.0,0
482 (6).jpg,test\FAKE\482 (6).jpg,0.0,0
482 (7).jpg,test\FAKE\482 (7).jpg,0.0,0
482 (8).jpg,test\FAKE\482 (8).jpg,0.0,0
482 (9).jpg,test\FAKE\482 (9).jpg,0.0,0
482.jpg,test\FAKE\482.jpg,0.0,0
483 (10).jpg,test\FAKE\483 (10).jpg,0.00017130375,0
483 (2).jpg,test\FAKE\483 (2).jpg,0.0,0
483 (3).jpg,test\FAKE\483 (3).jpg,0.0,0
483 (4).jpg,test\FAKE\483 (4).jpg,0.0,0
483 (5).jpg,test\FAKE\483 (5).jpg,0.0,0
483 (6).jpg,test\FAKE\483 (6).jpg,0.0,0
483 (7).jpg,test\FAKE\483 (7).jpg,0.0,0
483 (8).jpg,test\FAKE\483 (8).jpg,0.0,0
483 (9).jpg,test\FAKE\483 (9).jpg,0.0,0
483.jpg,test\FAKE\483.jpg,0.0,0
484 (10).jpg,test\FAKE\484 (10).jpg,3.3974648e-06,0
484 (2).jpg,test\FAKE\484 (2).jpg,0.09939337,0
484 (3).jpg,test\FAKE\484 (3).jpg,6.854534e-07,0
484 (4).jpg,test\FAKE\484 (4).jpg,0.0,0
484 (5).jpg,test\FAKE\484 (5).jpg,0.0,0
484 (6).jpg,test\FAKE\484 (6).jpg,0.0,0
484 (7).jpg,test\FAKE\484 (7).jpg,0.0,0
484 (8).jpg,test\FAKE\484 (8).jpg,0.0,0
484 (9).jpg,test\FAKE\484 (9).jpg,0.0,0
484.jpg,test\FAKE\484.jpg,0.00022670627,0
485 (10).jpg,test\FAKE\485 (10).jpg,0.0,0
485 (2).jpg,test\FAKE\485 (2).jpg,0.0,0
485 (3).jpg,test\FAKE\485 (3).jpg,0.0,0
485 (4).jpg,test\FAKE\485 (4).jpg,0.0001937747,0
485 (5).jpg,test\FAKE\485 (5).jpg,0.0,0
485 (6).jpg,test\FAKE\485 (6).jpg,0.0,0
485 (7).jpg,test\FAKE\485 (7).jpg,0.0,0
485 (8).jpg,test\FAKE\485 (8).jpg,0.00028797984,0
485 (9).jpg,test\FAKE\485 (9).jpg,0.087058306,0
485.jpg,test\FAKE\485.jpg,0.0,0
486 (10).jpg,test\FAKE\486 (10).jpg,0.0,0
486 (2).jpg,test\FAKE\486 (2).jpg,0.020534635,0
486 (3).jpg,test\FAKE\486 (3).jpg,2.682209e-06,0
486 (4).jpg,test\FAKE\486 (4).jpg,1.6868114e-05,0
486 (5).jpg,test\FAKE\486 (5).jpg,0.0,0
486 (6).jpg,test\FAKE\486 (6).jpg,0.0,0
486 (7).jpg,test\FAKE\486 (7).jpg,2.9802322e-08,0
486 (8).jpg,test\FAKE\486 (8).jpg,0.0,0
486 (9).jpg,test\FAKE\486 (9).jpg,0.0,0
486.jpg,test\FAKE\486.jpg,0.0,0
487 (10).jpg,test\FAKE\487 (10).jpg,2.9802322e-07,0
487 (2).jpg,test\FAKE\487 (2).jpg,0.0,0
487 (3).jpg,test\FAKE\487 (3).jpg,0.046887517,0
487 (4).jpg,test\FAKE\487 (4).jpg,0.0,0
487 (5).jpg,test\FAKE\487 (5).jpg,3.990531e-05,0
487 (6).jpg,test\FAKE\487 (6).jpg,9.23872e-07,0
487 (7).jpg,test\FAKE\487 (7).jpg,0.0,0
487 (8).jpg,test\FAKE\487 (8).jpg,0.0,0
487 (9).jpg,test\FAKE\487 (9).jpg,0.0,0
487.jpg,test\FAKE\487.jpg,0.0,0
488 (10).jpg,test\FAKE\488 (10).jpg,0.0,0
488 (2).jpg,test\FAKE\488 (2).jpg,0.0,0
488 (3).jpg,test\FAKE\488 (3).jpg,9.018183e-05,0
488 (4).jpg,test\FAKE\488 (4).jpg,6.854534e-07,0
488 (5).jpg,test\FAKE\488 (5).jpg,0.0,0
488 (6).jpg,test\FAKE\488 (6).jpg,0.0,0
488 (7).jpg,test\FAKE\488 (7).jpg,0.0,0
488 (8).jpg,test\FAKE\488 (8).jpg,0.0,0
488 (9).jpg,test\FAKE\488 (9).jpg,0.0,0
488.jpg,test\FAKE\488.jpg,0.0,0
489 (10).jpg,test\FAKE\489 (10).jpg,0.0010420978,0
489 (2).jpg,test\FAKE\489 (2).jpg,0.0,0
489 (3).jpg,test\FAKE\489 (3).jpg,0.011197388,0
489 (4).jpg,test\FAKE\489 (4).jpg,4.6372414e-05,0
489 (5).jpg,test\FAKE\489 (5).jpg,0.0001424849,0
489 (6).jpg,test\FAKE\489 (6).jpg,0.0,0
489 (7).jpg,test\FAKE\489 (7).jpg,0.0,0
489 (8).jpg,test\FAKE\489 (8).jpg,0.0,0
489 (9).jpg,test\FAKE\489 (9).jpg,0.0,0
489.jpg,test\FAKE\489.jpg,1.1920929e-07,0
49 (10).jpg,test\FAKE\49 (10).jpg,0.0,0
49 (2).jpg,test\FAKE\49 (2).jpg,0.0,0
49 (3).jpg,test\FAKE\49 (3).jpg,0.0,0
49 (4).jpg,test\FAKE\49 (4).jpg,0.0,0
49 (5).jpg,test\FAKE\49 (5).jpg,0.0,0
49 (6).jpg,test\FAKE\49 (6).jpg,0.0,0
49 (7).jpg,test\FAKE\49 (7).jpg,0.0,0
49 (8).jpg,test\FAKE\49 (8).jpg,7.212162e-06,0
49 (9).jpg,test\FAKE\49 (9).jpg,3.9041042e-06,0
49.jpg,test\FAKE\49.jpg,1.1920929e-07,0
490 (10).jpg,test\FAKE\490 (10).jpg,0.00012809038,0
490 (2).jpg,test\FAKE\490 (2).jpg,0.0,0
490 (3).jpg,test\FAKE\490 (3).jpg,0.07818383,0
490 (4).jpg,test\FAKE\490 (4).jpg,0.00031980872,0
490 (5).jpg,test\FAKE\490 (5).jpg,3.3676624e-06,0
490 (6).jpg,test\FAKE\490 (6).jpg,0.14761755,0
490 (7).jpg,test\FAKE\490 (7).jpg,0.0,0
490 (8).jpg,test\FAKE\490 (8).jpg,0.0,0
490 (9).jpg,test\FAKE\490 (9).jpg,0.032206923,0
490.jpg,test\FAKE\490.jpg,0.0018525422,0
491 (10).jpg,test\FAKE\491 (10).jpg,1.2218952e-05,0
491 (2).jpg,test\FAKE\491 (2).jpg,0.0,0
491 (3).jpg,test\FAKE\491 (3).jpg,0.020115376,0
491 (4).jpg,test\FAKE\491 (4).jpg,0.0,0
491 (5).jpg,test\FAKE\491 (5).jpg,5.0634146e-05,0
491 (6).jpg,test\FAKE\491 (6).jpg,0.0,0
491 (7).jpg,test\FAKE\491 (7).jpg,0.0,0
491 (8).jpg,test\FAKE\491 (8).jpg,0.0,0
491 (9).jpg,test\FAKE\491 (9).jpg,0.0,0
491.jpg,test\FAKE\491.jpg,0.0,0
492 (10).jpg,test\FAKE\492 (10).jpg,0.0,0
492 (2).jpg,test\FAKE\492 (2).jpg,0.0,0
492 (3).jpg,test\FAKE\492 (3).jpg,0.0,0
492 (4).jpg,test\FAKE\492 (4).jpg,0.0,0
492 (5).jpg,test\FAKE\492 (5).jpg,0.0,0
492 (6).jpg,test\FAKE\492 (6).jpg,0.0,0
492 (7).jpg,test\FAKE\492 (7).jpg,0.0,0
492 (8).jpg,test\FAKE\492 (8).jpg,0.0,0
492 (9).jpg,test\FAKE\492 (9).jpg,2.9802322e-08,0
492.jpg,test\FAKE\492.jpg,0.0,0
493 (10).jpg,test\FAKE\493 (10).jpg,0.98169374,1
493 (2).jpg,test\FAKE\493 (2).jpg,0.0,0
493 (3).jpg,test\FAKE\493 (3).jpg,0.0,0
493 (4).jpg,test\FAKE\493 (4).jpg,0.0,0
493 (5).jpg,test\FAKE\493 (5).jpg,0.0,0
493 (6).jpg,test\FAKE\493 (6).jpg,9.122491e-05,0
493 (7).jpg,test\FAKE\493 (7).jpg,0.0,0
493 (8).jpg,test\FAKE\493 (8).jpg,0.0,0
493 (9).jpg,test\FAKE\493 (9).jpg,5.683303e-05,0
493.jpg,test\FAKE\493.jpg,0.0,0
494 (10).jpg,test\FAKE\494 (10).jpg,0.0,0
494 (2).jpg,test\FAKE\494 (2).jpg,0.0,0
494 (3).jpg,test\FAKE\494 (3).jpg,0.6089953,1
494 (4).jpg,test\FAKE\494 (4).jpg,1.3709068e-06,0
494 (5).jpg,test\FAKE\494 (5).jpg,0.0,0
494 (6).jpg,test\FAKE\494 (6).jpg,0.0,0
494 (7).jpg,test\FAKE\494 (7).jpg,0.0,0
494 (8).jpg,test\FAKE\494 (8).jpg,0.0,0
494 (9).jpg,test\FAKE\494 (9).jpg,0.0,0
494.jpg,test\FAKE\494.jpg,0.0,0
495 (10).jpg,test\FAKE\495 (10).jpg,0.0,0
495 (2).jpg,test\FAKE\495 (2).jpg,0.0,0
495 (3).jpg,test\FAKE\495 (3).jpg,0.14300916,0
495 (4).jpg,test\FAKE\495 (4).jpg,0.0012817085,0
495 (5).jpg,test\FAKE\495 (5).jpg,0.00011214614,0
495 (6).jpg,test\FAKE\495 (6).jpg,0.0,0
495 (7).jpg,test\FAKE\495 (7).jpg,0.0,0
495 (8).jpg,test\FAKE\495 (8).jpg,0.0,0
495 (9).jpg,test\FAKE\495 (9).jpg,0.00041678548,0
495.jpg,test\FAKE\495.jpg,0.7175766,1
496 (10).jpg,test\FAKE\496 (10).jpg,0.0,0
496 (2).jpg,test\FAKE\496 (2).jpg,0.0,0
496 (3).jpg,test\FAKE\496 (3).jpg,0.0,0
496 (4).jpg,test\FAKE\496 (4).jpg,2.9802322e-07,0
496 (5).jpg,test\FAKE\496 (5).jpg,0.0,0
496 (6).jpg,test\FAKE\496 (6).jpg,0.0,0
496 (7).jpg,test\FAKE\496 (7).jpg,0.0,0
496 (8).jpg,test\FAKE\496 (8).jpg,0.0,0
496 (9).jpg,test\FAKE\496 (9).jpg,0.0,0
496.jpg,test\FAKE\496.jpg,0.00010189414,0
497 (10).jpg,test\FAKE\497 (10).jpg,4.4435263e-05,0
497 (2).jpg,test\FAKE\497 (2).jpg,0.0,0
497 (3).jpg,test\FAKE\497 (3).jpg,0.0,0
497 (4).jpg,test\FAKE\497 (4).jpg,0.0,0
497 (5).jpg,test\FAKE\497 (5).jpg,0.0,0
497 (6).jpg,test\FAKE\497 (6).jpg,0.9969759,1
497 (7).jpg,test\FAKE\497 (7).jpg,0.0,0
497 (8).jpg,test\FAKE\497 (8).jpg,0.0,0
497 (9).jpg,test\FAKE\497 (9).jpg,0.0,0
497.jpg,test\FAKE\497.jpg,0.0,0
498 (10).jpg,test\FAKE\498 (10).jpg,0.0,0
498 (2).jpg,test\FAKE\498 (2).jpg,0.008123606,0
498 (3).jpg,test\FAKE\498 (3).jpg,0.0019984543,0
498 (4).jpg,test\FAKE\498 (4).jpg,0.004113525,0
498 (5).jpg,test\FAKE\498 (5).jpg,0.0,0
498 (6).jpg,test\FAKE\498 (6).jpg,2.9802322e-08,0
498 (7).jpg,test\FAKE\498 (7).jpg,0.0,0
498 (8).jpg,test\FAKE\498 (8).jpg,0.0,0
498 (9).jpg,test\FAKE\498 (9).jpg,0.0,0
498.jpg,test\FAKE\498.jpg,0.0,0
499 (10).jpg,test\FAKE\499 (10).jpg,0.0,0
499 (2).jpg,test\FAKE\499 (2).jpg,0.0,0
499 (3).jpg,test\FAKE\499 (3).jpg,0.0,0
499 (4).jpg,test\FAKE\499 (4).jpg,0.0,0
499 (5).jpg,test\FAKE\499 (5).jpg,0.0,0
499 (6).jpg,test\FAKE\499 (6).jpg,0.0,0
499 (7).jpg,test\FAKE\499 (7).jpg,3.7252903e-05,0
499 (8).jpg,test\FAKE\499 (8).jpg,0.0,0
499 (9).jpg,test\FAKE\499 (9).jpg,0.0,0
499.jpg,test\FAKE\499.jpg,0.0,0
5 (10).jpg,test\FAKE\5 (10).jpg,0.0,0
5 (2).jpg,test\FAKE\5 (2).jpg,0.0,0
5 (3).jpg,test\FAKE\5 (3).jpg,0.0017328858,0
5 (4).jpg,test\FAKE\5 (4).jpg,0.0,0
5 (5).jpg,test\FAKE\5 (5).jpg,0.0,0
5 (6).jpg,test\FAKE\5 (6).jpg,2.9802322e-08,0
5 (7).jpg,test\FAKE\5 (7).jpg,0.0,0
5 (8).jpg,test\FAKE\5 (8).jpg,0.0,0
5 (9).jpg,test\FAKE\5 (9).jpg,0.0,0
5.jpg,test\FAKE\5.jpg,0.0,0
50 (10).jpg,test\FAKE\50 (10).jpg,0.0,0
50 (2).jpg,test\FAKE\50 (2).jpg,0.0,0
50 (3).jpg,test\FAKE\50 (3).jpg,1.7881393e-07,0
50 (4).jpg,test\FAKE\50 (4).jpg,3.707409e-05,0
50 (5).jpg,test\FAKE\50 (5).jpg,0.0,0
50 (6).jpg,test\FAKE\50 (6).jpg,0.0,0
50 (7).jpg,test\FAKE\50 (7).jpg,0.0,0
50 (8).jpg,test\FAKE\50 (8).jpg,0.0,0
50 (9).jpg,test\FAKE\50 (9).jpg,0.0025693476,0
50.jpg,test\FAKE\50.jpg,0.0,0
500 (10).jpg,test\FAKE\500 (10).jpg,2.6077032e-05,0
500 (2).jpg,test\FAKE\500 (2).jpg,2.0861626e-07,0
500 (3).jpg,test\FAKE\500 (3).jpg,0.2935031,0
500 (4).jpg,test\FAKE\500 (4).jpg,0.0,0
500 (5).jpg,test\FAKE\500 (5).jpg,1.1920929e-07,0
500 (6).jpg,test\FAKE\500 (6).jpg,0.0,0
500 (7).jpg,test\FAKE\500 (7).jpg,0.0,0
500 (8).jpg,test\FAKE\500 (8).jpg,0.0,0
500 (9).jpg,test\FAKE\500 (9).jpg,0.0,0
500.jpg,test\FAKE\500.jpg,0.0,0
501 (10).jpg,test\FAKE\501 (10).jpg,0.0,0
501 (2).jpg,test\FAKE\501 (2).jpg,0.0,0
501 (3).jpg,test\FAKE\501 (3).jpg,0.33307472,0
501 (4).jpg,test\FAKE\501 (4).jpg,0.0,0
501 (5).jpg,test\FAKE\501 (5).jpg,0.0,0
501 (6).jpg,test\FAKE\501 (6).jpg,0.0,0
501 (7).jpg,test\FAKE\501 (7).jpg,0.0,0
501 (8).jpg,test\FAKE\501 (8).jpg,0.0,0
501 (9).jpg,test\FAKE\501 (9).jpg,0.0,0
501.jpg,test\FAKE\501.jpg,0.0,0
502 (10).jpg,test\FAKE\502 (10).jpg,0.0,0
502 (2).jpg,test\FAKE\502 (2).jpg,0.0,0
502 (3).jpg,test\FAKE\502 (3).jpg,0.0,0
502 (4).jpg,test\FAKE\502 (4).jpg,7.2717667e-06,0
502 (5).jpg,test\FAKE\502 (5).jpg,0.0,0
502 (6).jpg,test\FAKE\502 (6).jpg,0.0,0
502 (7).jpg,test\FAKE\502 (7).jpg,0.0,0
502 (8).jpg,test\FAKE\502 (8).jpg,0.0,0
502 (9).jpg,test\FAKE\502 (9).jpg,0.0,0
502.jpg,test\FAKE\502.jpg,0.0,0
503 (10).jpg,test\FAKE\503 (10).jpg,0.0,0
503 (2).jpg,test\FAKE\503 (2).jpg,3.248453e-05,0
503 (3).jpg,test\FAKE\503 (3).jpg,0.0,0
503 (4).jpg,test\FAKE\503 (4).jpg,0.0,0
503 (5).jpg,test\FAKE\503 (5).jpg,0.0,0
503 (6).jpg,test\FAKE\503 (6).jpg,1.6093254e-06,0
503 (7).jpg,test\FAKE\503 (7).jpg,0.0,0
503 (8).jpg,test\FAKE\503 (8).jpg,0.0,0
503 (9).jpg,test\FAKE\503 (9).jpg,0.0,0
503.jpg,test\FAKE\503.jpg,0.0,0
504 (10).jpg,test\FAKE\504 (10).jpg,2.9802322e-07,0
504 (2).jpg,test\FAKE\504 (2).jpg,0.0,0
504 (3).jpg,test\FAKE\504 (3).jpg,0.0,0
504 (4).jpg,test\FAKE\504 (4).jpg,0.0,0
504 (5).jpg,test\FAKE\504 (5).jpg,0.0,0
504 (6).jpg,test\FAKE\504 (6).jpg,0.0,0
504 (7).jpg,test\FAKE\504 (7).jpg,0.0,0
504 (8).jpg,test\FAKE\504 (8).jpg,0.0,0
504 (9).jpg,test\FAKE\504 (9).jpg,0.0,0
504.jpg,test\FAKE\504.jpg,8.6426735e-07,0
505 (10).jpg,test\FAKE\505 (10).jpg,0.0,0
505 (2).jpg,test\FAKE\505 (2).jpg,0.0,0
505 (3).jpg,test\FAKE\505 (3).jpg,0.00028562546,0
505 (4).jpg,test\FAKE\505 (4).jpg,0.0,0
505 (5).jpg,test\FAKE\505 (5).jpg,0.00066024065,0
505 (6).jpg,test\FAKE\505 (6).jpg,1.1920929e-07,0
505 (7).jpg,test\FAKE\505 (7).jpg,0.0,0
505 (8).jpg,test\FAKE\505 (8).jpg,0.0,0
505 (9).jpg,test\FAKE\505 (9).jpg,0.045182556,0
505.jpg,test\FAKE\505.jpg,0.00092330575,0
506 (10).jpg,test\FAKE\506 (10).jpg,0.0,0
506 (2).jpg,test\FAKE\506 (2).jpg,0.0,0
506 (3).jpg,test\FAKE\506 (3).jpg,0.008205444,0
506 (4).jpg,test\FAKE\506 (4).jpg,3.0398369e-06,0
506 (5).jpg,test\FAKE\506 (5).jpg,0.0,0
506 (6).jpg,test\FAKE\506 (6).jpg,1.3709068e-06,0
506 (7).jpg,test\FAKE\506 (7).jpg,0.0,0
506 (8).jpg,test\FAKE\506 (8).jpg,0.0,0
506 (9).jpg,test\FAKE\506 (9).jpg,0.056734473,0
506.jpg,test\FAKE\506.jpg,0.0,0
507 (10).jpg,test\FAKE\507 (10).jpg,0.0,0
507 (2).jpg,test\FAKE\507 (2).jpg,0.0,0
507 (3).jpg,test\FAKE\507 (3).jpg,0.0,0
507 (4).jpg,test\FAKE\507 (4).jpg,8.195639e-06,0
507 (5).jpg,test\FAKE\507 (5).jpg,0.0,0
507 (6).jpg,test\FAKE\507 (6).jpg,0.0,0
507 (7).jpg,test\FAKE\507 (7).jpg,0.0,0
507 (8).jpg,test\FAKE\507 (8).jpg,0.0,0
507 (9).jpg,test\FAKE\507 (9).jpg,0.002554953,0
507.jpg,test\FAKE\507.jpg,1.0579824e-05,0
508 (10).jpg,test\FAKE\508 (10).jpg,1.04904175e-05,0
508 (2).jpg,test\FAKE\508 (2).jpg,0.0,0
508 (3).jpg,test\FAKE\508 (3).jpg,0.0,0
508 (4).jpg,test\FAKE\508 (4).jpg,5.9604645e-08,0
508 (5).jpg,test\FAKE\508 (5).jpg,0.0,0
508 (6).jpg,test\FAKE\508 (6).jpg,0.0,0
508 (7).jpg,test\FAKE\508 (7).jpg,0.0,0
508 (8).jpg,test\FAKE\508 (8).jpg,0.0,0
508 (9).jpg,test\FAKE\508 (9).jpg,0.0,0
508.jpg,test\FAKE\508.jpg,0.0,0
509 (10).jpg,test\FAKE\509 (10).jpg,3.835559e-05,0
509 (2).jpg,test\FAKE\509 (2).jpg,0.0,0
509 (3).jpg,test\FAKE\509 (3).jpg,0.0,0
509 (4).jpg,test\FAKE\509 (4).jpg,0.0,0
509 (5).jpg,test\FAKE\509 (5).jpg,0.0,0
509 (6).jpg,test\FAKE\509 (6).jpg,0.0,0
509 (7).jpg,test\FAKE\509 (7).jpg,0.0,0
509 (8).jpg,test\FAKE\509 (8).jpg,0.0,0
509 (9).jpg,test\FAKE\509 (9).jpg,0.0,0
509.jpg,test\FAKE\509.jpg,0.0,0
51 (10).jpg,test\FAKE\51 (10).jpg,0.0,0
51 (2).jpg,test\FAKE\51 (2).jpg,0.0,0
51 (3).jpg,test\FAKE\51 (3).jpg,0.0027953386,0
51 (4).jpg,test\FAKE\51 (4).jpg,0.002471,0
51 (5).jpg,test\FAKE\51 (5).jpg,0.0,0
51 (6).jpg,test\FAKE\51 (6).jpg,8.4251165e-05,0
51 (7).jpg,test\FAKE\51 (7).jpg,0.0,0
51 (8).jpg,test\FAKE\51 (8).jpg,0.0,0
51 (9).jpg,test\FAKE\51 (9).jpg,2.9802322e-08,0
51.jpg,test\FAKE\51.jpg,8.940697e-08,0
510 (10).jpg,test\FAKE\510 (10).jpg,0.0,0
510 (2).jpg,test\FAKE\510 (2).jpg,0.0,0
510 (3).jpg,test\FAKE\510 (3).jpg,0.024335712,0
510 (4).jpg,test\FAKE\510 (4).jpg,0.0014204681,0
510 (5).jpg,test\FAKE\510 (5).jpg,0.0,0
510 (6).jpg,test\FAKE\510 (6).jpg,0.0,0
510 (7).jpg,test\FAKE\510 (7).jpg,0.0,0
510 (8).jpg,test\FAKE\510 (8).jpg,0.0,0
510 (9).jpg,test\FAKE\510 (9).jpg,0.0,0
510.jpg,test\FAKE\510.jpg,0.9977243,1
511 (10).jpg,test\FAKE\511 (10).jpg,6.854534e-07,0
511 (2).jpg,test\FAKE\511 (2).jpg,0.0,0
511 (3).jpg,test\FAKE\511 (3).jpg,1.1920929e-07,0
511 (4).jpg,test\FAKE\511 (4).jpg,0.002292782,0
511 (5).jpg,test\FAKE\511 (5).jpg,0.0,0
511 (6).jpg,test\FAKE\511 (6).jpg,8.255243e-06,0
511 (7).jpg,test\FAKE\511 (7).jpg,0.0,0
511 (8).jpg,test\FAKE\511 (8).jpg,0.0,0
511 (9).jpg,test\FAKE\511 (9).jpg,0.0,0
511.jpg,test\FAKE\511.jpg,0.0,0
512 (10).jpg,test\FAKE\512 (10).jpg,0.0,0
512 (2).jpg,test\FAKE\512 (2).jpg,0.0,0
512 (3).jpg,test\FAKE\512 (3).jpg,3.2782555e-07,0
512 (4).jpg,test\FAKE\512 (4).jpg,0.0,0
512 (5).jpg,test\FAKE\512 (5).jpg,0.0,0
512 (6).jpg,test\FAKE\512 (6).jpg,0.0,0
512 (7).jpg,test\FAKE\512 (7).jpg,0.0,0
512 (8).jpg,test\FAKE\512 (8).jpg,0.0,0
512 (9).jpg,test\FAKE\512 (9).jpg,0.0,0
512.jpg,test\FAKE\512.jpg,0.0,0
513 (10).jpg,test\FAKE\513 (10).jpg,0.0,0
513 (2).jpg,test\FAKE\513 (2).jpg,0.0,0
513 (3).jpg,test\FAKE\513 (3).jpg,0.56413054,1
513 (4).jpg,test\FAKE\513 (4).jpg,0.0,0
513 (5).jpg,test\FAKE\513 (5).jpg,4.917383e-06,0
513 (6).jpg,test\FAKE\513 (6).jpg,0.96567136,1
513 (7).jpg,test\FAKE\513 (7).jpg,0.0,0
513 (8).jpg,test\FAKE\513 (8).jpg,0.0,0
513 (9).jpg,test\FAKE\513 (9).jpg,0.0,0
513.jpg,test\FAKE\513.jpg,0.0017059147,0
514 (10).jpg,test\FAKE\514 (10).jpg,0.0,0
514 (2).jpg,test\FAKE\514 (2).jpg,2.9802322e-08,0
514 (3).jpg,test\FAKE\514 (3).jpg,0.0,0
514 (4).jpg,test\FAKE\514 (4).jpg,0.0,0
514 (5).jpg,test\FAKE\514 (5).jpg,2.1368265e-05,0
514 (6).jpg,test\FAKE\514 (6).jpg,0.0,0
514 (7).jpg,test\FAKE\514 (7).jpg,0.0,0
514 (8).jpg,test\FAKE\514 (8).jpg,0.0,0
514 (9).jpg,test\FAKE\514 (9).jpg,9.745359e-06,0
514.jpg,test\FAKE\514.jpg,1.9162893e-05,0
515 (10).jpg,test\FAKE\515 (10).jpg,4.4703484e-07,0
515 (2).jpg,test\FAKE\515 (2).jpg,0.0,0
515 (3).jpg,test\FAKE\515 (3).jpg,0.35009164,0
515 (4).jpg,test\FAKE\515 (4).jpg,0.0,0
515 (5).jpg,test\FAKE\515 (5).jpg,0.0,0
515 (6).jpg,test\FAKE\515 (6).jpg,6.020069e-06,0
515 (7).jpg,test\FAKE\515 (7).jpg,0.0,0
515 (8).jpg,test\FAKE\515 (8).jpg,1.4901161e-07,0
515 (9).jpg,test\FAKE\515 (9).jpg,0.0,0
515.jpg,test\FAKE\515.jpg,0.0,0
516 (10).jpg,test\FAKE\516 (10).jpg,5.9604645e-08,0
516 (2).jpg,test\FAKE\516 (2).jpg,0.0,0
516 (3).jpg,test\FAKE\516 (3).jpg,0.00039818883,0
516 (4).jpg,test\FAKE\516 (4).jpg,0.0,0
516 (5).jpg,test\FAKE\516 (5).jpg,0.0,0
516 (6).jpg,test\FAKE\516 (6).jpg,0.0,0
516 (7).jpg,test\FAKE\516 (7).jpg,0.0,0
516 (8).jpg,test\FAKE\516 (8).jpg,0.0,0
516 (9).jpg,test\FAKE\516 (9).jpg,0.0,0
516.jpg,test\FAKE\516.jpg,0.0,0
517 (10).jpg,test\FAKE\517 (10).jpg,0.0,0
517 (2).jpg,test\FAKE\517 (2).jpg,0.0,0
517 (3).jpg,test\FAKE\517 (3).jpg,0.0035851002,0
517 (4).jpg,test\FAKE\517 (4).jpg,0.007849842,0
517 (5).jpg,test\FAKE\517 (5).jpg,0.018488675,0
517 (6).jpg,test\FAKE\517 (6).jpg,5.9604645e-08,0
517 (7).jpg,test\FAKE\517 (7).jpg,0.0,0
517 (8).jpg,test\FAKE\517 (8).jpg,0.0,0
517 (9).jpg,test\FAKE\517 (9).jpg,0.0033370852,0
517.jpg,test\FAKE\517.jpg,0.0,0
518 (10).jpg,test\FAKE\518 (10).jpg,0.0,0
518 (2).jpg,test\FAKE\518 (2).jpg,0.0,0
518 (3).jpg,test\FAKE\518 (3).jpg,0.99135554,1
518 (4).jpg,test\FAKE\518 (4).jpg,0.0,0
518 (5).jpg,test\FAKE\518 (5).jpg,0.0,0
518 (6).jpg,test\FAKE\518 (6).jpg,0.0,0
518 (7).jpg,test\FAKE\518 (7).jpg,0.0,0
518 (8).jpg,test\FAKE\518 (8).jpg,0.018741518,0
518 (9).jpg,test\FAKE\518 (9).jpg,0.0,0
518.jpg,test\FAKE\518.jpg,1.3411045e-06,0
519 (10).jpg,test\FAKE\519 (10).jpg,0.0,0
519 (2).jpg,test\FAKE\519 (2).jpg,0.0,0
519 (3).jpg,test\FAKE\519 (3).jpg,0.0,0
519 (4).jpg,test\FAKE\519 (4).jpg,0.0,0
519 (5).jpg,test\FAKE\519 (5).jpg,0.0,0
519 (6).jpg,test\FAKE\519 (6).jpg,0.0,0
519 (7).jpg,test\FAKE\519 (7).jpg,3.2782555e-07,0
519 (8).jpg,test\FAKE\519 (8).jpg,5.364418e-07,0
519 (9).jpg,test\FAKE\519 (9).jpg,2.9802322e-07,0
519.jpg,test\FAKE\519.jpg,0.0,0
52 (10).jpg,test\FAKE\52 (10).jpg,2.2262335e-05,0
52 (2).jpg,test\FAKE\52 (2).jpg,0.0,0
52 (3).jpg,test\FAKE\52 (3).jpg,0.0,0
52 (4).jpg,test\FAKE\52 (4).jpg,0.0,0
52 (5).jpg,test\FAKE\52 (5).jpg,0.0,0
52 (6).jpg,test\FAKE\52 (6).jpg,0.0,0
52 (7).jpg,test\FAKE\52 (7).jpg,0.0,0
52 (8).jpg,test\FAKE\52 (8).jpg,0.0,0
52 (9).jpg,test\FAKE\52 (9).jpg,1.680851e-05,0
52.jpg,test\FAKE\52.jpg,0.0001232326,0
520 (10).jpg,test\FAKE\520 (10).jpg,0.0,0
520 (2).jpg,test\FAKE\520 (2).jpg,0.0,0
520 (3).jpg,test\FAKE\520 (3).jpg,0.0,0
520 (4).jpg,test\FAKE\520 (4).jpg,0.0,0
520 (5).jpg,test\FAKE\520 (5).jpg,0.0,0
520 (6).jpg,test\FAKE\520 (6).jpg,0.0,0
520 (7).jpg,test\FAKE\520 (7).jpg,0.0,0
520 (8).jpg,test\FAKE\520 (8).jpg,0.0,0
520 (9).jpg,test\FAKE\520 (9).jpg,0.0,0
520.jpg,test\FAKE\520.jpg,3.606081e-06,0
521 (10).jpg,test\FAKE\521 (10).jpg,0.0,0
521 (2).jpg,test\FAKE\521 (2).jpg,0.0,0
521 (3).jpg,test\FAKE\521 (3).jpg,0.0,0
521 (4).jpg,test\FAKE\521 (4).jpg,0.018607289,0
521 (5).jpg,test\FAKE\521 (5).jpg,0.0,0
521 (6).jpg,test\FAKE\521 (6).jpg,0.0,0
521 (7).jpg,test\FAKE\521 (7).jpg,0.0,0
521 (8).jpg,test\FAKE\521 (8).jpg,0.0,0
521 (9).jpg,test\FAKE\521 (9).jpg,0.0,0
521.jpg,test\FAKE\521.jpg,0.0,0
522 (10).jpg,test\FAKE\522 (10).jpg,0.0,0
522 (2).jpg,test\FAKE\522 (2).jpg,0.0,0
522 (3).jpg,test\FAKE\522 (3).jpg,0.0,0
522 (4).jpg,test\FAKE\522 (4).jpg,0.00015985966,0
522 (5).jpg,test\FAKE\522 (5).jpg,0.0,0
522 (6).jpg,test\FAKE\522 (6).jpg,2.3841858e-07,0
522 (7).jpg,test\FAKE\522 (7).jpg,0.0,0
522 (8).jpg,test\FAKE\522 (8).jpg,0.0,0
522 (9).jpg,test\FAKE\522 (9).jpg,0.0,0
522.jpg,test\FAKE\522.jpg,0.0,0
523 (10).jpg,test\FAKE\523 (10).jpg,0.020740092,0
523 (2).jpg,test\FAKE\523 (2).jpg,0.0,0
523 (3).jpg,test\FAKE\523 (3).jpg,2.9802322e-08,0
523 (4).jpg,test\FAKE\523 (4).jpg,0.0,0
523 (5).jpg,test\FAKE\523 (5).jpg,0.0,0
523 (6).jpg,test\FAKE\523 (6).jpg,0.0,0
523 (7).jpg,test\FAKE\523 (7).jpg,0.0,0
523 (8).jpg,test\FAKE\523 (8).jpg,0.14389867,0
523 (9).jpg,test\FAKE\523 (9).jpg,0.00053834915,0
523.jpg,test\FAKE\523.jpg,0.054425776,0
524 (10).jpg,test\FAKE\524 (10).jpg,2.7120113e-06,0
524 (2).jpg,test\FAKE\524 (2).jpg,0.0,0
524 (3).jpg,test\FAKE\524 (3).jpg,4.184246e-05,0
524 (4).jpg,test\FAKE\524 (4).jpg,0.01810211,0
524 (5).jpg,test\FAKE\524 (5).jpg,0.0,0
524 (6).jpg,test\FAKE\524 (6).jpg,0.0,0
524 (7).jpg,test\FAKE\524 (7).jpg,0.0,0
524 (8).jpg,test\FAKE\524 (8).jpg,0.0,0
524 (9).jpg,test\FAKE\524 (9).jpg,0.0,0
524.jpg,test\FAKE\524.jpg,0.0,0
525 (10).jpg,test\FAKE\525 (10).jpg,0.0,0
525 (2).jpg,test\FAKE\525 (2).jpg,0.05705437,0
525 (3).jpg,test\FAKE\525 (3).jpg,0.0,0
525 (4).jpg,test\FAKE\525 (4).jpg,0.0,0
525 (5).jpg,test\FAKE\525 (5).jpg,0.0,0
525 (6).jpg,test\FAKE\525 (6).jpg,0.0,0
525 (7).jpg,test\FAKE\525 (7).jpg,0.0,0
525 (8).jpg,test\FAKE\525 (8).jpg,2.9802322e-08,0
525 (9).jpg,test\FAKE\525 (9).jpg,0.0,0
525.jpg,test\FAKE\525.jpg,0.0,0
526 (10).jpg,test\FAKE\526 (10).jpg,0.0,0
526 (2).jpg,test\FAKE\526 (2).jpg,0.0,0
526 (3).jpg,test\FAKE\526 (3).jpg,0.07032922,0
526 (4).jpg,test\FAKE\526 (4).jpg,8.940697e-08,0
526 (5).jpg,test\FAKE\526 (5).jpg,0.0,0
526 (6).jpg,test\FAKE\526 (6).jpg,6.2584877e-07,0
526 (7).jpg,test\FAKE\526 (7).jpg,0.0,0
526 (8).jpg,test\FAKE\526 (8).jpg,0.0034196675,0
526 (9).jpg,test\FAKE\526 (9).jpg,1.6093254e-06,0
526.jpg,test\FAKE\526.jpg,0.0,0
527 (10).jpg,test\FAKE\527 (10).jpg,0.0,0
527 (2).jpg,test\FAKE\527 (2).jpg,0.0,0
527 (3).jpg,test\FAKE\527 (3).jpg,0.000657022,0
527 (4).jpg,test\FAKE\527 (4).jpg,0.0,0
527 (5).jpg,test\FAKE\527 (5).jpg,0.0,0
527 (6).jpg,test\FAKE\527 (6).jpg,0.0,0
527 (7).jpg,test\FAKE\527 (7).jpg,0.0,0
527 (8).jpg,test\FAKE\527 (8).jpg,0.0,0
527 (9).jpg,test\FAKE\527 (9).jpg,0.0,0
527.jpg,test\FAKE\527.jpg,5.9604645e-08,0
528 (10).jpg,test\FAKE\528 (10).jpg,0.0,0
528 (2).jpg,test\FAKE\528 (2).jpg,1.0728836e-06,0
528 (3).jpg,test\FAKE\528 (3).jpg,0.00012233853,0
528 (4).jpg,test\FAKE\528 (4).jpg,0.05373451,0
528 (5).jpg,test\FAKE\528 (5).jpg,0.0,0
528 (6).jpg,test\FAKE\528 (6).jpg,2.3841858e-07,0
528 (7).jpg,test\FAKE\528 (7).jpg,0.0,0
528 (8).jpg,test\FAKE\528 (8).jpg,6.1392784e-06,0
528 (9).jpg,test\FAKE\528 (9).jpg,6.2584877e-07,0
528.jpg,test\FAKE\528.jpg,0.00054970384,0
529 (10).jpg,test\FAKE\529 (10).jpg,5.9604645e-08,0
529 (2).jpg,test\FAKE\529 (2).jpg,7.4505806e-07,0
529 (3).jpg,test\FAKE\529 (3).jpg,0.0,0
529 (4).jpg,test\FAKE\529 (4).jpg,0.0,0
529 (5).jpg,test\FAKE\529 (5).jpg,0.0,0
529 (6).jpg,test\FAKE\529 (6).jpg,0.0,0
529 (7).jpg,test\FAKE\529 (7).jpg,4.172325e-07,0
529 (8).jpg,test\FAKE\529 (8).jpg,0.0,0
529 (9).jpg,test\FAKE\529 (9).jpg,6.2584877e-07,0
529.jpg,test\FAKE\529.jpg,0.0,0
53 (10).jpg,test\FAKE\53 (10).jpg,0.0,0
53 (2).jpg,test\FAKE\53 (2).jpg,0.0,0
53 (3).jpg,test\FAKE\53 (3).jpg,0.0,0
53 (4).jpg,test\FAKE\53 (4).jpg,6.28829e-06,0
53 (5).jpg,test\FAKE\53 (5).jpg,0.0,0
53 (6).jpg,test\FAKE\53 (6).jpg,0.0,0
53 (7).jpg,test\FAKE\53 (7).jpg,0.0,0
53 (8).jpg,test\FAKE\53 (8).jpg,0.0,0
53 (9).jpg,test\FAKE\53 (9).jpg,0.0,0
53.jpg,test\FAKE\53.jpg,0.0,0
530 (10).jpg,test\FAKE\530 (10).jpg,0.0,0
530 (2).jpg,test\FAKE\530 (2).jpg,0.0,0
530 (3).jpg,test\FAKE\530 (3).jpg,2.9802322e-08,0
530 (4).jpg,test\FAKE\530 (4).jpg,0.0,0
530 (5).jpg,test\FAKE\530 (5).jpg,0.049021363,0
530 (6).jpg,test\FAKE\530 (6).jpg,0.0,0
530 (7).jpg,test\FAKE\530 (7).jpg,0.0,0
530 (8).jpg,test\FAKE\530 (8).jpg,0.0,0
530 (9).jpg,test\FAKE\530 (9).jpg,0.00017169118,0
530.jpg,test\FAKE\530.jpg,0.0,0
531 (10).jpg,test\FAKE\531 (10).jpg,0.0,0
531 (2).jpg,test\FAKE\531 (2).jpg,2.5063753e-05,0
531 (3).jpg,test\FAKE\531 (3).jpg,0.0,0
531 (4).jpg,test\FAKE\531 (4).jpg,0.0,0
531 (5).jpg,test\FAKE\531 (5).jpg,3.2782555e-06,0
531 (6).jpg,test\FAKE\531 (6).jpg,0.0,0
531 (7).jpg,test\FAKE\531 (7).jpg,0.0,0
531 (8).jpg,test\FAKE\531 (8).jpg,0.0,0
531 (9).jpg,test\FAKE\531 (9).jpg,0.0,0
531.jpg,test\FAKE\531.jpg,6.556511e-07,0
532 (10).jpg,test\FAKE\532 (10).jpg,0.0,0
532 (2).jpg,test\FAKE\532 (2).jpg,0.0010788143,0
532 (3).jpg,test\FAKE\532 (3).jpg,0.0,0
532 (4).jpg,test\FAKE\532 (4).jpg,0.0,0
532 (5).jpg,test\FAKE\532 (5).jpg,0.0,0
532 (6).jpg,test\FAKE\532 (6).jpg,0.0,0
532 (7).jpg,test\FAKE\532 (7).jpg,0.0,0
532 (8).jpg,test\FAKE\532 (8).jpg,0.0,0
532 (9).jpg,test\FAKE\532 (9).jpg,0.0,0
532.jpg,test\FAKE\532.jpg,0.0,0
533 (10).jpg,test\FAKE\533 (10).jpg,0.0,0
533 (2).jpg,test\FAKE\533 (2).jpg,0.0,0
533 (3).jpg,test\FAKE\533 (3).jpg,1.2397766e-05,0
533 (4).jpg,test\FAKE\533 (4).jpg,0.0,0
533 (5).jpg,test\FAKE\533 (5).jpg,0.0,0
533 (6).jpg,test\FAKE\533 (6).jpg,0.0,0
533 (7).jpg,test\FAKE\533 (7).jpg,0.0,0
533 (8).jpg,test\FAKE\533 (8).jpg,0.0,0
533 (9).jpg,test\FAKE\533 (9).jpg,1.7881393e-07,0
533.jpg,test\FAKE\533.jpg,0.0,0
534 (10).jpg,test\FAKE\534 (10).jpg,0.0,0
534 (2).jpg,test\FAKE\534 (2).jpg,0.0,0
534 (3).jpg,test\FAKE\534 (3).jpg,4.7683716e-07,0
534 (4).jpg,test\FAKE\534 (4).jpg,0.0,0
534 (5).jpg,test\FAKE\534 (5).jpg,0.0,0
534 (6).jpg,test\FAKE\534 (6).jpg,0.0,0
534 (7).jpg,test\FAKE\534 (7).jpg,0.0,0
534 (8).jpg,test\FAKE\534 (8).jpg,0.0,0
534 (9).jpg,test\FAKE\534 (9).jpg,5.9604645e-08,0
534.jpg,test\FAKE\534.jpg,0.0,0
535 (10).jpg,test\FAKE\535 (10).jpg,0.024051279,0
535 (2).jpg,test\FAKE\535 (2).jpg,5.3942204e-06,0
535 (3).jpg,test\FAKE\535 (3).jpg,0.23045856,0
535 (4).jpg,test\FAKE\535 (4).jpg,0.0,0
535 (5).jpg,test\FAKE\535 (5).jpg,3.796816e-05,0
535 (6).jpg,test\FAKE\535 (6).jpg,0.0,0
535 (7).jpg,test\FAKE\535 (7).jpg,0.0,0
535 (8).jpg,test\FAKE\535 (8).jpg,0.0,0
535 (9).jpg,test\FAKE\535 (9).jpg,0.0,0
535.jpg,test\FAKE\535.jpg,2.771616e-06,0
536 (10).jpg,test\FAKE\536 (10).jpg,1.7285347e-06,0
536 (2).jpg,test\FAKE\536 (2).jpg,0.0,0
536 (3).jpg,test\FAKE\536 (3).jpg,0.0038040876,0
536 (4).jpg,test\FAKE\536 (4).jpg,0.0,0
536 (5).jpg,test\FAKE\536 (5).jpg,5.364418e-07,0
536 (6).jpg,test\FAKE\536 (6).jpg,0.0,0
536 (7).jpg,test\FAKE\536 (7).jpg,2.0861626e-07,0
536 (8).jpg,test\FAKE\536 (8).jpg,0.000500828,0
536 (9).jpg,test\FAKE\536 (9).jpg,4.172325e-07,0
536.jpg,test\FAKE\536.jpg,0.0,0
537 (10).jpg,test\FAKE\537 (10).jpg,1.7523766e-05,0
537 (2).jpg,test\FAKE\537 (2).jpg,0.0,0
537 (3).jpg,test\FAKE\537 (3).jpg,1.7762184e-05,0
537 (4).jpg,test\FAKE\537 (4).jpg,0.0,0
537 (5).jpg,test\FAKE\537 (5).jpg,0.0,0
537 (6).jpg,test\FAKE\537 (6).jpg,0.0,0
537 (7).jpg,test\FAKE\537 (7).jpg,0.0,0
537 (8).jpg,test\FAKE\537 (8).jpg,0.0,0
537 (9).jpg,test\FAKE\537 (9).jpg,0.0,0
537.jpg,test\FAKE\537.jpg,0.0,0
538 (10).jpg,test\FAKE\538 (10).jpg,0.00019744039,0
538 (2).jpg,test\FAKE\538 (2).jpg,0.0,0
538 (3).jpg,test\FAKE\538 (3).jpg,0.0009588599,0
538 (4).jpg,test\FAKE\538 (4).jpg,1.1920929e-07,0
538 (5).jpg,test\FAKE\538 (5).jpg,0.0,0
538 (6).jpg,test\FAKE\538 (6).jpg,2.9802322e-08,0
538 (7).jpg,test\FAKE\538 (7).jpg,0.0,0
538 (8).jpg,test\FAKE\538 (8).jpg,7.6293945e-06,0
538 (9).jpg,test\FAKE\538 (9).jpg,2.026558e-06,0
538.jpg,test\FAKE\538.jpg,0.0,0
539 (10).jpg,test\FAKE\539 (10).jpg,2.9802322e-08,0
539 (2).jpg,test\FAKE\539 (2).jpg,0.0,0
539 (3).jpg,test\FAKE\539 (3).jpg,1.4901161e-07,0
539 (4).jpg,test\FAKE\539 (4).jpg,0.0,0
539 (5).jpg,test\FAKE\539 (5).jpg,0.00038212538,0
539 (6).jpg,test\FAKE\539 (6).jpg,0.0,0
539 (7).jpg,test\FAKE\539 (7).jpg,0.0,0
539 (8).jpg,test\FAKE\539 (8).jpg,6.1690807e-06,0
539 (9).jpg,test\FAKE\539 (9).jpg,8.940697e-08,0
539.jpg,test\FAKE\539.jpg,0.0,0
54 (10).jpg,test\FAKE\54 (10).jpg,0.0,0
54 (2).jpg,test\FAKE\54 (2).jpg,0.0,0
54 (3).jpg,test\FAKE\54 (3).jpg,0.0,0
54 (4).jpg,test\FAKE\54 (4).jpg,0.0,0
54 (5).jpg,test\FAKE\54 (5).jpg,7.4505806e-07,0
54 (6).jpg,test\FAKE\54 (6).jpg,1.9222498e-05,0
54 (7).jpg,test\FAKE\54 (7).jpg,0.0,0
54 (8).jpg,test\FAKE\54 (8).jpg,0.0,0
54 (9).jpg,test\FAKE\54 (9).jpg,0.0,0
54.jpg,test\FAKE\54.jpg,0.0,0
540 (10).jpg,test\FAKE\540 (10).jpg,0.0,0
540 (2).jpg,test\FAKE\540 (2).jpg,0.0,0
540 (3).jpg,test\FAKE\540 (3).jpg,0.0,0
540 (4).jpg,test\FAKE\540 (4).jpg,2.9802322e-08,0
540 (5).jpg,test\FAKE\540 (5).jpg,0.0,0
540 (6).jpg,test\FAKE\540 (6).jpg,0.0,0
540 (7).jpg,test\FAKE\540 (7).jpg,0.0,0
540 (8).jpg,test\FAKE\540 (8).jpg,0.0,0
540 (9).jpg,test\FAKE\540 (9).jpg,0.0,0
540.jpg,test\FAKE\540.jpg,0.0,0
541 (10).jpg,test\FAKE\541 (10).jpg,7.8737736e-05,0
541 (2).jpg,test\FAKE\541 (2).jpg,0.0,0
541 (3).jpg,test\FAKE\541 (3).jpg,8.940697e-08,0
541 (4).jpg,test\FAKE\541 (4).jpg,0.0,0
541 (5).jpg,test\FAKE\541 (5).jpg,0.0,0
541 (6).jpg,test\FAKE\541 (6).jpg,0.0,0
541 (7).jpg,test\FAKE\541 (7).jpg,0.0,0
541 (8).jpg,test\FAKE\541 (8).jpg,0.0,0
541 (9).jpg,test\FAKE\541 (9).jpg,0.0,0
541.jpg,test\FAKE\541.jpg,0.0,0
542 (10).jpg,test\FAKE\542 (10).jpg,0.0,0
542 (2).jpg,test\FAKE\542 (2).jpg,0.0015461147,0
542 (3).jpg,test\FAKE\542 (3).jpg,0.0,0
542 (4).jpg,test\FAKE\542 (4).jpg,0.0,0
542 (5).jpg,test\FAKE\542 (5).jpg,1.3232231e-05,0
542 (6).jpg,test\FAKE\542 (6).jpg,0.0,0
542 (7).jpg,test\FAKE\542 (7).jpg,0.0,0
542 (8).jpg,test\FAKE\542 (8).jpg,0.0,0
542 (9).jpg,test\FAKE\542 (9).jpg,0.0,0
542.jpg,test\FAKE\542.jpg,0.0002322793,0
543 (10).jpg,test\FAKE\543 (10).jpg,0.0,0
543 (2).jpg,test\FAKE\543 (2).jpg,0.0,0
543 (3).jpg,test\FAKE\543 (3).jpg,0.0,0
543 (4).jpg,test\FAKE\543 (4).jpg,0.00025048852,0
543 (5).jpg,test\FAKE\543 (5).jpg,0.0,0
543 (6).jpg,test\FAKE\543 (6).jpg,0.0,0
543 (7).jpg,test\FAKE\543 (7).jpg,0.0,0
543 (8).jpg,test\FAKE\543 (8).jpg,0.0,0
543 (9).jpg,test\FAKE\543 (9).jpg,0.0,0
543.jpg,test\FAKE\543.jpg,8.940697e-08,0
544 (10).jpg,test\FAKE\544 (10).jpg,0.0,0
544 (2).jpg,test\FAKE\544 (2).jpg,0.0,0
544 (3).jpg,test\FAKE\544 (3).jpg,0.0,0
544 (4).jpg,test\FAKE\544 (4).jpg,0.0,0
544 (5).jpg,test\FAKE\544 (5).jpg,7.748604e-07,0
544 (6).jpg,test\FAKE\544 (6).jpg,0.0,0
544 (7).jpg,test\FAKE\544 (7).jpg,0.0,0
544 (8).jpg,test\FAKE\544 (8).jpg,5.9604645e-08,0
544 (9).jpg,test\FAKE\544 (9).jpg,0.0,0
544.jpg,test\FAKE\544.jpg,0.008405387,0
545 (10).jpg,test\FAKE\545 (10).jpg,0.0,0
545 (2).jpg,test\FAKE\545 (2).jpg,0.0,0
545 (3).jpg,test\FAKE\545 (3).jpg,0.0,0
545 (4).jpg,test\FAKE\545 (4).jpg,0.0,0
545 (5).jpg,test\FAKE\545 (5).jpg,0.0,0
545 (6).jpg,test\FAKE\545 (6).jpg,0.0,0
545 (7).jpg,test\FAKE\545 (7).jpg,0.0,0
545 (8).jpg,test\FAKE\545 (8).jpg,0.0,0
545 (9).jpg,test\FAKE\545 (9).jpg,0.0,0
545.jpg,test\FAKE\545.jpg,0.0,0
546 (10).jpg,test\FAKE\546 (10).jpg,5.364418e-07,0
546 (2).jpg,test\FAKE\546 (2).jpg,0.0,0
546 (3).jpg,test\FAKE\546 (3).jpg,0.0,0
546 (4).jpg,test\FAKE\546 (4).jpg,0.0,0
546 (5).jpg,test\FAKE\546 (5).jpg,0.0,0
546 (6).jpg,test\FAKE\546 (6).jpg,0.0,0
546 (7).jpg,test\FAKE\546 (7).jpg,0.0,0
546 (8).jpg,test\FAKE\546 (8).jpg,0.0,0
546 (9).jpg,test\FAKE\546 (9).jpg,0.0005092323,0
546.jpg,test\FAKE\546.jpg,0.0,0
547 (10).jpg,test\FAKE\547 (10).jpg,0.0,0
547 (2).jpg,test\FAKE\547 (2).jpg,1.0728836e-06,0
547 (3).jpg,test\FAKE\547 (3).jpg,0.0,0
547 (4).jpg,test\FAKE\547 (4).jpg,0.0,0
547 (5).jpg,test\FAKE\547 (5).jpg,0.0,0
547 (6).jpg,test\FAKE\547 (6).jpg,0.0,0
547 (7).jpg,test\FAKE\547 (7).jpg,0.0,0
547 (8).jpg,test\FAKE\547 (8).jpg,0.0,0
547 (9).jpg,test\FAKE\547 (9).jpg,0.0,0
547.jpg,test\FAKE\547.jpg,0.0,0
548 (10).jpg,test\FAKE\548 (10).jpg,0.0,0
548 (2).jpg,test\FAKE\548 (2).jpg,0.0,0
548 (3).jpg,test\FAKE\548 (3).jpg,8.940697e-08,0
548 (4).jpg,test\FAKE\548 (4).jpg,0.0,0
548 (5).jpg,test\FAKE\548 (5).jpg,0.0,0
548 (6).jpg,test\FAKE\548 (6).jpg,0.0,0
548 (7).jpg,test\FAKE\548 (7).jpg,0.0,0
548 (8).jpg,test\FAKE\548 (8).jpg,0.0004798472,0
548 (9).jpg,test\FAKE\548 (9).jpg,0.0,0
548.jpg,test\FAKE\548.jpg,0.0,0
549 (10).jpg,test\FAKE\549 (10).jpg,0.0,0
549 (2).jpg,test\FAKE\549 (2).jpg,0.0,0
549 (3).jpg,test\FAKE\549 (3).jpg,0.0,0
549 (4).jpg,test\FAKE\549 (4).jpg,0.0,0
549 (5).jpg,test\FAKE\549 (5).jpg,0.0,0
549 (6).jpg,test\FAKE\549 (6).jpg,9.23872e-07,0
549 (7).jpg,test\FAKE\549 (7).jpg,0.0,0
549 (8).jpg,test\FAKE\549 (8).jpg,0.0,0
549 (9).jpg,test\FAKE\549 (9).jpg,0.0,0
549.jpg,test\FAKE\549.jpg,0.0,0
55 (10).jpg,test\FAKE\55 (10).jpg,2.0861626e-07,0
55 (2).jpg,test\FAKE\55 (2).jpg,0.0,0
55 (3).jpg,test\FAKE\55 (3).jpg,8.225441e-06,0
55 (4).jpg,test\FAKE\55 (4).jpg,0.0,0
55 (5).jpg,test\FAKE\55 (5).jpg,0.0,0
55 (6).jpg,test\FAKE\55 (6).jpg,0.0,0
55 (7).jpg,test\FAKE\55 (7).jpg,0.0,0
55 (8).jpg,test\FAKE\55 (8).jpg,0.0,0
55 (9).jpg,test\FAKE\55 (9).jpg,0.0,0
55.jpg,test\FAKE\55.jpg,0.0,0
550 (10).jpg,test\FAKE\550 (10).jpg,8.34465e-07,0
550 (2).jpg,test\FAKE\550 (2).jpg,0.0,0
550 (3).jpg,test\FAKE\550 (3).jpg,0.01125735,0
550 (4).jpg,test\FAKE\550 (4).jpg,0.0,0
550 (5).jpg,test\FAKE\550 (5).jpg,0.0,0
550 (6).jpg,test\FAKE\550 (6).jpg,0.0,0
550 (7).jpg,test\FAKE\550 (7).jpg,0.0,0
550 (8).jpg,test\FAKE\550 (8).jpg,0.0,0
550 (9).jpg,test\FAKE\550 (9).jpg,6.2584877e-07,0
550.jpg,test\FAKE\550.jpg,0.0,0
551 (10).jpg,test\FAKE\551 (10).jpg,7.748604e-07,0
551 (2).jpg,test\FAKE\551 (2).jpg,0.0,0
551 (3).jpg,test\FAKE\551 (3).jpg,0.0,0
551 (4).jpg,test\FAKE\551 (4).jpg,0.0,0
551 (5).jpg,test\FAKE\551 (5).jpg,1.758337e-06,0
551 (6).jpg,test\FAKE\551 (6).jpg,0.0,0
551 (7).jpg,test\FAKE\551 (7).jpg,0.0,0
551 (8).jpg,test\FAKE\551 (8).jpg,1.1920929e-07,0
551 (9).jpg,test\FAKE\551 (9).jpg,0.0,0
551.jpg,test\FAKE\551.jpg,0.0,0
552 (10).jpg,test\FAKE\552 (10).jpg,0.06565562,0
552 (2).jpg,test\FAKE\552 (2).jpg,2.3841858e-07,0
552 (3).jpg,test\FAKE\552 (3).jpg,0.14595464,0
552 (4).jpg,test\FAKE\552 (4).jpg,0.0,0
552 (5).jpg,test\FAKE\552 (5).jpg,0.0,0
552 (6).jpg,test\FAKE\552 (6).jpg,0.0,0
552 (7).jpg,test\FAKE\552 (7).jpg,0.0,0
552 (8).jpg,test\FAKE\552 (8).jpg,0.0,0
552 (9).jpg,test\FAKE\552 (9).jpg,0.0,0
552.jpg,test\FAKE\552.jpg,0.6967862,1
553 (10).jpg,test\FAKE\553 (10).jpg,0.0,0
553 (2).jpg,test\FAKE\553 (2).jpg,0.0,0
553 (3).jpg,test\FAKE\553 (3).jpg,0.0011604726,0
553 (4).jpg,test\FAKE\553 (4).jpg,0.0,0
553 (5).jpg,test\FAKE\553 (5).jpg,0.0,0
553 (6).jpg,test\FAKE\553 (6).jpg,0.0,0
553 (7).jpg,test\FAKE\553 (7).jpg,0.0,0
553 (8).jpg,test\FAKE\553 (8).jpg,0.21163034,0
553 (9).jpg,test\FAKE\553 (9).jpg,0.0,0
553.jpg,test\FAKE\553.jpg,2.9802322e-08,0
554 (10).jpg,test\FAKE\554 (10).jpg,0.0,0
554 (2).jpg,test\FAKE\554 (2).jpg,0.0,0
554 (3).jpg,test\FAKE\554 (3).jpg,5.2154064e-06,0
554 (4).jpg,test\FAKE\554 (4).jpg,0.0,0
554 (5).jpg,test\FAKE\554 (5).jpg,0.0,0
554 (6).jpg,test\FAKE\554 (6).jpg,2.9802322e-08,0
554 (7).jpg,test\FAKE\554 (7).jpg,0.0,0
554 (8).jpg,test\FAKE\554 (8).jpg,0.0,0
554 (9).jpg,test\FAKE\554 (9).jpg,0.0011550784,0
554.jpg,test\FAKE\554.jpg,0.0,0
555 (10).jpg,test\FAKE\555 (10).jpg,0.0,0
555 (2).jpg,test\FAKE\555 (2).jpg,2.115965e-06,0
555 (3).jpg,test\FAKE\555 (3).jpg,0.0032435954,0
555 (4).jpg,test\FAKE\555 (4).jpg,8.940697e-08,0
555 (5).jpg,test\FAKE\555 (5).jpg,8.940697e-08,0
555 (6).jpg,test\FAKE\555 (6).jpg,0.0,0
555 (7).jpg,test\FAKE\555 (7).jpg,0.0,0
555 (8).jpg,test\FAKE\555 (8).jpg,0.0,0
555 (9).jpg,test\FAKE\555 (9).jpg,0.0,0
555.jpg,test\FAKE\555.jpg,2.0861626e-07,0
556 (10).jpg,test\FAKE\556 (10).jpg,4.3213367e-06,0
556 (2).jpg,test\FAKE\556 (2).jpg,0.0,0
556 (3).jpg,test\FAKE\556 (3).jpg,0.5516488,1
556 (4).jpg,test\FAKE\556 (4).jpg,0.0,0
556 (5).jpg,test\FAKE\556 (5).jpg,1.5586615e-05,0
556 (6).jpg,test\FAKE\556 (6).jpg,0.0,0
556 (7).jpg,test\FAKE\556 (7).jpg,0.0,0
556 (8).jpg,test\FAKE\556 (8).jpg,0.0001283884,0
556 (9).jpg,test\FAKE\556 (9).jpg,0.0,0
556.jpg,test\FAKE\556.jpg,0.0,0
557 (10).jpg,test\FAKE\557 (10).jpg,0.0,0
557 (2).jpg,test\FAKE\557 (2).jpg,0.0019881725,0
557 (3).jpg,test\FAKE\557 (3).jpg,4.0620565e-05,0
557 (4).jpg,test\FAKE\557 (4).jpg,0.0,0
557 (5).jpg,test\FAKE\557 (5).jpg,0.0,0
557 (6).jpg,test\FAKE\557 (6).jpg,0.0,0
557 (7).jpg,test\FAKE\557 (7).jpg,0.0,0
557 (8).jpg,test\FAKE\557 (8).jpg,0.0,0
557 (9).jpg,test\FAKE\557 (9).jpg,0.0,0
557.jpg,test\FAKE\557.jpg,0.0,0
558 (10).jpg,test\FAKE\558 (10).jpg,0.0,0
558 (2).jpg,test\FAKE\558 (2).jpg,0.0,0
558 (3).jpg,test\FAKE\558 (3).jpg,0.05294341,0
558 (4).jpg,test\FAKE\558 (4).jpg,0.0,0
558 (5).jpg,test\FAKE\558 (5).jpg,0.00023567677,0
558 (6).jpg,test\FAKE\558 (6).jpg,0.0,0
558 (7).jpg,test\FAKE\558 (7).jpg,4.172325e-07,0
558 (8).jpg,test\FAKE\558 (8).jpg,0.0,0
558 (9).jpg,test\FAKE\558 (9).jpg,0.0,0
558.jpg,test\FAKE\558.jpg,1.4901161e-07,0
559 (10).jpg,test\FAKE\559 (10).jpg,0.0,0
559 (2).jpg,test\FAKE\559 (2).jpg,0.0,0
559 (3).jpg,test\FAKE\559 (3).jpg,0.00032061338,0
559 (4).jpg,test\FAKE\559 (4).jpg,0.0,0
559 (5).jpg,test\FAKE\559 (5).jpg,0.0,0
559 (6).jpg,test\FAKE\559 (6).jpg,0.0,0
559 (7).jpg,test\FAKE\559 (7).jpg,0.0,0
559 (8).jpg,test\FAKE\559 (8).jpg,0.0,0
559 (9).jpg,test\FAKE\559 (9).jpg,0.0,0
559.jpg,test\FAKE\559.jpg,0.0,0
56 (10).jpg,test\FAKE\56 (10).jpg,0.0005813837,0
56 (2).jpg,test\FAKE\56 (2).jpg,0.0,0
56 (3).jpg,test\FAKE\56 (3).jpg,0.0,0
56 (4).jpg,test\FAKE\56 (4).jpg,0.0012092292,0
56 (5).jpg,test\FAKE\56 (5).jpg,0.0,0
56 (6).jpg,test\FAKE\56 (6).jpg,0.0,0
56 (7).jpg,test\FAKE\56 (7).jpg,0.0,0
56 (8).jpg,test\FAKE\56 (8).jpg,0.0,0
56 (9).jpg,test\FAKE\56 (9).jpg,0.0,0
56.jpg,test\FAKE\56.jpg,1.5586615e-05,0
560 (10).jpg,test\FAKE\560 (10).jpg,0.0,0
560 (2).jpg,test\FAKE\560 (2).jpg,0.0,0
560 (3).jpg,test\FAKE\560 (3).jpg,0.00013172626,0
560 (4).jpg,test\FAKE\560 (4).jpg,0.0,0
560 (5).jpg,test\FAKE\560 (5).jpg,0.0,0
560 (6).jpg,test\FAKE\560 (6).jpg,9.536743e-07,0
560 (7).jpg,test\FAKE\560 (7).jpg,0.0,0
560 (8).jpg,test\FAKE\560 (8).jpg,0.0,0
560 (9).jpg,test\FAKE\560 (9).jpg,0.23711622,0
560.jpg,test\FAKE\560.jpg,0.0,0
561 (10).jpg,test\FAKE\561 (10).jpg,0.0,0
561 (2).jpg,test\FAKE\561 (2).jpg,2.9802322e-07,0
561 (3).jpg,test\FAKE\561 (3).jpg,0.12865585,0
561 (4).jpg,test\FAKE\561 (4).jpg,0.0,0
561 (5).jpg,test\FAKE\561 (5).jpg,0.0,0
561 (6).jpg,test\FAKE\561 (6).jpg,0.0,0
561 (7).jpg,test\FAKE\561 (7).jpg,0.0,0
561 (8).jpg,test\FAKE\561 (8).jpg,5.066395e-07,0
561 (9).jpg,test\FAKE\561 (9).jpg,0.0,0
561.jpg,test\FAKE\561.jpg,5.9604645e-08,0
562 (10).jpg,test\FAKE\562 (10).jpg,0.0,0
562 (2).jpg,test\FAKE\562 (2).jpg,0.0,0
562 (3).jpg,test\FAKE\562 (3).jpg,8.940697e-08,0
562 (4).jpg,test\FAKE\562 (4).jpg,0.0,0
562 (5).jpg,test\FAKE\562 (5).jpg,0.0,0
562 (6).jpg,test\FAKE\562 (6).jpg,6.854534e-07,0
562 (7).jpg,test\FAKE\562 (7).jpg,0.0,0
562 (8).jpg,test\FAKE\562 (8).jpg,0.0,0
562 (9).jpg,test\FAKE\562 (9).jpg,3.2782555e-07,0
562.jpg,test\FAKE\562.jpg,4.7832727e-05,0
563 (10).jpg,test\FAKE\563 (10).jpg,0.0,0
563 (2).jpg,test\FAKE\563 (2).jpg,0.0,0
563 (3).jpg,test\FAKE\563 (3).jpg,0.0,0
563 (4).jpg,test\FAKE\563 (4).jpg,1.1920929e-07,0
563 (5).jpg,test\FAKE\563 (5).jpg,0.0,0
563 (6).jpg,test\FAKE\563 (6).jpg,0.0,0
563 (7).jpg,test\FAKE\563 (7).jpg,0.0,0
563 (8).jpg,test\FAKE\563 (8).jpg,0.0,0
563 (9).jpg,test\FAKE\563 (9).jpg,3.2782555e-07,0
563.jpg,test\FAKE\563.jpg,0.009287655,0
564 (10).jpg,test\FAKE\564 (10).jpg,0.0,0
564 (2).jpg,test\FAKE\564 (2).jpg,0.0,0
564 (3).jpg,test\FAKE\564 (3).jpg,0.7529578,1
564 (4).jpg,test\FAKE\564 (4).jpg,0.0,0
564 (5).jpg,test\FAKE\564 (5).jpg,0.0,0
564 (6).jpg,test\FAKE\564 (6).jpg,0.0,0
564 (7).jpg,test\FAKE\564 (7).jpg,0.0,0
564 (8).jpg,test\FAKE\564 (8).jpg,0.0,0
564 (9).jpg,test\FAKE\564 (9).jpg,0.0,0
564.jpg,test\FAKE\564.jpg,0.0,0
565 (10).jpg,test\FAKE\565 (10).jpg,0.0,0
565 (2).jpg,test\FAKE\565 (2).jpg,0.0,0
565 (3).jpg,test\FAKE\565 (3).jpg,2.977252e-05,0
565 (4).jpg,test\FAKE\565 (4).jpg,0.0,0
565 (5).jpg,test\FAKE\565 (5).jpg,0.0,0
565 (6).jpg,test\FAKE\565 (6).jpg,1.2516975e-06,0
565 (7).jpg,test\FAKE\565 (7).jpg,0.0,0
565 (8).jpg,test\FAKE\565 (8).jpg,0.0,0
565 (9).jpg,test\FAKE\565 (9).jpg,0.0,0
565.jpg,test\FAKE\565.jpg,0.28031027,0
566 (10).jpg,test\FAKE\566 (10).jpg,1.680851e-05,0
566 (2).jpg,test\FAKE\566 (2).jpg,0.0,0
566 (3).jpg,test\FAKE\566 (3).jpg,0.35100698,0
566 (4).jpg,test\FAKE\566 (4).jpg,0.0,0
566 (5).jpg,test\FAKE\566 (5).jpg,0.0,0
566 (6).jpg,test\FAKE\566 (6).jpg,0.0,0
566 (7).jpg,test\FAKE\566 (7).jpg,0.0,0
566 (8).jpg,test\FAKE\566 (8).jpg,0.0,0
566 (9).jpg,test\FAKE\566 (9).jpg,0.0,0
566.jpg,test\FAKE\566.jpg,3.4570694e-06,0
567 (10).jpg,test\FAKE\567 (10).jpg,0.0,0
567 (2).jpg,test\FAKE\567 (2).jpg,1.6331673e-05,0
567 (3).jpg,test\FAKE\567 (3).jpg,0.23354736,0
567 (4).jpg,test\FAKE\567 (4).jpg,2.9802322e-07,0
567 (5).jpg,test\FAKE\567 (5).jpg,0.0,0
567 (6).jpg,test\FAKE\567 (6).jpg,0.0,0
567 (7).jpg,test\FAKE\567 (7).jpg,0.0,0
567 (8).jpg,test\FAKE\567 (8).jpg,0.0,0
567 (9).jpg,test\FAKE\567 (9).jpg,0.0006709397,0
567.jpg,test\FAKE\567.jpg,0.0,0
568 (10).jpg,test\FAKE\568 (10).jpg,5.066395e-07,0
568 (2).jpg,test\FAKE\568 (2).jpg,0.0,0
568 (3).jpg,test\FAKE\568 (3).jpg,0.0,0
568 (4).jpg,test\FAKE\568 (4).jpg,0.00043711066,0
568 (5).jpg,test\FAKE\568 (5).jpg,0.0,0
568 (6).jpg,test\FAKE\568 (6).jpg,0.0,0
568 (7).jpg,test\FAKE\568 (7).jpg,0.0,0
568 (8).jpg,test\FAKE\568 (8).jpg,0.0,0
568 (9).jpg,test\FAKE\568 (9).jpg,0.0,0
568.jpg,test\FAKE\568.jpg,0.0,0
569 (10).jpg,test\FAKE\569 (10).jpg,0.0066355467,0
569 (2).jpg,test\FAKE\569 (2).jpg,4.2796135e-05,0
569 (3).jpg,test\FAKE\569 (3).jpg,0.00039064884,0
569 (4).jpg,test\FAKE\569 (4).jpg,5.9604645e-08,0
569 (5).jpg,test\FAKE\569 (5).jpg,0.0,0
569 (6).jpg,test\FAKE\569 (6).jpg,0.0,0
569 (7).jpg,test\FAKE\569 (7).jpg,0.081032306,0
569 (8).jpg,test\FAKE\569 (8).jpg,0.6233704,1
569 (9).jpg,test\FAKE\569 (9).jpg,0.0,0
569.jpg,test\FAKE\569.jpg,1.7881393e-07,0
57 (10).jpg,test\FAKE\57 (10).jpg,1.013279e-06,0
57 (2).jpg,test\FAKE\57 (2).jpg,0.0,0
57 (3).jpg,test\FAKE\57 (3).jpg,3.874302e-07,0
57 (4).jpg,test\FAKE\57 (4).jpg,0.0,0
57 (5).jpg,test\FAKE\57 (5).jpg,0.0,0
57 (6).jpg,test\FAKE\57 (6).jpg,0.0,0
57 (7).jpg,test\FAKE\57 (7).jpg,0.00038310885,0
57 (8).jpg,test\FAKE\57 (8).jpg,0.0030984879,0
57 (9).jpg,test\FAKE\57 (9).jpg,2.682209e-07,0
57.jpg,test\FAKE\57.jpg,0.039725453,0
570 (10).jpg,test\FAKE\570 (10).jpg,0.0,0
570 (2).jpg,test\FAKE\570 (2).jpg,2.0980835e-05,0
570 (3).jpg,test\FAKE\570 (3).jpg,0.0,0
570 (4).jpg,test\FAKE\570 (4).jpg,0.0,0
570 (5).jpg,test\FAKE\570 (5).jpg,0.0,0
570 (6).jpg,test\FAKE\570 (6).jpg,0.0,0
570 (7).jpg,test\FAKE\570 (7).jpg,0.0032722354,0
570 (8).jpg,test\FAKE\570 (8).jpg,0.0,0
570 (9).jpg,test\FAKE\570 (9).jpg,0.0009742379,0
570.jpg,test\FAKE\570.jpg,0.0,0
571 (10).jpg,test\FAKE\571 (10).jpg,5.9604645e-08,0
571 (2).jpg,test\FAKE\571 (2).jpg,6.854534e-06,0
571 (3).jpg,test\FAKE\571 (3).jpg,0.0,0
571 (4).jpg,test\FAKE\571 (4).jpg,0.0,0
571 (5).jpg,test\FAKE\571 (5).jpg,0.0,0
571 (6).jpg,test\FAKE\571 (6).jpg,0.0,0
571 (7).jpg,test\FAKE\571 (7).jpg,0.0,0
571 (8).jpg,test\FAKE\571 (8).jpg,3.6418438e-05,0
571 (9).jpg,test\FAKE\571 (9).jpg,3.2424927e-05,0
571.jpg,test\FAKE\571.jpg,0.0062960684,0
572 (10).jpg,test\FAKE\572 (10).jpg,0.0011767745,0
572 (2).jpg,test\FAKE\572 (2).jpg,0.0,0
572 (3).jpg,test\FAKE\572 (3).jpg,1.385808e-05,0
572 (4).jpg,test\FAKE\572 (4).jpg,1.4901161e-07,0
572 (5).jpg,test\FAKE\572 (5).jpg,0.0,0
572 (6).jpg,test\FAKE\572 (6).jpg,0.0,0
572 (7).jpg,test\FAKE\572 (7).jpg,0.0,0
572 (8).jpg,test\FAKE\572 (8).jpg,0.0,0
572 (9).jpg,test\FAKE\572 (9).jpg,0.0,0
572.jpg,test\FAKE\572.jpg,0.0,0
573 (10).jpg,test\FAKE\573 (10).jpg,0.0,0
573 (2).jpg,test\FAKE\573 (2).jpg,0.0,0
573 (3).jpg,test\FAKE\573 (3).jpg,0.0,0
573 (4).jpg,test\FAKE\573 (4).jpg,0.0,0
573 (5).jpg,test\FAKE\573 (5).jpg,5.2452087e-06,0
573 (6).jpg,test\FAKE\573 (6).jpg,0.0,0
573 (7).jpg,test\FAKE\573 (7).jpg,0.0,0
573 (8).jpg,test\FAKE\573 (8).jpg,0.0,0
573 (9).jpg,test\FAKE\573 (9).jpg,0.008401334,0
573.jpg,test\FAKE\573.jpg,0.0,0
574 (10).jpg,test\FAKE\574 (10).jpg,0.0,0
574 (2).jpg,test\FAKE\574 (2).jpg,0.0,0
574 (3).jpg,test\FAKE\574 (3).jpg,0.0,0
574 (4).jpg,test\FAKE\574 (4).jpg,0.0,0
574 (5).jpg,test\FAKE\574 (5).jpg,0.0,0
574 (6).jpg,test\FAKE\574 (6).jpg,0.0011898279,0
574 (7).jpg,test\FAKE\574 (7).jpg,0.00022757053,0
574 (8).jpg,test\FAKE\574 (8).jpg,0.0026142597,0
574 (9).jpg,test\FAKE\574 (9).jpg,0.0007983446,0
574.jpg,test\FAKE\574.jpg,0.0,0
575 (10).jpg,test\FAKE\575 (10).jpg,2.0861626e-07,0
575 (2).jpg,test\FAKE\575 (2).jpg,0.0,0
575 (3).jpg,test\FAKE\575 (3).jpg,0.33185703,0
575 (4).jpg,test\FAKE\575 (4).jpg,0.0,0
575 (5).jpg,test\FAKE\575 (5).jpg,0.0,0
575 (6).jpg,test\FAKE\575 (6).jpg,0.00020578504,0
575 (7).jpg,test\FAKE\575 (7).jpg,0.0,0
575 (8).jpg,test\FAKE\575 (8).jpg,3.6001205e-05,0
575 (9).jpg,test\FAKE\575 (9).jpg,0.0,0
575.jpg,test\FAKE\575.jpg,0.0,0
576 (10).jpg,test\FAKE\576 (10).jpg,3.8921833e-05,0
576 (2).jpg,test\FAKE\576 (2).jpg,0.0,0
576 (3).jpg,test\FAKE\576 (3).jpg,0.0,0
576 (4).jpg,test\FAKE\576 (4).jpg,0.0,0
576 (5).jpg,test\FAKE\576 (5).jpg,0.0,0
576 (6).jpg,test\FAKE\576 (6).jpg,0.0,0
576 (7).jpg,test\FAKE\576 (7).jpg,0.0,0
576 (8).jpg,test\FAKE\576 (8).jpg,0.0,0
576 (9).jpg,test\FAKE\576 (9).jpg,0.0008659661,0
576.jpg,test\FAKE\576.jpg,0.0,0
577 (10).jpg,test\FAKE\577 (10).jpg,0.0,0
577 (2).jpg,test\FAKE\577 (2).jpg,0.0,0
577 (3).jpg,test\FAKE\577 (3).jpg,0.0,0
577 (4).jpg,test\FAKE\577 (4).jpg,2.2858381e-05,0
577 (5).jpg,test\FAKE\577 (5).jpg,0.0,0
577 (6).jpg,test\FAKE\577 (6).jpg,3.0696392e-06,0
577 (7).jpg,test\FAKE\577 (7).jpg,0.0,0
577 (8).jpg,test\FAKE\577 (8).jpg,0.0,0
577 (9).jpg,test\FAKE\577 (9).jpg,0.0002734661,0
577.jpg,test\FAKE\577.jpg,0.0,0
578 (10).jpg,test\FAKE\578 (10).jpg,7.56979e-06,0
578 (2).jpg,test\FAKE\578 (2).jpg,0.0,0
578 (3).jpg,test\FAKE\578 (3).jpg,7.748604e-07,0
578 (4).jpg,test\FAKE\578 (4).jpg,0.0,0
578 (5).jpg,test\FAKE\578 (5).jpg,0.0,0
578 (6).jpg,test\FAKE\578 (6).jpg,0.0,0
578 (7).jpg,test\FAKE\578 (7).jpg,3.501773e-05,0
578 (8).jpg,test\FAKE\578 (8).jpg,0.0,0
578 (9).jpg,test\FAKE\578 (9).jpg,0.0,0
578.jpg,test\FAKE\578.jpg,0.0,0
579 (10).jpg,test\FAKE\579 (10).jpg,0.0,0
579 (2).jpg,test\FAKE\579 (2).jpg,0.0,0
579 (3).jpg,test\FAKE\579 (3).jpg,0.0,0
579 (4).jpg,test\FAKE\579 (4).jpg,3.2931566e-05,0
579 (5).jpg,test\FAKE\579 (5).jpg,0.0,0
579 (6).jpg,test\FAKE\579 (6).jpg,0.0,0
579 (7).jpg,test\FAKE\579 (7).jpg,0.0,0
579 (8).jpg,test\FAKE\579 (8).jpg,0.0,0
579 (9).jpg,test\FAKE\579 (9).jpg,2.682209e-07,0
579.jpg,test\FAKE\579.jpg,2.682209e-07,0
58 (10).jpg,test\FAKE\58 (10).jpg,0.0,0
58 (2).jpg,test\FAKE\58 (2).jpg,0.0,0
58 (3).jpg,test\FAKE\58 (3).jpg,0.0,0
58 (4).jpg,test\FAKE\58 (4).jpg,0.0,0
58 (5).jpg,test\FAKE\58 (5).jpg,0.0,0
58 (6).jpg,test\FAKE\58 (6).jpg,0.0,0
58 (7).jpg,test\FAKE\58 (7).jpg,0.0,0
58 (8).jpg,test\FAKE\58 (8).jpg,0.0,0
58 (9).jpg,test\FAKE\58 (9).jpg,0.018453091,0
58.jpg,test\FAKE\58.jpg,0.0,0
580 (10).jpg,test\FAKE\580 (10).jpg,2.9802322e-08,0
580 (2).jpg,test\FAKE\580 (2).jpg,0.0,0
580 (3).jpg,test\FAKE\580 (3).jpg,0.0005581379,0
580 (4).jpg,test\FAKE\580 (4).jpg,0.0,0
580 (5).jpg,test\FAKE\580 (5).jpg,0.0,0
580 (6).jpg,test\FAKE\580 (6).jpg,0.0030307174,0
580 (7).jpg,test\FAKE\580 (7).jpg,0.0,0
580 (8).jpg,test\FAKE\580 (8).jpg,2.9802322e-07,0
580 (9).jpg,test\FAKE\580 (9).jpg,0.0,0
580.jpg,test\FAKE\580.jpg,0.023727,0
581 (10).jpg,test\FAKE\581 (10).jpg,3.8057566e-05,0
581 (2).jpg,test\FAKE\581 (2).jpg,0.0,0
581 (3).jpg,test\FAKE\581 (3).jpg,0.0,0
581 (4).jpg,test\FAKE\581 (4).jpg,0.0,0
581 (5).jpg,test\FAKE\581 (5).jpg,0.0,0
581 (6).jpg,test\FAKE\581 (6).jpg,0.0,0
581 (7).jpg,test\FAKE\581 (7).jpg,0.0,0
581 (8).jpg,test\FAKE\581 (8).jpg,0.0,0
581 (9).jpg,test\FAKE\581 (9).jpg,0.0,0
581.jpg,test\FAKE\581.jpg,0.0,0
582 (10).jpg,test\FAKE\582 (10).jpg,0.0,0
582 (2).jpg,test\FAKE\582 (2).jpg,0.0,0
582 (3).jpg,test\FAKE\582 (3).jpg,0.00024279952,0
582 (4).jpg,test\FAKE\582 (4).jpg,0.0,0
582 (5).jpg,test\FAKE\582 (5).jpg,0.0,0
582 (6).jpg,test\FAKE\582 (6).jpg,0.0,0
582 (7).jpg,test\FAKE\582 (7).jpg,0.0,0
582 (8).jpg,test\FAKE\582 (8).jpg,0.0,0
582 (9).jpg,test\FAKE\582 (9).jpg,0.0,0
582.jpg,test\FAKE\582.jpg,1.7881393e-06,0
583 (10).jpg,test\FAKE\583 (10).jpg,0.0,0
583 (2).jpg,test\FAKE\583 (2).jpg,0.0,0
583 (3).jpg,test\FAKE\583 (3).jpg,0.0,0
583 (4).jpg,test\FAKE\583 (4).jpg,0.0,0
583 (5).jpg,test\FAKE\583 (5).jpg,0.0,0
583 (6).jpg,test\FAKE\583 (6).jpg,0.0,0
583 (7).jpg,test\FAKE\583 (7).jpg,0.0,0
583 (8).jpg,test\FAKE\583 (8).jpg,0.0,0
583 (9).jpg,test\FAKE\583 (9).jpg,6.8843365e-06,0
583.jpg,test\FAKE\583.jpg,0.0,0
584 (10).jpg,test\FAKE\584 (10).jpg,0.0,0
584 (2).jpg,test\FAKE\584 (2).jpg,0.0,0
584 (3).jpg,test\FAKE\584 (3).jpg,0.0,0
584 (4).jpg,test\FAKE\584 (4).jpg,0.0,0
584 (5).jpg,test\FAKE\584 (5).jpg,0.0,0
584 (6).jpg,test\FAKE\584 (6).jpg,0.0,0
584 (7).jpg,test\FAKE\584 (7).jpg,0.0,0
584 (8).jpg,test\FAKE\584 (8).jpg,0.0061053038,0
584 (9).jpg,test\FAKE\584 (9).jpg,0.0,0
584.jpg,test\FAKE\584.jpg,0.0,0
585 (10).jpg,test\FAKE\585 (10).jpg,0.0,0
585 (2).jpg,test\FAKE\585 (2).jpg,0.0,0
585 (3).jpg,test\FAKE\585 (3).jpg,9.068847e-05,0
585 (4).jpg,test\FAKE\585 (4).jpg,0.0,0
585 (5).jpg,test\FAKE\585 (5).jpg,0.0,0
585 (6).jpg,test\FAKE\585 (6).jpg,0.0,0
585 (7).jpg,test\FAKE\585 (7).jpg,0.0,0
585 (8).jpg,test\FAKE\585 (8).jpg,0.0,0
585 (9).jpg,test\FAKE\585 (9).jpg,0.0,0
585.jpg,test\FAKE\585.jpg,0.0,0
586 (10).jpg,test\FAKE\586 (10).jpg,5.9604645e-08,0
586 (2).jpg,test\FAKE\586 (2).jpg,0.0,0
586 (3).jpg,test\FAKE\586 (3).jpg,0.0,0
586 (4).jpg,test\FAKE\586 (4).jpg,0.0,0
586 (5).jpg,test\FAKE\586 (5).jpg,0.0,0
586 (6).jpg,test\FAKE\586 (6).jpg,0.0,0
586 (7).jpg,test\FAKE\586 (7).jpg,0.0,0
586 (8).jpg,test\FAKE\586 (8).jpg,0.0,0
586 (9).jpg,test\FAKE\586 (9).jpg,6.854534e-07,0
586.jpg,test\FAKE\586.jpg,0.0,0
587 (10).jpg,test\FAKE\587 (10).jpg,0.0,0
587 (2).jpg,test\FAKE\587 (2).jpg,0.0,0
587 (3).jpg,test\FAKE\587 (3).jpg,0.051580727,0
587 (4).jpg,test\FAKE\587 (4).jpg,0.0,0
587 (5).jpg,test\FAKE\587 (5).jpg,0.0,0
587 (6).jpg,test\FAKE\587 (6).jpg,0.0,0
587 (7).jpg,test\FAKE\587 (7).jpg,5.841255e-06,0
587 (8).jpg,test\FAKE\587 (8).jpg,0.0,0
587 (9).jpg,test\FAKE\587 (9).jpg,0.0,0
587.jpg,test\FAKE\587.jpg,1.7881393e-07,0
588 (10).jpg,test\FAKE\588 (10).jpg,0.0,0
588 (2).jpg,test\FAKE\588 (2).jpg,0.0,0
588 (3).jpg,test\FAKE\588 (3).jpg,0.0011174083,0
588 (4).jpg,test\FAKE\588 (4).jpg,0.0,0
588 (5).jpg,test\FAKE\588 (5).jpg,0.0,0
588 (6).jpg,test\FAKE\588 (6).jpg,0.0,0
588 (7).jpg,test\FAKE\588 (7).jpg,0.0,0
588 (8).jpg,test\FAKE\588 (8).jpg,3.5762787e-07,0
588 (9).jpg,test\FAKE\588 (9).jpg,2.2858381e-05,0
588.jpg,test\FAKE\588.jpg,0.0,0
589 (10).jpg,test\FAKE\589 (10).jpg,0.00021860003,0
589 (2).jpg,test\FAKE\589 (2).jpg,0.0,0
589 (3).jpg,test\FAKE\589 (3).jpg,0.742746,1
589 (4).jpg,test\FAKE\589 (4).jpg,0.0,0
589 (5).jpg,test\FAKE\589 (5).jpg,0.0,0
589 (6).jpg,test\FAKE\589 (6).jpg,0.0,0
589 (7).jpg,test\FAKE\589 (7).jpg,0.0,0
589 (8).jpg,test\FAKE\589 (8).jpg,0.0,0
589 (9).jpg,test\FAKE\589 (9).jpg,0.0,0
589.jpg,test\FAKE\589.jpg,0.0,0
59 (10).jpg,test\FAKE\59 (10).jpg,0.0,0
59 (2).jpg,test\FAKE\59 (2).jpg,0.0,0
59 (3).jpg,test\FAKE\59 (3).jpg,0.0,0
59 (4).jpg,test\FAKE\59 (4).jpg,0.0,0
59 (5).jpg,test\FAKE\59 (5).jpg,0.0,0
59 (6).jpg,test\FAKE\59 (6).jpg,0.0,0
59 (7).jpg,test\FAKE\59 (7).jpg,0.0,0
59 (8).jpg,test\FAKE\59 (8).jpg,0.0,0
59 (9).jpg,test\FAKE\59 (9).jpg,5.3048134e-06,0
59.jpg,test\FAKE\59.jpg,4.595518e-05,0
590 (10).jpg,test\FAKE\590 (10).jpg,0.0,0
590 (2).jpg,test\FAKE\590 (2).jpg,0.0,0
590 (3).jpg,test\FAKE\590 (3).jpg,0.0,0
590 (4).jpg,test\FAKE\590 (4).jpg,0.0,0
590 (5).jpg,test\FAKE\590 (5).jpg,0.0,0
590 (6).jpg,test\FAKE\590 (6).jpg,0.0,0
590 (7).jpg,test\FAKE\590 (7).jpg,0.0,0
590 (8).jpg,test\FAKE\590 (8).jpg,0.0,0
590 (9).jpg,test\FAKE\590 (9).jpg,6.482005e-05,0
590.jpg,test\FAKE\590.jpg,3.5762787e-07,0
591 (10).jpg,test\FAKE\591 (10).jpg,6.997585e-05,0
591 (2).jpg,test\FAKE\591 (2).jpg,0.0,0
591 (3).jpg,test\FAKE\591 (3).jpg,0.31481555,0
591 (4).jpg,test\FAKE\591 (4).jpg,1.8775463e-06,0
591 (5).jpg,test\FAKE\591 (5).jpg,0.0,0
591 (6).jpg,test\FAKE\591 (6).jpg,0.0,0
591 (7).jpg,test\FAKE\591 (7).jpg,0.0,0
591 (8).jpg,test\FAKE\591 (8).jpg,0.0,0
591 (9).jpg,test\FAKE\591 (9).jpg,9.089708e-06,0
591.jpg,test\FAKE\591.jpg,8.940697e-08,0
592 (10).jpg,test\FAKE\592 (10).jpg,0.0,0
592 (2).jpg,test\FAKE\592 (2).jpg,0.0,0
592 (3).jpg,test\FAKE\592 (3).jpg,1.1920929e-07,0
592 (4).jpg,test\FAKE\592 (4).jpg,0.0,0
592 (5).jpg,test\FAKE\592 (5).jpg,0.0,0
592 (6).jpg,test\FAKE\592 (6).jpg,0.0,0
592 (7).jpg,test\FAKE\592 (7).jpg,0.0,0
592 (8).jpg,test\FAKE\592 (8).jpg,1.7285347e-06,0
592 (9).jpg,test\FAKE\592 (9).jpg,0.0,0
592.jpg,test\FAKE\592.jpg,1.758337e-06,0
593 (10).jpg,test\FAKE\593 (10).jpg,0.0,0
593 (2).jpg,test\FAKE\593 (2).jpg,0.0,0
593 (3).jpg,test\FAKE\593 (3).jpg,7.5638294e-05,0
593 (4).jpg,test\FAKE\593 (4).jpg,0.0,0
593 (5).jpg,test\FAKE\593 (5).jpg,0.0,0
593 (6).jpg,test\FAKE\593 (6).jpg,1.0460615e-05,0
593 (7).jpg,test\FAKE\593 (7).jpg,0.0,0
593 (8).jpg,test\FAKE\593 (8).jpg,0.0,0
593 (9).jpg,test\FAKE\593 (9).jpg,0.00011384487,0
593.jpg,test\FAKE\593.jpg,0.0,0
594 (10).jpg,test\FAKE\594 (10).jpg,0.0,0
594 (2).jpg,test\FAKE\594 (2).jpg,0.0,0
594 (3).jpg,test\FAKE\594 (3).jpg,0.056503445,0
594 (4).jpg,test\FAKE\594 (4).jpg,2.9802322e-08,0
594 (5).jpg,test\FAKE\594 (5).jpg,0.0,0
594 (6).jpg,test\FAKE\594 (6).jpg,0.0,0
594 (7).jpg,test\FAKE\594 (7).jpg,0.0,0
594 (8).jpg,test\FAKE\594 (8).jpg,0.15137935,0
594 (9).jpg,test\FAKE\594 (9).jpg,2.9802322e-08,0
594.jpg,test\FAKE\594.jpg,0.0,0
595 (10).jpg,test\FAKE\595 (10).jpg,0.0,0
595 (2).jpg,test\FAKE\595 (2).jpg,0.0,0
595 (3).jpg,test\FAKE\595 (3).jpg,4.3809414e-06,0
595 (4).jpg,test\FAKE\595 (4).jpg,1.2218952e-06,0
595 (5).jpg,test\FAKE\595 (5).jpg,0.0,0
595 (6).jpg,test\FAKE\595 (6).jpg,0.0,0
595 (7).jpg,test\FAKE\595 (7).jpg,0.0,0
595 (8).jpg,test\FAKE\595 (8).jpg,2.7418137e-06,0
595 (9).jpg,test\FAKE\595 (9).jpg,0.0,0
595.jpg,test\FAKE\595.jpg,1.2695789e-05,0
596 (10).jpg,test\FAKE\596 (10).jpg,0.0,0
596 (2).jpg,test\FAKE\596 (2).jpg,2.56598e-05,0
596 (3).jpg,test\FAKE\596 (3).jpg,0.0,0
596 (4).jpg,test\FAKE\596 (4).jpg,0.0,0
596 (5).jpg,test\FAKE\596 (5).jpg,0.0,0
596 (6).jpg,test\FAKE\596 (6).jpg,0.0,0
596 (7).jpg,test\FAKE\596 (7).jpg,0.0,0
596 (8).jpg,test\FAKE\596 (8).jpg,0.0,0
596 (9).jpg,test\FAKE\596 (9).jpg,0.0,0
596.jpg,test\FAKE\596.jpg,0.0,0
597 (10).jpg,test\FAKE\597 (10).jpg,0.0,0
597 (2).jpg,test\FAKE\597 (2).jpg,0.0,0
597 (3).jpg,test\FAKE\597 (3).jpg,0.0,0
597 (4).jpg,test\FAKE\597 (4).jpg,0.0,0
597 (5).jpg,test\FAKE\597 (5).jpg,0.0,0
597 (6).jpg,test\FAKE\597 (6).jpg,0.0017380118,0
597 (7).jpg,test\FAKE\597 (7).jpg,0.0,0
597 (8).jpg,test\FAKE\597 (8).jpg,0.0,0
597 (9).jpg,test\FAKE\597 (9).jpg,0.0,0
597.jpg,test\FAKE\597.jpg,0.0,0
598 (10).jpg,test\FAKE\598 (10).jpg,0.0,0
598 (2).jpg,test\FAKE\598 (2).jpg,0.0,0
598 (3).jpg,test\FAKE\598 (3).jpg,0.00057041645,0
598 (4).jpg,test\FAKE\598 (4).jpg,7.480383e-06,0
598 (5).jpg,test\FAKE\598 (5).jpg,0.0,0
598 (6).jpg,test\FAKE\598 (6).jpg,0.0,0
598 (7).jpg,test\FAKE\598 (7).jpg,0.0,0
598 (8).jpg,test\FAKE\598 (8).jpg,0.0,0
598 (9).jpg,test\FAKE\598 (9).jpg,0.0,0
598.jpg,test\FAKE\598.jpg,1.0430813e-06,0
599 (10).jpg,test\FAKE\599 (10).jpg,1.5944242e-05,0
599 (2).jpg,test\FAKE\599 (2).jpg,0.0,0
599 (3).jpg,test\FAKE\599 (3).jpg,0.12137377,0
599 (4).jpg,test\FAKE\599 (4).jpg,0.0,0
599 (5).jpg,test\FAKE\599 (5).jpg,0.0,0
599 (6).jpg,test\FAKE\599 (6).jpg,6.2584877e-07,0
599 (7).jpg,test\FAKE\599 (7).jpg,1.2218952e-06,0
599 (8).jpg,test\FAKE\599 (8).jpg,0.0,0
599 (9).jpg,test\FAKE\599 (9).jpg,8.6426735e-07,0
599.jpg,test\FAKE\599.jpg,0.075887114,0
6 (10).jpg,test\FAKE\6 (10).jpg,0.0,0
6 (2).jpg,test\FAKE\6 (2).jpg,0.0,0
6 (3).jpg,test\FAKE\6 (3).jpg,0.08807531,0
6 (4).jpg,test\FAKE\6 (4).jpg,0.0,0
6 (5).jpg,test\FAKE\6 (5).jpg,0.0010558367,0
6 (6).jpg,test\FAKE\6 (6).jpg,0.0,0
6 (7).jpg,test\FAKE\6 (7).jpg,0.0,0
6 (8).jpg,test\FAKE\6 (8).jpg,0.0,0
6 (9).jpg,test\FAKE\6 (9).jpg,0.0,0
6.jpg,test\FAKE\6.jpg,0.0012668073,0
60 (10).jpg,test\FAKE\60 (10).jpg,0.0,0
60 (2).jpg,test\FAKE\60 (2).jpg,0.0,0
60 (3).jpg,test\FAKE\60 (3).jpg,0.0,0
60 (4).jpg,test\FAKE\60 (4).jpg,2.9802322e-07,0
60 (5).jpg,test\FAKE\60 (5).jpg,0.0,0
60 (6).jpg,test\FAKE\60 (6).jpg,1.5795231e-06,0
60 (7).jpg,test\FAKE\60 (7).jpg,0.0,0
60 (8).jpg,test\FAKE\60 (8).jpg,0.0,0
60 (9).jpg,test\FAKE\60 (9).jpg,0.0,0
60.jpg,test\FAKE\60.jpg,0.0,0
600 (10).jpg,test\FAKE\600 (10).jpg,0.021738887,0
600 (2).jpg,test\FAKE\600 (2).jpg,0.0,0
600 (3).jpg,test\FAKE\600 (3).jpg,1.0430813e-05,0
600 (4).jpg,test\FAKE\600 (4).jpg,0.0,0
600 (5).jpg,test\FAKE\600 (5).jpg,0.0,0
600 (6).jpg,test\FAKE\600 (6).jpg,0.0,0
600 (7).jpg,test\FAKE\600 (7).jpg,0.0,0
600 (8).jpg,test\FAKE\600 (8).jpg,0.0,0
600 (9).jpg,test\FAKE\600 (9).jpg,0.0,0
600.jpg,test\FAKE\600.jpg,5.9604645e-08,0
601 (10).jpg,test\FAKE\601 (10).jpg,0.0,0
601 (2).jpg,test\FAKE\601 (2).jpg,0.0,0
601 (3).jpg,test\FAKE\601 (3).jpg,1.1026859e-06,0
601 (4).jpg,test\FAKE\601 (4).jpg,0.0,0
601 (5).jpg,test\FAKE\601 (5).jpg,5.9604645e-08,0
601 (6).jpg,test\FAKE\601 (6).jpg,0.0,0
601 (7).jpg,test\FAKE\601 (7).jpg,0.0,0
601 (8).jpg,test\FAKE\601 (8).jpg,0.0,0
601 (9).jpg,test\FAKE\601 (9).jpg,1.1920929e-07,0
601.jpg,test\FAKE\601.jpg,0.0,0
602 (10).jpg,test\FAKE\602 (10).jpg,0.0,0
602 (2).jpg,test\FAKE\602 (2).jpg,8.940697e-07,0
602 (3).jpg,test\FAKE\602 (3).jpg,0.0,0
602 (4).jpg,test\FAKE\602 (4).jpg,7.1674585e-05,0
602 (5).jpg,test\FAKE\602 (5).jpg,0.0,0
602 (6).jpg,test\FAKE\602 (6).jpg,1.3291836e-05,0
602 (7).jpg,test\FAKE\602 (7).jpg,0.0,0
602 (8).jpg,test\FAKE\602 (8).jpg,0.0,0
602 (9).jpg,test\FAKE\602 (9).jpg,0.0,0
602.jpg,test\FAKE\602.jpg,0.99917156,1
603 (10).jpg,test\FAKE\603 (10).jpg,2.2947788e-06,0
603 (2).jpg,test\FAKE\603 (2).jpg,0.0,0
603 (3).jpg,test\FAKE\603 (3).jpg,0.0,0
603 (4).jpg,test\FAKE\603 (4).jpg,8.106232e-06,0
603 (5).jpg,test\FAKE\603 (5).jpg,0.0,0
603 (6).jpg,test\FAKE\603 (6).jpg,0.0,0
603 (7).jpg,test\FAKE\603 (7).jpg,0.0,0
603 (8).jpg,test\FAKE\603 (8).jpg,0.0,0
603 (9).jpg,test\FAKE\603 (9).jpg,0.00041213632,0
603.jpg,test\FAKE\603.jpg,0.0,0
604 (10).jpg,test\FAKE\604 (10).jpg,0.0,0
604 (2).jpg,test\FAKE\604 (2).jpg,0.0,0
604 (3).jpg,test\FAKE\604 (3).jpg,0.0,0
604 (4).jpg,test\FAKE\604 (4).jpg,0.0,0
604 (5).jpg,test\FAKE\604 (5).jpg,0.0,0
604 (6).jpg,test\FAKE\604 (6).jpg,0.0,0
604 (7).jpg,test\FAKE\604 (7).jpg,0.0,0
604 (8).jpg,test\FAKE\604 (8).jpg,9.23872e-07,0
604 (9).jpg,test\FAKE\604 (9).jpg,0.0,0
604.jpg,test\FAKE\604.jpg,0.0,0
605 (10).jpg,test\FAKE\605 (10).jpg,0.0,0
605 (2).jpg,test\FAKE\605 (2).jpg,0.0,0
605 (3).jpg,test\FAKE\605 (3).jpg,0.35100698,0
605 (4).jpg,test\FAKE\605 (4).jpg,0.0,0
605 (5).jpg,test\FAKE\605 (5).jpg,0.0,0
605 (6).jpg,test\FAKE\605 (6).jpg,0.00027510524,0
605 (7).jpg,test\FAKE\605 (7).jpg,0.0,0
605 (8).jpg,test\FAKE\605 (8).jpg,0.72566235,1
605 (9).jpg,test\FAKE\605 (9).jpg,2.9176474e-05,0
605.jpg,test\FAKE\605.jpg,4.172325e-07,0
606 (10).jpg,test\FAKE\606 (10).jpg,2.425909e-05,0
606 (2).jpg,test\FAKE\606 (2).jpg,0.0,0
606 (3).jpg,test\FAKE\606 (3).jpg,0.0,0
606 (4).jpg,test\FAKE\606 (4).jpg,0.0,0
606 (5).jpg,test\FAKE\606 (5).jpg,0.0,0
606 (6).jpg,test\FAKE\606 (6).jpg,3.0100346e-06,0
606 (7).jpg,test\FAKE\606 (7).jpg,0.0,0
606 (8).jpg,test\FAKE\606 (8).jpg,0.0,0
606 (9).jpg,test\FAKE\606 (9).jpg,0.00047376752,0
606.jpg,test\FAKE\606.jpg,3.3974648e-06,0
607 (10).jpg,test\FAKE\607 (10).jpg,0.0,0
607 (2).jpg,test\FAKE\607 (2).jpg,0.0,0
607 (3).jpg,test\FAKE\607 (3).jpg,0.021262169,0
607 (4).jpg,test\FAKE\607 (4).jpg,0.0,0
607 (5).jpg,test\FAKE\607 (5).jpg,0.0,0
607 (6).jpg,test\FAKE\607 (6).jpg,0.0,0
607 (7).jpg,test\FAKE\607 (7).jpg,0.0,0
607 (8).jpg,test\FAKE\607 (8).jpg,0.0,0
607 (9).jpg,test\FAKE\607 (9).jpg,2.0861626e-07,0
607.jpg,test\FAKE\607.jpg,9.23872e-07,0
608 (10).jpg,test\FAKE\608 (10).jpg,0.0,0
608 (2).jpg,test\FAKE\608 (2).jpg,1.1920929e-07,0
608 (3).jpg,test\FAKE\608 (3).jpg,0.0,0
608 (4).jpg,test\FAKE\608 (4).jpg,0.0,0
608 (5).jpg,test\FAKE\608 (5).jpg,0.0,0
608 (6).jpg,test\FAKE\608 (6).jpg,0.0,0
608 (7).jpg,test\FAKE\608 (7).jpg,0.0,0
608 (8).jpg,test\FAKE\608 (8).jpg,0.0,0
608 (9).jpg,test\FAKE\608 (9).jpg,0.0,0
608.jpg,test\FAKE\608.jpg,0.0,0
609 (10).jpg,test\FAKE\609 (10).jpg,0.0,0
609 (2).jpg,test\FAKE\609 (2).jpg,0.0,0
609 (3).jpg,test\FAKE\609 (3).jpg,0.26217383,0
609 (4).jpg,test\FAKE\609 (4).jpg,0.0,0
609 (5).jpg,test\FAKE\609 (5).jpg,0.0,0
609 (6).jpg,test\FAKE\609 (6).jpg,0.0,0
609 (7).jpg,test\FAKE\609 (7).jpg,0.0,0
609 (8).jpg,test\FAKE\609 (8).jpg,0.0,0
609 (9).jpg,test\FAKE\609 (9).jpg,3.0994415e-06,0
609.jpg,test\FAKE\609.jpg,0.0,0
61 (10).jpg,test\FAKE\61 (10).jpg,7.748604e-07,0
61 (2).jpg,test\FAKE\61 (2).jpg,0.0,0
61 (3).jpg,test\FAKE\61 (3).jpg,2.6494265e-05,0
61 (4).jpg,test\FAKE\61 (4).jpg,0.0,0
61 (5).jpg,test\FAKE\61 (5).jpg,0.0,0
61 (6).jpg,test\FAKE\61 (6).jpg,0.0034520328,0
61 (7).jpg,test\FAKE\61 (7).jpg,0.0,0
61 (8).jpg,test\FAKE\61 (8).jpg,3.0994415e-06,0
61 (9).jpg,test\FAKE\61 (9).jpg,0.0,0
61.jpg,test\FAKE\61.jpg,0.0,0
610 (10).jpg,test\FAKE\610 (10).jpg,1.1920929e-07,0
610 (2).jpg,test\FAKE\610 (2).jpg,0.0,0
610 (3).jpg,test\FAKE\610 (3).jpg,0.0,0
610 (4).jpg,test\FAKE\610 (4).jpg,0.0,0
610 (5).jpg,test\FAKE\610 (5).jpg,0.0,0
610 (6).jpg,test\FAKE\610 (6).jpg,2.0861626e-07,0
610 (7).jpg,test\FAKE\610 (7).jpg,0.0,0
610 (8).jpg,test\FAKE\610 (8).jpg,0.0,0
610 (9).jpg,test\FAKE\610 (9).jpg,5.9604645e-06,0
610.jpg,test\FAKE\610.jpg,0.0,0
611 (10).jpg,test\FAKE\611 (10).jpg,6.854534e-07,0
611 (2).jpg,test\FAKE\611 (2).jpg,0.0,0
611 (3).jpg,test\FAKE\611 (3).jpg,0.0,0
611 (4).jpg,test\FAKE\611 (4).jpg,0.0,0
611 (5).jpg,test\FAKE\611 (5).jpg,0.0,0
611 (6).jpg,test\FAKE\611 (6).jpg,0.0,0
611 (7).jpg,test\FAKE\611 (7).jpg,0.0,0
611 (8).jpg,test\FAKE\611 (8).jpg,0.0,0
611 (9).jpg,test\FAKE\611 (9).jpg,0.0,0
611.jpg,test\FAKE\611.jpg,0.0,0
612 (10).jpg,test\FAKE\612 (10).jpg,0.0,0
612 (2).jpg,test\FAKE\612 (2).jpg,0.0,0
612 (3).jpg,test\FAKE\612 (3).jpg,2.6524067e-06,0
612 (4).jpg,test\FAKE\612 (4).jpg,0.0,0
612 (5).jpg,test\FAKE\612 (5).jpg,0.0,0
612 (6).jpg,test\FAKE\612 (6).jpg,0.0,0
612 (7).jpg,test\FAKE\612 (7).jpg,0.0,0
612 (8).jpg,test\FAKE\612 (8).jpg,0.0,0
612 (9).jpg,test\FAKE\612 (9).jpg,0.0,0
612.jpg,test\FAKE\612.jpg,0.0,0
613 (10).jpg,test\FAKE\613 (10).jpg,0.0,0
613 (2).jpg,test\FAKE\613 (2).jpg,0.0,0
613 (3).jpg,test\FAKE\613 (3).jpg,0.0,0
613 (4).jpg,test\FAKE\613 (4).jpg,0.0,0
613 (5).jpg,test\FAKE\613 (5).jpg,9.23872e-07,0
613 (6).jpg,test\FAKE\613 (6).jpg,0.0008724928,0
613 (7).jpg,test\FAKE\613 (7).jpg,6.264448e-05,0
613 (8).jpg,test\FAKE\613 (8).jpg,0.0,0
613 (9).jpg,test\FAKE\613 (9).jpg,0.0,0
613.jpg,test\FAKE\613.jpg,0.14290524,0
614 (10).jpg,test\FAKE\614 (10).jpg,0.0,0
614 (2).jpg,test\FAKE\614 (2).jpg,0.0,0
614 (3).jpg,test\FAKE\614 (3).jpg,9.23872e-07,0
614 (4).jpg,test\FAKE\614 (4).jpg,0.0,0
614 (5).jpg,test\FAKE\614 (5).jpg,7.212162e-06,0
614 (6).jpg,test\FAKE\614 (6).jpg,0.0,0
614 (7).jpg,test\FAKE\614 (7).jpg,0.0,0
614 (8).jpg,test\FAKE\614 (8).jpg,2.9802322e-08,0
614 (9).jpg,test\FAKE\614 (9).jpg,0.0,0
614.jpg,test\FAKE\614.jpg,3.1590462e-06,0
615 (10).jpg,test\FAKE\615 (10).jpg,0.0,0
615 (2).jpg,test\FAKE\615 (2).jpg,0.0,0
615 (3).jpg,test\FAKE\615 (3).jpg,0.0,0
615 (4).jpg,test\FAKE\615 (4).jpg,0.0002425015,0
615 (5).jpg,test\FAKE\615 (5).jpg,0.0,0
615 (6).jpg,test\FAKE\615 (6).jpg,0.0,0
615 (7).jpg,test\FAKE\615 (7).jpg,0.0,0
615 (8).jpg,test\FAKE\615 (8).jpg,2.682209e-07,0
615 (9).jpg,test\FAKE\615 (9).jpg,0.0066060126,0
615.jpg,test\FAKE\615.jpg,0.0,0
616 (10).jpg,test\FAKE\616 (10).jpg,0.0,0
616 (2).jpg,test\FAKE\616 (2).jpg,1.4901161e-07,0
616 (3).jpg,test\FAKE\616 (3).jpg,0.51600885,1
616 (4).jpg,test\FAKE\616 (4).jpg,0.0,0
616 (5).jpg,test\FAKE\616 (5).jpg,0.0,0
616 (6).jpg,test\FAKE\616 (6).jpg,0.0,0
616 (7).jpg,test\FAKE\616 (7).jpg,0.0,0
616 (8).jpg,test\FAKE\616 (8).jpg,0.0,0
616 (9).jpg,test\FAKE\616 (9).jpg,0.0,0
616.jpg,test\FAKE\616.jpg,0.5154285,1
617 (10).jpg,test\FAKE\617 (10).jpg,0.0,0
617 (2).jpg,test\FAKE\617 (2).jpg,0.0,0
617 (3).jpg,test\FAKE\617 (3).jpg,0.0001373291,0
617 (4).jpg,test\FAKE\617 (4).jpg,0.10653353,0
617 (5).jpg,test\FAKE\617 (5).jpg,0.0,0
617 (6).jpg,test\FAKE\617 (6).jpg,0.00071567297,0
617 (7).jpg,test\FAKE\617 (7).jpg,0.0,0
617 (8).jpg,test\FAKE\617 (8).jpg,0.0,0
617 (9).jpg,test\FAKE\617 (9).jpg,0.0006019473,0
617.jpg,test\FAKE\617.jpg,0.0,0
618 (10).jpg,test\FAKE\618 (10).jpg,0.00058069825,0
618 (2).jpg,test\FAKE\618 (2).jpg,0.0,0
618 (3).jpg,test\FAKE\618 (3).jpg,5.662441e-07,0
618 (4).jpg,test\FAKE\618 (4).jpg,0.0,0
618 (5).jpg,test\FAKE\618 (5).jpg,0.0,0
618 (6).jpg,test\FAKE\618 (6).jpg,0.0,0
618 (7).jpg,test\FAKE\618 (7).jpg,0.0,0
618 (8).jpg,test\FAKE\618 (8).jpg,0.0,0
618 (9).jpg,test\FAKE\618 (9).jpg,0.0,0
618.jpg,test\FAKE\618.jpg,1.0788441e-05,0
619 (10).jpg,test\FAKE\619 (10).jpg,0.0,0
619 (2).jpg,test\FAKE\619 (2).jpg,0.0,0
619 (3).jpg,test\FAKE\619 (3).jpg,0.069618106,0
619 (4).jpg,test\FAKE\619 (4).jpg,0.0,0
619 (5).jpg,test\FAKE\619 (5).jpg,0.0,0
619 (6).jpg,test\FAKE\619 (6).jpg,0.0,0
619 (7).jpg,test\FAKE\619 (7).jpg,0.0,0
619 (8).jpg,test\FAKE\619 (8).jpg,0.0010625124,0
619 (9).jpg,test\FAKE\619 (9).jpg,0.13827378,0
619.jpg,test\FAKE\619.jpg,0.0003412068,0
62 (10).jpg,test\FAKE\62 (10).jpg,0.0,0
62 (2).jpg,test\FAKE\62 (2).jpg,0.0,0
62 (3).jpg,test\FAKE\62 (3).jpg,0.60407454,1
62 (4).jpg,test\FAKE\62 (4).jpg,4.7683716e-07,0
62 (5).jpg,test\FAKE\62 (5).jpg,0.0,0
62 (6).jpg,test\FAKE\62 (6).jpg,0.0,0
62 (7).jpg,test\FAKE\62 (7).jpg,0.0,0
62 (8).jpg,test\FAKE\62 (8).jpg,0.0,0
62 (9).jpg,test\FAKE\62 (9).jpg,0.0,0
62.jpg,test\FAKE\62.jpg,0.0,0
620 (10).jpg,test\FAKE\620 (10).jpg,0.0498766,0
620 (2).jpg,test\FAKE\620 (2).jpg,7.2687864e-05,0
620 (3).jpg,test\FAKE\620 (3).jpg,0.0,0
620 (4).jpg,test\FAKE\620 (4).jpg,0.0,0
620 (5).jpg,test\FAKE\620 (5).jpg,0.0,0
620 (6).jpg,test\FAKE\620 (6).jpg,0.0,0
620 (7).jpg,test\FAKE\620 (7).jpg,0.0,0
620 (8).jpg,test\FAKE\620 (8).jpg,0.0,0
620 (9).jpg,test\FAKE\620 (9).jpg,5.662441e-07,0
620.jpg,test\FAKE\620.jpg,0.0055657923,0
621 (10).jpg,test\FAKE\621 (10).jpg,0.0,0
621 (2).jpg,test\FAKE\621 (2).jpg,1.1920929e-07,0
621 (3).jpg,test\FAKE\621 (3).jpg,0.0,0
621 (4).jpg,test\FAKE\621 (4).jpg,0.0,0
621 (5).jpg,test\FAKE\621 (5).jpg,0.0,0
621 (6).jpg,test\FAKE\621 (6).jpg,0.0,0
621 (7).jpg,test\FAKE\621 (7).jpg,0.0,0
621 (8).jpg,test\FAKE\621 (8).jpg,0.0,0
621 (9).jpg,test\FAKE\621 (9).jpg,0.0,0
621.jpg,test\FAKE\621.jpg,6.815791e-05,0
622 (10).jpg,test\FAKE\622 (10).jpg,0.0028294027,0
622 (2).jpg,test\FAKE\622 (2).jpg,0.0,0
622 (3).jpg,test\FAKE\622 (3).jpg,0.0,0
622 (4).jpg,test\FAKE\622 (4).jpg,0.0,0
622 (5).jpg,test\FAKE\622 (5).jpg,0.0,0
622 (6).jpg,test\FAKE\622 (6).jpg,0.0,0
622 (7).jpg,test\FAKE\622 (7).jpg,0.0,0
622 (8).jpg,test\FAKE\622 (8).jpg,0.0,0
622 (9).jpg,test\FAKE\622 (9).jpg,0.0,0
622.jpg,test\FAKE\622.jpg,0.0,0
623 (10).jpg,test\FAKE\623 (10).jpg,0.0,0
623 (2).jpg,test\FAKE\623 (2).jpg,0.0,0
623 (3).jpg,test\FAKE\623 (3).jpg,0.016602248,0
623 (4).jpg,test\FAKE\623 (4).jpg,5.8710575e-06,0
623 (5).jpg,test\FAKE\623 (5).jpg,0.0,0
623 (6).jpg,test\FAKE\623 (6).jpg,0.00013050437,0
623 (7).jpg,test\FAKE\623 (7).jpg,0.0,0
623 (8).jpg,test\FAKE\623 (8).jpg,0.0,0
623 (9).jpg,test\FAKE\623 (9).jpg,0.0,0
623.jpg,test\FAKE\623.jpg,9.655952e-06,0
624 (10).jpg,test\FAKE\624 (10).jpg,0.0,0
624 (2).jpg,test\FAKE\624 (2).jpg,2.2172928e-05,0
624 (3).jpg,test\FAKE\624 (3).jpg,5.066395e-07,0
624 (4).jpg,test\FAKE\624 (4).jpg,0.0,0
624 (5).jpg,test\FAKE\624 (5).jpg,0.0,0
624 (6).jpg,test\FAKE\624 (6).jpg,0.0,0
624 (7).jpg,test\FAKE\624 (7).jpg,0.0,0
624 (8).jpg,test\FAKE\624 (8).jpg,0.0,0
624 (9).jpg,test\FAKE\624 (9).jpg,2.9802322e-08,0
624.jpg,test\FAKE\624.jpg,3.1590462e-06,0
625 (10).jpg,test\FAKE\625 (10).jpg,0.0,0
625 (2).jpg,test\FAKE\625 (2).jpg,0.0,0
625 (3).jpg,test\FAKE\625 (3).jpg,0.0,0
625 (4).jpg,test\FAKE\625 (4).jpg,0.007967442,0
625 (5).jpg,test\FAKE\625 (5).jpg,0.0,0
625 (6).jpg,test\FAKE\625 (6).jpg,0.0,0
625 (7).jpg,test\FAKE\625 (7).jpg,0.0,0
625 (8).jpg,test\FAKE\625 (8).jpg,0.0,0
625 (9).jpg,test\FAKE\625 (9).jpg,0.0,0
625.jpg,test\FAKE\625.jpg,0.0017810166,0
626 (10).jpg,test\FAKE\626 (10).jpg,7.867813e-06,0
626 (2).jpg,test\FAKE\626 (2).jpg,0.0,0
626 (3).jpg,test\FAKE\626 (3).jpg,0.0,0
626 (4).jpg,test\FAKE\626 (4).jpg,8.940697e-08,0
626 (5).jpg,test\FAKE\626 (5).jpg,0.0,0
626 (6).jpg,test\FAKE\626 (6).jpg,0.0,0
626 (7).jpg,test\FAKE\626 (7).jpg,0.0,0
626 (8).jpg,test\FAKE\626 (8).jpg,1.758337e-06,0
626 (9).jpg,test\FAKE\626 (9).jpg,2.9802322e-08,0
626.jpg,test\FAKE\626.jpg,0.0,0
627 (10).jpg,test\FAKE\627 (10).jpg,0.0,0
627 (2).jpg,test\FAKE\627 (2).jpg,0.0,0
627 (3).jpg,test\FAKE\627 (3).jpg,1.1920929e-07,0
627 (4).jpg,test\FAKE\627 (4).jpg,5.9604645e-08,0
627 (5).jpg,test\FAKE\627 (5).jpg,0.0,0
627 (6).jpg,test\FAKE\627 (6).jpg,0.0004733801,0
627 (7).jpg,test\FAKE\627 (7).jpg,0.0,0
627 (8).jpg,test\FAKE\627 (8).jpg,0.0,0
627 (9).jpg,test\FAKE\627 (9).jpg,0.0,0
627.jpg,test\FAKE\627.jpg,0.0064029396,0
628 (10).jpg,test\FAKE\628 (10).jpg,6.28829e-06,0
628 (2).jpg,test\FAKE\628 (2).jpg,0.0,0
628 (3).jpg,test\FAKE\628 (3).jpg,0.0005285144,0
628 (4).jpg,test\FAKE\628 (4).jpg,0.0,0
628 (5).jpg,test\FAKE\628 (5).jpg,0.0,0
628 (6).jpg,test\FAKE\628 (6).jpg,9.23872e-07,0
628 (7).jpg,test\FAKE\628 (7).jpg,0.0,0
628 (8).jpg,test\FAKE\628 (8).jpg,0.0,0
628 (9).jpg,test\FAKE\628 (9).jpg,1.8179417e-06,0
628.jpg,test\FAKE\628.jpg,0.0,0
629 (10).jpg,test\FAKE\629 (10).jpg,0.0,0
629 (2).jpg,test\FAKE\629 (2).jpg,0.0,0
629 (3).jpg,test\FAKE\629 (3).jpg,0.0,0
629 (4).jpg,test\FAKE\629 (4).jpg,0.0,0
629 (5).jpg,test\FAKE\629 (5).jpg,0.0,0
629 (6).jpg,test\FAKE\629 (6).jpg,0.0,0
629 (7).jpg,test\FAKE\629 (7).jpg,0.0,0
629 (8).jpg,test\FAKE\629 (8).jpg,4.348159e-05,0
629 (9).jpg,test\FAKE\629 (9).jpg,5.9604645e-08,0
629.jpg,test\FAKE\629.jpg,0.0,0
63 (10).jpg,test\FAKE\63 (10).jpg,0.0,0
63 (2).jpg,test\FAKE\63 (2).jpg,0.0,0
63 (3).jpg,test\FAKE\63 (3).jpg,0.0064155757,0
63 (4).jpg,test\FAKE\63 (4).jpg,8.136034e-06,0
63 (5).jpg,test\FAKE\63 (5).jpg,0.0014182627,0
63 (6).jpg,test\FAKE\63 (6).jpg,0.0,0
63 (7).jpg,test\FAKE\63 (7).jpg,0.0,0
63 (8).jpg,test\FAKE\63 (8).jpg,0.0,0
63 (9).jpg,test\FAKE\63 (9).jpg,0.0,0
63.jpg,test\FAKE\63.jpg,0.0,0
630 (10).jpg,test\FAKE\630 (10).jpg,2.771616e-06,0
630 (2).jpg,test\FAKE\630 (2).jpg,0.0,0
630 (3).jpg,test\FAKE\630 (3).jpg,0.0,0
630 (4).jpg,test\FAKE\630 (4).jpg,0.0,0
630 (5).jpg,test\FAKE\630 (5).jpg,0.0,0
630 (6).jpg,test\FAKE\630 (6).jpg,0.0,0
630 (7).jpg,test\FAKE\630 (7).jpg,0.0,0
630 (8).jpg,test\FAKE\630 (8).jpg,2.3841858e-07,0
630 (9).jpg,test\FAKE\630 (9).jpg,0.0,0
630.jpg,test\FAKE\630.jpg,0.0,0
631 (10).jpg,test\FAKE\631 (10).jpg,5.9604645e-08,0
631 (2).jpg,test\FAKE\631 (2).jpg,0.0,0
631 (3).jpg,test\FAKE\631 (3).jpg,0.0,0
631 (4).jpg,test\FAKE\631 (4).jpg,0.0,0
631 (5).jpg,test\FAKE\631 (5).jpg,0.0,0
631 (6).jpg,test\FAKE\631 (6).jpg,3.3080578e-06,0
631 (7).jpg,test\FAKE\631 (7).jpg,0.0,0
631 (8).jpg,test\FAKE\631 (8).jpg,0.0,0
631 (9).jpg,test\FAKE\631 (9).jpg,0.0,0
631.jpg,test\FAKE\631.jpg,0.0,0
632 (10).jpg,test\FAKE\632 (10).jpg,0.0,0
632 (2).jpg,test\FAKE\632 (2).jpg,8.940697e-08,0
632 (3).jpg,test\FAKE\632 (3).jpg,0.00011959672,0
632 (4).jpg,test\FAKE\632 (4).jpg,0.0,0
632 (5).jpg,test\FAKE\632 (5).jpg,0.0,0
632 (6).jpg,test\FAKE\632 (6).jpg,0.0,0
632 (7).jpg,test\FAKE\632 (7).jpg,0.0,0
632 (8).jpg,test\FAKE\632 (8).jpg,0.0,0
632 (9).jpg,test\FAKE\632 (9).jpg,0.014323771,0
632.jpg,test\FAKE\632.jpg,3.5762787e-06,0
633 (10).jpg,test\FAKE\633 (10).jpg,0.014202833,0
633 (2).jpg,test\FAKE\633 (2).jpg,0.0,0
633 (3).jpg,test\FAKE\633 (3).jpg,1.4901161e-07,0
633 (4).jpg,test\FAKE\633 (4).jpg,0.0,0
633 (5).jpg,test\FAKE\633 (5).jpg,0.0,0
633 (6).jpg,test\FAKE\633 (6).jpg,0.0,0
633 (7).jpg,test\FAKE\633 (7).jpg,0.0,0
633 (8).jpg,test\FAKE\633 (8).jpg,8.493662e-06,0
633 (9).jpg,test\FAKE\633 (9).jpg,0.00033807755,0
633.jpg,test\FAKE\633.jpg,0.0020079017,0
634 (10).jpg,test\FAKE\634 (10).jpg,3.8444996e-06,0
634 (2).jpg,test\FAKE\634 (2).jpg,0.16805485,0
634 (3).jpg,test\FAKE\634 (3).jpg,4.094839e-05,0
634 (4).jpg,test\FAKE\634 (4).jpg,5.096197e-06,0
634 (5).jpg,test\FAKE\634 (5).jpg,5.9604645e-08,0
634 (6).jpg,test\FAKE\634 (6).jpg,0.0,0
634 (7).jpg,test\FAKE\634 (7).jpg,0.0,0
634 (8).jpg,test\FAKE\634 (8).jpg,0.0,0
634 (9).jpg,test\FAKE\634 (9).jpg,0.0,0
634.jpg,test\FAKE\634.jpg,2.682209e-07,0
635 (10).jpg,test\FAKE\635 (10).jpg,0.0,0
635 (2).jpg,test\FAKE\635 (2).jpg,0.0,0
635 (3).jpg,test\FAKE\635 (3).jpg,1.7881393e-07,0
635 (4).jpg,test\FAKE\635 (4).jpg,0.0,0
635 (5).jpg,test\FAKE\635 (5).jpg,0.0,0
635 (6).jpg,test\FAKE\635 (6).jpg,0.0,0
635 (7).jpg,test\FAKE\635 (7).jpg,0.0,0
635 (8).jpg,test\FAKE\635 (8).jpg,0.0,0
635 (9).jpg,test\FAKE\635 (9).jpg,0.0,0
635.jpg,test\FAKE\635.jpg,0.00015002489,0
636 (10).jpg,test\FAKE\636 (10).jpg,0.0,0
636 (2).jpg,test\FAKE\636 (2).jpg,0.0,0
636 (3).jpg,test\FAKE\636 (3).jpg,2.6226044e-06,0
636 (4).jpg,test\FAKE\636 (4).jpg,0.0,0
636 (5).jpg,test\FAKE\636 (5).jpg,0.00031095743,0
636 (6).jpg,test\FAKE\636 (6).jpg,0.0,0
636 (7).jpg,test\FAKE\636 (7).jpg,0.0,0
636 (8).jpg,test\FAKE\636 (8).jpg,0.0,0
636 (9).jpg,test\FAKE\636 (9).jpg,0.0,0
636.jpg,test\FAKE\636.jpg,0.0,0
637 (10).jpg,test\FAKE\637 (10).jpg,0.0,0
637 (2).jpg,test\FAKE\637 (2).jpg,0.0,0
637 (3).jpg,test\FAKE\637 (3).jpg,0.0,0
637 (4).jpg,test\FAKE\637 (4).jpg,0.0,0
637 (5).jpg,test\FAKE\637 (5).jpg,0.0,0
637 (6).jpg,test\FAKE\637 (6).jpg,7.748604e-07,0
637 (7).jpg,test\FAKE\637 (7).jpg,0.0,0
637 (8).jpg,test\FAKE\637 (8).jpg,0.0,0
637 (9).jpg,test\FAKE\637 (9).jpg,1.809001e-05,0
637.jpg,test\FAKE\637.jpg,9.536743e-05,0
638 (10).jpg,test\FAKE\638 (10).jpg,0.0,0
638 (2).jpg,test\FAKE\638 (2).jpg,0.0,0
638 (3).jpg,test\FAKE\638 (3).jpg,0.0,0
638 (4).jpg,test\FAKE\638 (4).jpg,0.0,0
638 (5).jpg,test\FAKE\638 (5).jpg,8.6426735e-06,0
638 (6).jpg,test\FAKE\638 (6).jpg,0.0,0
638 (7).jpg,test\FAKE\638 (7).jpg,0.0,0
638 (8).jpg,test\FAKE\638 (8).jpg,0.0005352497,0
638 (9).jpg,test\FAKE\638 (9).jpg,0.0,0
638.jpg,test\FAKE\638.jpg,7.212162e-06,0
639 (10).jpg,test\FAKE\639 (10).jpg,0.0,0
639 (2).jpg,test\FAKE\639 (2).jpg,1.1920929e-07,0
639 (3).jpg,test\FAKE\639 (3).jpg,0.0,0
639 (4).jpg,test\FAKE\639 (4).jpg,4.953146e-05,0
639 (5).jpg,test\FAKE\639 (5).jpg,0.0,0
639 (6).jpg,test\FAKE\639 (6).jpg,2.9802322e-08,0
639 (7).jpg,test\FAKE\639 (7).jpg,0.0,0
639 (8).jpg,test\FAKE\639 (8).jpg,0.0,0
639 (9).jpg,test\FAKE\639 (9).jpg,0.0,0
639.jpg,test\FAKE\639.jpg,0.0,0
64 (10).jpg,test\FAKE\64 (10).jpg,0.0,0
64 (2).jpg,test\FAKE\64 (2).jpg,0.0,0
64 (3).jpg,test\FAKE\64 (3).jpg,0.9203688,1
64 (4).jpg,test\FAKE\64 (4).jpg,0.0,0
64 (5).jpg,test\FAKE\64 (5).jpg,0.008534461,0
64 (6).jpg,test\FAKE\64 (6).jpg,1.3113022e-06,0
64 (7).jpg,test\FAKE\64 (7).jpg,0.0,0
64 (8).jpg,test\FAKE\64 (8).jpg,0.0,0
64 (9).jpg,test\FAKE\64 (9).jpg,0.00080510974,0
64.jpg,test\FAKE\64.jpg,0.0,0
640 (10).jpg,test\FAKE\640 (10).jpg,0.0,0
640 (2).jpg,test\FAKE\640 (2).jpg,0.0,0
640 (3).jpg,test\FAKE\640 (3).jpg,0.99126637,1
640 (4).jpg,test\FAKE\640 (4).jpg,0.0,0
640 (5).jpg,test\FAKE\640 (5).jpg,0.0,0
640 (6).jpg,test\FAKE\640 (6).jpg,0.0,0
640 (7).jpg,test\FAKE\640 (7).jpg,0.0,0
640 (8).jpg,test\FAKE\640 (8).jpg,0.00018268824,0
640 (9).jpg,test\FAKE\640 (9).jpg,0.0,0
640.jpg,test\FAKE\640.jpg,0.0,0
641 (10).jpg,test\FAKE\641 (10).jpg,0.0,0
641 (2).jpg,test\FAKE\641 (2).jpg,1.4305115e-06,0
641 (3).jpg,test\FAKE\641 (3).jpg,0.0,0
641 (4).jpg,test\FAKE\641 (4).jpg,0.0,0
641 (5).jpg,test\FAKE\641 (5).jpg,0.0005300641,0
641 (6).jpg,test\FAKE\641 (6).jpg,0.014735043,0
641 (7).jpg,test\FAKE\641 (7).jpg,0.0,0
641 (8).jpg,test\FAKE\641 (8).jpg,0.0,0
641 (9).jpg,test\FAKE\641 (9).jpg,0.0,0
641.jpg,test\FAKE\641.jpg,0.0,0
642 (10).jpg,test\FAKE\642 (10).jpg,0.0,0
642 (2).jpg,test\FAKE\642 (2).jpg,8.6426735e-07,0
642 (3).jpg,test\FAKE\642 (3).jpg,0.016556919,0
642 (4).jpg,test\FAKE\642 (4).jpg,0.0,0
642 (5).jpg,test\FAKE\642 (5).jpg,0.0,0
642 (6).jpg,test\FAKE\642 (6).jpg,3.20971e-05,0
642 (7).jpg,test\FAKE\642 (7).jpg,0.0,0
642 (8).jpg,test\FAKE\642 (8).jpg,0.0,0
642 (9).jpg,test\FAKE\642 (9).jpg,0.0,0
642.jpg,test\FAKE\642.jpg,0.0,0
643 (10).jpg,test\FAKE\643 (10).jpg,0.0,0
643 (2).jpg,test\FAKE\643 (2).jpg,0.0,0
643 (3).jpg,test\FAKE\643 (3).jpg,0.0,0
643 (4).jpg,test\FAKE\643 (4).jpg,0.0,0
643 (5).jpg,test\FAKE\643 (5).jpg,0.0,0
643 (6).jpg,test\FAKE\643 (6).jpg,0.0,0
643 (7).jpg,test\FAKE\643 (7).jpg,0.0,0
643 (8).jpg,test\FAKE\643 (8).jpg,0.0,0
643 (9).jpg,test\FAKE\643 (9).jpg,8.225441e-06,0
643.jpg,test\FAKE\643.jpg,0.0,0
644 (10).jpg,test\FAKE\644 (10).jpg,0.074765414,0
644 (2).jpg,test\FAKE\644 (2).jpg,0.0,0
644 (3).jpg,test\FAKE\644 (3).jpg,0.0,0
644 (4).jpg,test\FAKE\644 (4).jpg,0.0,0
644 (5).jpg,test\FAKE\644 (5).jpg,0.0,0
644 (6).jpg,test\FAKE\644 (6).jpg,0.0,0
644 (7).jpg,test\FAKE\644 (7).jpg,0.0,0
644 (8).jpg,test\FAKE\644 (8).jpg,8.940697e-08,0
644 (9).jpg,test\FAKE\644 (9).jpg,0.0,0
644.jpg,test\FAKE\644.jpg,0.0,0
645 (10).jpg,test\FAKE\645 (10).jpg,0.0,0
645 (2).jpg,test\FAKE\645 (2).jpg,0.0,0
645 (3).jpg,test\FAKE\645 (3).jpg,0.0,0
645 (4).jpg,test\FAKE\645 (4).jpg,0.0,0
645 (5).jpg,test\FAKE\645 (5).jpg,4.172325e-07,0
645 (6).jpg,test\FAKE\645 (6).jpg,0.0,0
645 (7).jpg,test\FAKE\645 (7).jpg,0.0,0
645 (8).jpg,test\FAKE\645 (8).jpg,0.0,0
645 (9).jpg,test\FAKE\645 (9).jpg,1.1384487e-05,0
645.jpg,test\FAKE\645.jpg,0.067362696,0
646 (10).jpg,test\FAKE\646 (10).jpg,0.0,0
646 (2).jpg,test\FAKE\646 (2).jpg,0.0,0
646 (3).jpg,test\FAKE\646 (3).jpg,0.27883655,0
646 (4).jpg,test\FAKE\646 (4).jpg,0.0,0
646 (5).jpg,test\FAKE\646 (5).jpg,0.0,0
646 (6).jpg,test\FAKE\646 (6).jpg,2.4437904e-06,0
646 (7).jpg,test\FAKE\646 (7).jpg,0.0,0
646 (8).jpg,test\FAKE\646 (8).jpg,0.0,0
646 (9).jpg,test\FAKE\646 (9).jpg,2.771616e-06,0
646.jpg,test\FAKE\646.jpg,0.0,0
647 (10).jpg,test\FAKE\647 (10).jpg,0.0,0
647 (2).jpg,test\FAKE\647 (2).jpg,0.0,0
647 (3).jpg,test\FAKE\647 (3).jpg,0.0,0
647 (4).jpg,test\FAKE\647 (4).jpg,0.0,0
647 (5).jpg,test\FAKE\647 (5).jpg,0.0,0
647 (6).jpg,test\FAKE\647 (6).jpg,0.004209459,0
647 (7).jpg,test\FAKE\647 (7).jpg,7.748604e-07,0
647 (8).jpg,test\FAKE\647 (8).jpg,5.662441e-07,0
647 (9).jpg,test\FAKE\647 (9).jpg,0.03789231,0
647.jpg,test\FAKE\647.jpg,0.0,0
648 (10).jpg,test\FAKE\648 (10).jpg,0.0,0
648 (2).jpg,test\FAKE\648 (2).jpg,0.0,0
648 (3).jpg,test\FAKE\648 (3).jpg,0.0,0
648 (4).jpg,test\FAKE\648 (4).jpg,6.735325e-06,0
648 (5).jpg,test\FAKE\648 (5).jpg,0.0,0
648 (6).jpg,test\FAKE\648 (6).jpg,0.0,0
648 (7).jpg,test\FAKE\648 (7).jpg,0.0,0
648 (8).jpg,test\FAKE\648 (8).jpg,0.9995905,1
648 (9).jpg,test\FAKE\648 (9).jpg,2.9802322e-07,0
648.jpg,test\FAKE\648.jpg,0.0015684068,0
649 (10).jpg,test\FAKE\649 (10).jpg,0.0,0
649 (2).jpg,test\FAKE\649 (2).jpg,0.0003824532,0
649 (3).jpg,test\FAKE\649 (3).jpg,8.046627e-07,0
649 (4).jpg,test\FAKE\649 (4).jpg,0.0,0
649 (5).jpg,test\FAKE\649 (5).jpg,0.00038665533,0
649 (6).jpg,test\FAKE\649 (6).jpg,1.1920929e-07,0
649 (7).jpg,test\FAKE\649 (7).jpg,0.0,0
649 (8).jpg,test\FAKE\649 (8).jpg,0.0,0
649 (9).jpg,test\FAKE\649 (9).jpg,2.2500753e-05,0
649.jpg,test\FAKE\649.jpg,0.0,0
65 (10).jpg,test\FAKE\65 (10).jpg,2.3543835e-06,0
65 (2).jpg,test\FAKE\65 (2).jpg,0.009446263,0
65 (3).jpg,test\FAKE\65 (3).jpg,4.7683716e-07,0
65 (4).jpg,test\FAKE\65 (4).jpg,0.0,0
65 (5).jpg,test\FAKE\65 (5).jpg,0.0,0
65 (6).jpg,test\FAKE\65 (6).jpg,1.847744e-06,0
65 (7).jpg,test\FAKE\65 (7).jpg,0.0,0
65 (8).jpg,test\FAKE\65 (8).jpg,1.7344952e-05,0
65 (9).jpg,test\FAKE\65 (9).jpg,0.0,0
65.jpg,test\FAKE\65.jpg,2.1457672e-06,0
650 (10).jpg,test\FAKE\650 (10).jpg,0.0,0
650 (2).jpg,test\FAKE\650 (2).jpg,0.0,0
650 (3).jpg,test\FAKE\650 (3).jpg,0.0,0
650 (4).jpg,test\FAKE\650 (4).jpg,0.0,0
650 (5).jpg,test\FAKE\650 (5).jpg,0.0,0
650 (6).jpg,test\FAKE\650 (6).jpg,2.9802322e-08,0
650 (7).jpg,test\FAKE\650 (7).jpg,0.0,0
650 (8).jpg,test\FAKE\650 (8).jpg,0.0,0
650 (9).jpg,test\FAKE\650 (9).jpg,0.0,0
650.jpg,test\FAKE\650.jpg,0.0,0
651 (10).jpg,test\FAKE\651 (10).jpg,0.0,0
651 (2).jpg,test\FAKE\651 (2).jpg,0.0,0
651 (3).jpg,test\FAKE\651 (3).jpg,0.0,0
651 (4).jpg,test\FAKE\651 (4).jpg,0.00060138106,0
651 (5).jpg,test\FAKE\651 (5).jpg,0.0,0
651 (6).jpg,test\FAKE\651 (6).jpg,0.0,0
651 (7).jpg,test\FAKE\651 (7).jpg,0.0,0
651 (8).jpg,test\FAKE\651 (8).jpg,0.13660967,0
651 (9).jpg,test\FAKE\651 (9).jpg,3.8146973e-06,0
651.jpg,test\FAKE\651.jpg,0.0,0
652 (10).jpg,test\FAKE\652 (10).jpg,0.0,0
652 (2).jpg,test\FAKE\652 (2).jpg,0.0,0
652 (3).jpg,test\FAKE\652 (3).jpg,0.0015571415,0
652 (4).jpg,test\FAKE\652 (4).jpg,1.6093254e-06,0
652 (5).jpg,test\FAKE\652 (5).jpg,0.0,0
652 (6).jpg,test\FAKE\652 (6).jpg,0.0,0
652 (7).jpg,test\FAKE\652 (7).jpg,0.0,0
652 (8).jpg,test\FAKE\652 (8).jpg,0.0,0
652 (9).jpg,test\FAKE\652 (9).jpg,0.0,0
652.jpg,test\FAKE\652.jpg,0.0,0
653 (10).jpg,test\FAKE\653 (10).jpg,0.0,0
653 (2).jpg,test\FAKE\653 (2).jpg,0.0,0
653 (3).jpg,test\FAKE\653 (3).jpg,0.0,0
653 (4).jpg,test\FAKE\653 (4).jpg,0.0,0
653 (5).jpg,test\FAKE\653 (5).jpg,0.0,0
653 (6).jpg,test\FAKE\653 (6).jpg,0.00020253658,0
653 (7).jpg,test\FAKE\653 (7).jpg,5.364418e-07,0
653 (8).jpg,test\FAKE\653 (8).jpg,0.0,0
653 (9).jpg,test\FAKE\653 (9).jpg,0.0011748075,0
653.jpg,test\FAKE\653.jpg,0.0,0
654 (10).jpg,test\FAKE\654 (10).jpg,0.0,0
654 (2).jpg,test\FAKE\654 (2).jpg,0.0,0
654 (3).jpg,test\FAKE\654 (3).jpg,5.364418e-07,0
654 (4).jpg,test\FAKE\654 (4).jpg,0.0,0
654 (5).jpg,test\FAKE\654 (5).jpg,0.0,0
654 (6).jpg,test\FAKE\654 (6).jpg,0.0,0
654 (7).jpg,test\FAKE\654 (7).jpg,0.0,0
654 (8).jpg,test\FAKE\654 (8).jpg,0.0,0
654 (9).jpg,test\FAKE\654 (9).jpg,0.0,0
654.jpg,test\FAKE\654.jpg,0.0,0
655 (10).jpg,test\FAKE\655 (10).jpg,0.0,0
655 (2).jpg,test\FAKE\655 (2).jpg,0.0,0
655 (3).jpg,test\FAKE\655 (3).jpg,0.0066054165,0
655 (4).jpg,test\FAKE\655 (4).jpg,0.0,0
655 (5).jpg,test\FAKE\655 (5).jpg,0.0,0
655 (6).jpg,test\FAKE\655 (6).jpg,0.0,0
655 (7).jpg,test\FAKE\655 (7).jpg,0.0,0
655 (8).jpg,test\FAKE\655 (8).jpg,0.0,0
655 (9).jpg,test\FAKE\655 (9).jpg,0.0,0
655.jpg,test\FAKE\655.jpg,0.0045628846,0
656 (10).jpg,test\FAKE\656 (10).jpg,0.00038185716,0
656 (2).jpg,test\FAKE\656 (2).jpg,0.0,0
656 (3).jpg,test\FAKE\656 (3).jpg,2.8312206e-06,0
656 (4).jpg,test\FAKE\656 (4).jpg,0.0,0
656 (5).jpg,test\FAKE\656 (5).jpg,5.066395e-07,0
656 (6).jpg,test\FAKE\656 (6).jpg,0.0,0
656 (7).jpg,test\FAKE\656 (7).jpg,0.0,0
656 (8).jpg,test\FAKE\656 (8).jpg,0.0,0
656 (9).jpg,test\FAKE\656 (9).jpg,0.0,0
656.jpg,test\FAKE\656.jpg,0.00027954578,0
657 (10).jpg,test\FAKE\657 (10).jpg,5.9604645e-08,0
657 (2).jpg,test\FAKE\657 (2).jpg,0.0,0
657 (3).jpg,test\FAKE\657 (3).jpg,0.99999946,1
657 (4).jpg,test\FAKE\657 (4).jpg,0.0,0
657 (5).jpg,test\FAKE\657 (5).jpg,0.0,0
657 (6).jpg,test\FAKE\657 (6).jpg,0.0,0
657 (7).jpg,test\FAKE\657 (7).jpg,0.0,0
657 (8).jpg,test\FAKE\657 (8).jpg,0.0,0
657 (9).jpg,test\FAKE\657 (9).jpg,0.0,0
657.jpg,test\FAKE\657.jpg,3.671646e-05,0
658 (10).jpg,test\FAKE\658 (10).jpg,0.0,0
658 (2).jpg,test\FAKE\658 (2).jpg,1.3411045e-06,0
658 (3).jpg,test\FAKE\658 (3).jpg,0.0,0
658 (4).jpg,test\FAKE\658 (4).jpg,0.012679338,0
658 (5).jpg,test\FAKE\658 (5).jpg,0.0,0
658 (6).jpg,test\FAKE\658 (6).jpg,0.0,0
658 (7).jpg,test\FAKE\658 (7).jpg,0.0,0
658 (8).jpg,test\FAKE\658 (8).jpg,0.0,0
658 (9).jpg,test\FAKE\658 (9).jpg,0.0,0
658.jpg,test\FAKE\658.jpg,0.0,0
659 (10).jpg,test\FAKE\659 (10).jpg,0.0,0
659 (2).jpg,test\FAKE\659 (2).jpg,0.0,0
659 (3).jpg,test\FAKE\659 (3).jpg,0.019411325,0
659 (4).jpg,test\FAKE\659 (4).jpg,0.0,0
659 (5).jpg,test\FAKE\659 (5).jpg,0.0,0
659 (6).jpg,test\FAKE\659 (6).jpg,1.1920929e-07,0
659 (7).jpg,test\FAKE\659 (7).jpg,0.0,0
659 (8).jpg,test\FAKE\659 (8).jpg,0.018760055,0
659 (9).jpg,test\FAKE\659 (9).jpg,0.0,0
659.jpg,test\FAKE\659.jpg,0.09064728,0
66 (10).jpg,test\FAKE\66 (10).jpg,0.0027745366,0
66 (2).jpg,test\FAKE\66 (2).jpg,0.0,0
66 (3).jpg,test\FAKE\66 (3).jpg,0.0,0
66 (4).jpg,test\FAKE\66 (4).jpg,0.0,0
66 (5).jpg,test\FAKE\66 (5).jpg,0.0,0
66 (6).jpg,test\FAKE\66 (6).jpg,0.0,0
66 (7).jpg,test\FAKE\66 (7).jpg,0.0,0
66 (8).jpg,test\FAKE\66 (8).jpg,0.0,0
66 (9).jpg,test\FAKE\66 (9).jpg,6.854534e-07,0
66.jpg,test\FAKE\66.jpg,0.0,0
660 (10).jpg,test\FAKE\660 (10).jpg,0.0,0
660 (2).jpg,test\FAKE\660 (2).jpg,0.0,0
660 (3).jpg,test\FAKE\660 (3).jpg,0.0026999712,0
660 (4).jpg,test\FAKE\660 (4).jpg,0.0,0
660 (5).jpg,test\FAKE\660 (5).jpg,0.0,0
660 (6).jpg,test\FAKE\660 (6).jpg,0.0,0
660 (7).jpg,test\FAKE\660 (7).jpg,0.0,0
660 (8).jpg,test\FAKE\660 (8).jpg,0.0,0
660 (9).jpg,test\FAKE\660 (9).jpg,0.0,0
660.jpg,test\FAKE\660.jpg,3.695488e-06,0
661 (10).jpg,test\FAKE\661 (10).jpg,0.0,0
661 (2).jpg,test\FAKE\661 (2).jpg,0.0,0
661 (3).jpg,test\FAKE\661 (3).jpg,0.0033009946,0
661 (4).jpg,test\FAKE\661 (4).jpg,0.0,0
661 (5).jpg,test\FAKE\661 (5).jpg,0.0,0
661 (6).jpg,test\FAKE\661 (6).jpg,0.0,0
661 (7).jpg,test\FAKE\661 (7).jpg,0.0,0
661 (8).jpg,test\FAKE\661 (8).jpg,0.0,0
661 (9).jpg,test\FAKE\661 (9).jpg,0.00078096986,0
661.jpg,test\FAKE\661.jpg,0.0,0
662 (10).jpg,test\FAKE\662 (10).jpg,0.0,0
662 (2).jpg,test\FAKE\662 (2).jpg,0.0,0
662 (3).jpg,test\FAKE\662 (3).jpg,5.543232e-06,0
662 (4).jpg,test\FAKE\662 (4).jpg,0.0013968647,0
662 (5).jpg,test\FAKE\662 (5).jpg,0.0,0
662 (6).jpg,test\FAKE\662 (6).jpg,0.0,0
662 (7).jpg,test\FAKE\662 (7).jpg,0.0,0
662 (8).jpg,test\FAKE\662 (8).jpg,0.0,0
662 (9).jpg,test\FAKE\662 (9).jpg,0.0019184947,0
662.jpg,test\FAKE\662.jpg,0.000114917755,0
663 (10).jpg,test\FAKE\663 (10).jpg,0.0,0
663 (2).jpg,test\FAKE\663 (2).jpg,0.0,0
663 (3).jpg,test\FAKE\663 (3).jpg,2.1994114e-05,0
663 (4).jpg,test\FAKE\663 (4).jpg,0.01688087,0
663 (5).jpg,test\FAKE\663 (5).jpg,0.0,0
663 (6).jpg,test\FAKE\663 (6).jpg,0.0,0
663 (7).jpg,test\FAKE\663 (7).jpg,0.0,0
663 (8).jpg,test\FAKE\663 (8).jpg,0.0,0
663 (9).jpg,test\FAKE\663 (9).jpg,3.2782555e-07,0
663.jpg,test\FAKE\663.jpg,0.004541993,0
664 (10).jpg,test\FAKE\664 (10).jpg,3.784895e-06,0
664 (2).jpg,test\FAKE\664 (2).jpg,0.0,0
664 (3).jpg,test\FAKE\664 (3).jpg,1.4901161e-07,0
664 (4).jpg,test\FAKE\664 (4).jpg,0.0,0
664 (5).jpg,test\FAKE\664 (5).jpg,0.007363081,0
664 (6).jpg,test\FAKE\664 (6).jpg,2.4437904e-06,0
664 (7).jpg,test\FAKE\664 (7).jpg,0.0,0
664 (8).jpg,test\FAKE\664 (8).jpg,0.0,0
664 (9).jpg,test\FAKE\664 (9).jpg,0.0,0
664.jpg,test\FAKE\664.jpg,0.00052142143,0
665 (10).jpg,test\FAKE\665 (10).jpg,0.0,0
665 (2).jpg,test\FAKE\665 (2).jpg,0.0,0
665 (3).jpg,test\FAKE\665 (3).jpg,0.0007133484,0
665 (4).jpg,test\FAKE\665 (4).jpg,5.51939e-05,0
665 (5).jpg,test\FAKE\665 (5).jpg,6.854534e-07,0
665 (6).jpg,test\FAKE\665 (6).jpg,2.9802322e-08,0
665 (7).jpg,test\FAKE\665 (7).jpg,0.0,0
665 (8).jpg,test\FAKE\665 (8).jpg,0.0,0
665 (9).jpg,test\FAKE\665 (9).jpg,0.0,0
665.jpg,test\FAKE\665.jpg,0.0,0
666 (10).jpg,test\FAKE\666 (10).jpg,0.0,0
666 (2).jpg,test\FAKE\666 (2).jpg,0.0,0
666 (3).jpg,test\FAKE\666 (3).jpg,2.9802322e-08,0
666 (4).jpg,test\FAKE\666 (4).jpg,0.0,0
666 (5).jpg,test\FAKE\666 (5).jpg,0.0,0
666 (6).jpg,test\FAKE\666 (6).jpg,0.0,0
666 (7).jpg,test\FAKE\666 (7).jpg,0.0,0
666 (8).jpg,test\FAKE\666 (8).jpg,0.0,0
666 (9).jpg,test\FAKE\666 (9).jpg,0.0,0
666.jpg,test\FAKE\666.jpg,0.0,0
667 (10).jpg,test\FAKE\667 (10).jpg,0.0,0
667 (2).jpg,test\FAKE\667 (2).jpg,0.0,0
667 (3).jpg,test\FAKE\667 (3).jpg,0.0,0
667 (4).jpg,test\FAKE\667 (4).jpg,0.0,0
667 (5).jpg,test\FAKE\667 (5).jpg,5.9604645e-08,0
667 (6).jpg,test\FAKE\667 (6).jpg,0.0,0
667 (7).jpg,test\FAKE\667 (7).jpg,0.0,0
667 (8).jpg,test\FAKE\667 (8).jpg,0.0,0
667 (9).jpg,test\FAKE\667 (9).jpg,1.2814999e-06,0
667.jpg,test\FAKE\667.jpg,5.9604645e-08,0
668 (10).jpg,test\FAKE\668 (10).jpg,0.0,0
668 (2).jpg,test\FAKE\668 (2).jpg,0.0,0
668 (3).jpg,test\FAKE\668 (3).jpg,0.0006568432,0
668 (4).jpg,test\FAKE\668 (4).jpg,0.0004633069,0
668 (5).jpg,test\FAKE\668 (5).jpg,0.0,0
668 (6).jpg,test\FAKE\668 (6).jpg,0.0,0
668 (7).jpg,test\FAKE\668 (7).jpg,0.0,0
668 (8).jpg,test\FAKE\668 (8).jpg,0.0,0
668 (9).jpg,test\FAKE\668 (9).jpg,6.198883e-06,0
668.jpg,test\FAKE\668.jpg,0.0,0
669 (10).jpg,test\FAKE\669 (10).jpg,0.0,0
669 (2).jpg,test\FAKE\669 (2).jpg,0.0,0
669 (3).jpg,test\FAKE\669 (3).jpg,3.5762787e-07,0
669 (4).jpg,test\FAKE\669 (4).jpg,0.0,0
669 (5).jpg,test\FAKE\669 (5).jpg,0.0,0
669 (6).jpg,test\FAKE\669 (6).jpg,0.0,0
669 (7).jpg,test\FAKE\669 (7).jpg,0.0,0
669 (8).jpg,test\FAKE\669 (8).jpg,0.0,0
669 (9).jpg,test\FAKE\669 (9).jpg,0.0,0
669.jpg,test\FAKE\669.jpg,0.0,0
67 (10).jpg,test\FAKE\67 (10).jpg,0.0,0
67 (2).jpg,test\FAKE\67 (2).jpg,0.0,0
67 (3).jpg,test\FAKE\67 (3).jpg,0.8729063,1
67 (4).jpg,test\FAKE\67 (4).jpg,0.0,0
67 (5).jpg,test\FAKE\67 (5).jpg,0.00012040138,0
67 (6).jpg,test\FAKE\67 (6).jpg,0.0,0
67 (7).jpg,test\FAKE\67 (7).jpg,0.0,0
67 (8).jpg,test\FAKE\67 (8).jpg,0.0,0
67 (9).jpg,test\FAKE\67 (9).jpg,0.0,0
67.jpg,test\FAKE\67.jpg,0.0,0
670 (10).jpg,test\FAKE\670 (10).jpg,0.0,0
670 (2).jpg,test\FAKE\670 (2).jpg,0.0,0
670 (3).jpg,test\FAKE\670 (3).jpg,0.0,0
670 (4).jpg,test\FAKE\670 (4).jpg,0.010048479,0
670 (5).jpg,test\FAKE\670 (5).jpg,0.0,0
670 (6).jpg,test\FAKE\670 (6).jpg,0.0,0
670 (7).jpg,test\FAKE\670 (7).jpg,0.0,0
670 (8).jpg,test\FAKE\670 (8).jpg,0.0,0
670 (9).jpg,test\FAKE\670 (9).jpg,2.9802322e-07,0
670.jpg,test\FAKE\670.jpg,5.9604645e-08,0
671 (10).jpg,test\FAKE\671 (10).jpg,1.0430813e-05,0
671 (2).jpg,test\FAKE\671 (2).jpg,0.0,0
671 (3).jpg,test\FAKE\671 (3).jpg,0.0,0
671 (4).jpg,test\FAKE\671 (4).jpg,0.00032103062,0
671 (5).jpg,test\FAKE\671 (5).jpg,0.0,0
671 (6).jpg,test\FAKE\671 (6).jpg,0.0,0
671 (7).jpg,test\FAKE\671 (7).jpg,0.0,0
671 (8).jpg,test\FAKE\671 (8).jpg,0.0,0
671 (9).jpg,test\FAKE\671 (9).jpg,0.0,0
671.jpg,test\FAKE\671.jpg,1.4841557e-05,0
672 (10).jpg,test\FAKE\672 (10).jpg,0.0,0
672 (2).jpg,test\FAKE\672 (2).jpg,4.172325e-07,0
672 (3).jpg,test\FAKE\672 (3).jpg,0.9999672,1
672 (4).jpg,test\FAKE\672 (4).jpg,0.0,0
672 (5).jpg,test\FAKE\672 (5).jpg,0.0,0
672 (6).jpg,test\FAKE\672 (6).jpg,0.0,0
672 (7).jpg,test\FAKE\672 (7).jpg,0.0,0
672 (8).jpg,test\FAKE\672 (8).jpg,0.0,0
672 (9).jpg,test\FAKE\672 (9).jpg,1.1920929e-07,0
672.jpg,test\FAKE\672.jpg,1.2636185e-05,0
673 (10).jpg,test\FAKE\673 (10).jpg,0.0,0
673 (2).jpg,test\FAKE\673 (2).jpg,0.0,0
673 (3).jpg,test\FAKE\673 (3).jpg,3.117323e-05,0
673 (4).jpg,test\FAKE\673 (4).jpg,0.0,0
673 (5).jpg,test\FAKE\673 (5).jpg,0.0,0
673 (6).jpg,test\FAKE\673 (6).jpg,0.0,0
673 (7).jpg,test\FAKE\673 (7).jpg,0.0,0
673 (8).jpg,test\FAKE\673 (8).jpg,0.0,0
673 (9).jpg,test\FAKE\673 (9).jpg,0.0,0
673.jpg,test\FAKE\673.jpg,0.0005001724,0
674 (10).jpg,test\FAKE\674 (10).jpg,0.0,0
674 (2).jpg,test\FAKE\674 (2).jpg,0.0,0
674 (3).jpg,test\FAKE\674 (3).jpg,0.00014564395,0
674 (4).jpg,test\FAKE\674 (4).jpg,0.0,0
674 (5).jpg,test\FAKE\674 (5).jpg,0.00025886297,0
674 (6).jpg,test\FAKE\674 (6).jpg,0.0,0
674 (7).jpg,test\FAKE\674 (7).jpg,0.0,0
674 (8).jpg,test\FAKE\674 (8).jpg,0.0,0
674 (9).jpg,test\FAKE\674 (9).jpg,0.0,0
674.jpg,test\FAKE\674.jpg,0.0,0
675 (10).jpg,test\FAKE\675 (10).jpg,0.0,0
675 (2).jpg,test\FAKE\675 (2).jpg,0.0,0
675 (3).jpg,test\FAKE\675 (3).jpg,2.3841858e-07,0
675 (4).jpg,test\FAKE\675 (4).jpg,2.9802322e-08,0
675 (5).jpg,test\FAKE\675 (5).jpg,0.0,0
675 (6).jpg,test\FAKE\675 (6).jpg,0.0,0
675 (7).jpg,test\FAKE\675 (7).jpg,0.0,0
675 (8).jpg,test\FAKE\675 (8).jpg,0.5662811,1
675 (9).jpg,test\FAKE\675 (9).jpg,3.913045e-05,0
675.jpg,test\FAKE\675.jpg,0.0,0
676 (10).jpg,test\FAKE\676 (10).jpg,0.072847515,0
676 (2).jpg,test\FAKE\676 (2).jpg,0.0,0
676 (3).jpg,test\FAKE\676 (3).jpg,0.013505459,0
676 (4).jpg,test\FAKE\676 (4).jpg,0.0,0
676 (5).jpg,test\FAKE\676 (5).jpg,0.0,0
676 (6).jpg,test\FAKE\676 (6).jpg,0.0,0
676 (7).jpg,test\FAKE\676 (7).jpg,0.0,0
676 (8).jpg,test\FAKE\676 (8).jpg,0.0,0
676 (9).jpg,test\FAKE\676 (9).jpg,0.00013962388,0
676.jpg,test\FAKE\676.jpg,0.0,0
677 (10).jpg,test\FAKE\677 (10).jpg,0.0,0
677 (2).jpg,test\FAKE\677 (2).jpg,0.0,0
677 (3).jpg,test\FAKE\677 (3).jpg,1.1026859e-05,0
677 (4).jpg,test\FAKE\677 (4).jpg,0.0,0
677 (5).jpg,test\FAKE\677 (5).jpg,0.0,0
677 (6).jpg,test\FAKE\677 (6).jpg,0.0,0
677 (7).jpg,test\FAKE\677 (7).jpg,0.000261724,0
677 (8).jpg,test\FAKE\677 (8).jpg,5.3942204e-06,0
677 (9).jpg,test\FAKE\677 (9).jpg,0.0,0
677.jpg,test\FAKE\677.jpg,0.0,0
678 (10).jpg,test\FAKE\678 (10).jpg,0.0,0
678 (2).jpg,test\FAKE\678 (2).jpg,0.0,0
678 (3).jpg,test\FAKE\678 (3).jpg,0.0,0
678 (4).jpg,test\FAKE\678 (4).jpg,2.0861626e-07,0
678 (5).jpg,test\FAKE\678 (5).jpg,0.0,0
678 (6).jpg,test\FAKE\678 (6).jpg,0.0,0
678 (7).jpg,test\FAKE\678 (7).jpg,0.0,0
678 (8).jpg,test\FAKE\678 (8).jpg,0.0,0
678 (9).jpg,test\FAKE\678 (9).jpg,0.8727227,1
678.jpg,test\FAKE\678.jpg,1.2129545e-05,0
679 (10).jpg,test\FAKE\679 (10).jpg,0.0,0
679 (2).jpg,test\FAKE\679 (2).jpg,0.0,0
679 (3).jpg,test\FAKE\679 (3).jpg,0.05472341,0
679 (4).jpg,test\FAKE\679 (4).jpg,0.0,0
679 (5).jpg,test\FAKE\679 (5).jpg,0.015102625,0
679 (6).jpg,test\FAKE\679 (6).jpg,0.0,0
679 (7).jpg,test\FAKE\679 (7).jpg,0.0,0
679 (8).jpg,test\FAKE\679 (8).jpg,0.0,0
679 (9).jpg,test\FAKE\679 (9).jpg,1.4901161e-07,0
679.jpg,test\FAKE\679.jpg,0.0,0
68 (10).jpg,test\FAKE\68 (10).jpg,0.0,0
68 (2).jpg,test\FAKE\68 (2).jpg,0.0,0
68 (3).jpg,test\FAKE\68 (3).jpg,0.0,0
68 (4).jpg,test\FAKE\68 (4).jpg,0.0,0
68 (5).jpg,test\FAKE\68 (5).jpg,4.464388e-05,0
68 (6).jpg,test\FAKE\68 (6).jpg,5.00679e-06,0
68 (7).jpg,test\FAKE\68 (7).jpg,0.0,0
68 (8).jpg,test\FAKE\68 (8).jpg,0.0,0
68 (9).jpg,test\FAKE\68 (9).jpg,0.0,0
68.jpg,test\FAKE\68.jpg,0.00054079294,0
680 (10).jpg,test\FAKE\680 (10).jpg,1.1920929e-07,0
680 (2).jpg,test\FAKE\680 (2).jpg,0.0,0
680 (3).jpg,test\FAKE\680 (3).jpg,4.4107437e-06,0
680 (4).jpg,test\FAKE\680 (4).jpg,0.0,0
680 (5).jpg,test\FAKE\680 (5).jpg,0.012580603,0
680 (6).jpg,test\FAKE\680 (6).jpg,0.0,0
680 (7).jpg,test\FAKE\680 (7).jpg,0.0,0
680 (8).jpg,test\FAKE\680 (8).jpg,0.0,0
680 (9).jpg,test\FAKE\680 (9).jpg,0.0,0
680.jpg,test\FAKE\680.jpg,0.18888515,0
681 (10).jpg,test\FAKE\681 (10).jpg,0.0,0
681 (2).jpg,test\FAKE\681 (2).jpg,1.4901161e-06,0
681 (3).jpg,test\FAKE\681 (3).jpg,0.17976087,0
681 (4).jpg,test\FAKE\681 (4).jpg,3.0189753e-05,0
681 (5).jpg,test\FAKE\681 (5).jpg,0.0,0
681 (6).jpg,test\FAKE\681 (6).jpg,0.0,0
681 (7).jpg,test\FAKE\681 (7).jpg,0.0,0
681 (8).jpg,test\FAKE\681 (8).jpg,0.0,0
681 (9).jpg,test\FAKE\681 (9).jpg,1.4901161e-07,0
681.jpg,test\FAKE\681.jpg,0.0,0
682 (10).jpg,test\FAKE\682 (10).jpg,0.0,0
682 (2).jpg,test\FAKE\682 (2).jpg,0.0,0
682 (3).jpg,test\FAKE\682 (3).jpg,0.0,0
682 (4).jpg,test\FAKE\682 (4).jpg,9.23872e-07,0
682 (5).jpg,test\FAKE\682 (5).jpg,0.0,0
682 (6).jpg,test\FAKE\682 (6).jpg,0.0,0
682 (7).jpg,test\FAKE\682 (7).jpg,0.0,0
682 (8).jpg,test\FAKE\682 (8).jpg,0.0,0
682 (9).jpg,test\FAKE\682 (9).jpg,0.0016901791,0
682.jpg,test\FAKE\682.jpg,0.0,0
683 (10).jpg,test\FAKE\683 (10).jpg,0.27073157,0
683 (2).jpg,test\FAKE\683 (2).jpg,0.0,0
683 (3).jpg,test\FAKE\683 (3).jpg,0.0,0
683 (4).jpg,test\FAKE\683 (4).jpg,0.0,0
683 (5).jpg,test\FAKE\683 (5).jpg,6.7949295e-06,0
683 (6).jpg,test\FAKE\683 (6).jpg,0.0,0
683 (7).jpg,test\FAKE\683 (7).jpg,0.0,0
683 (8).jpg,test\FAKE\683 (8).jpg,0.0,0
683 (9).jpg,test\FAKE\683 (9).jpg,0.0,0
683.jpg,test\FAKE\683.jpg,0.0,0
684 (10).jpg,test\FAKE\684 (10).jpg,0.0,0
684 (2).jpg,test\FAKE\684 (2).jpg,0.0,0
684 (3).jpg,test\FAKE\684 (3).jpg,0.0,0
684 (4).jpg,test\FAKE\684 (4).jpg,0.0,0
684 (5).jpg,test\FAKE\684 (5).jpg,0.0,0
684 (6).jpg,test\FAKE\684 (6).jpg,5.364418e-07,0
684 (7).jpg,test\FAKE\684 (7).jpg,0.0,0
684 (8).jpg,test\FAKE\684 (8).jpg,0.0,0
684 (9).jpg,test\FAKE\684 (9).jpg,1.7881393e-07,0
684.jpg,test\FAKE\684.jpg,1.1622906e-06,0
685 (10).jpg,test\FAKE\685 (10).jpg,3.7252903e-06,0
685 (2).jpg,test\FAKE\685 (2).jpg,2.9802322e-08,0
685 (3).jpg,test\FAKE\685 (3).jpg,0.0,0
685 (4).jpg,test\FAKE\685 (4).jpg,3.695488e-05,0
685 (5).jpg,test\FAKE\685 (5).jpg,0.0,0
685 (6).jpg,test\FAKE\685 (6).jpg,0.0,0
685 (7).jpg,test\FAKE\685 (7).jpg,0.0,0
685 (8).jpg,test\FAKE\685 (8).jpg,0.0,0
685 (9).jpg,test\FAKE\685 (9).jpg,0.0,0
685.jpg,test\FAKE\685.jpg,0.0,0
686 (10).jpg,test\FAKE\686 (10).jpg,0.0,0
686 (2).jpg,test\FAKE\686 (2).jpg,8.761883e-06,0
686 (3).jpg,test\FAKE\686 (3).jpg,5.9604645e-08,0
686 (4).jpg,test\FAKE\686 (4).jpg,9.23872e-07,0
686 (5).jpg,test\FAKE\686 (5).jpg,0.028024495,0
686 (6).jpg,test\FAKE\686 (6).jpg,0.0012655556,0
686 (7).jpg,test\FAKE\686 (7).jpg,0.0,0
686 (8).jpg,test\FAKE\686 (8).jpg,1.2397766e-05,0
686 (9).jpg,test\FAKE\686 (9).jpg,0.0,0
686.jpg,test\FAKE\686.jpg,0.0,0
687 (10).jpg,test\FAKE\687 (10).jpg,0.0,0
687 (2).jpg,test\FAKE\687 (2).jpg,0.0,0
687 (3).jpg,test\FAKE\687 (3).jpg,0.0010357797,0
687 (4).jpg,test\FAKE\687 (4).jpg,5.662441e-07,0
687 (5).jpg,test\FAKE\687 (5).jpg,0.0009261966,0
687 (6).jpg,test\FAKE\687 (6).jpg,0.0,0
687 (7).jpg,test\FAKE\687 (7).jpg,0.0,0
687 (8).jpg,test\FAKE\687 (8).jpg,0.0,0
687 (9).jpg,test\FAKE\687 (9).jpg,0.0,0
687.jpg,test\FAKE\687.jpg,0.0,0
688 (10).jpg,test\FAKE\688 (10).jpg,0.0,0
688 (2).jpg,test\FAKE\688 (2).jpg,3.924966e-05,0
688 (3).jpg,test\FAKE\688 (3).jpg,0.0,0
688 (4).jpg,test\FAKE\688 (4).jpg,0.0,0
688 (5).jpg,test\FAKE\688 (5).jpg,2.0861626e-07,0
688 (6).jpg,test\FAKE\688 (6).jpg,0.0,0
688 (7).jpg,test\FAKE\688 (7).jpg,0.0,0
688 (8).jpg,test\FAKE\688 (8).jpg,0.0,0
688 (9).jpg,test\FAKE\688 (9).jpg,0.0,0
688.jpg,test\FAKE\688.jpg,0.0,0
689 (10).jpg,test\FAKE\689 (10).jpg,0.0,0
689 (2).jpg,test\FAKE\689 (2).jpg,0.0,0
689 (3).jpg,test\FAKE\689 (3).jpg,0.0,0
689 (4).jpg,test\FAKE\689 (4).jpg,0.0,0
689 (5).jpg,test\FAKE\689 (5).jpg,0.0,0
689 (6).jpg,test\FAKE\689 (6).jpg,0.0,0
689 (7).jpg,test\FAKE\689 (7).jpg,0.0,0
689 (8).jpg,test\FAKE\689 (8).jpg,0.0,0
689 (9).jpg,test\FAKE\689 (9).jpg,0.002477169,0
689.jpg,test\FAKE\689.jpg,0.0,0
69 (10).jpg,test\FAKE\69 (10).jpg,1.4901161e-07,0
69 (2).jpg,test\FAKE\69 (2).jpg,0.0,0
69 (3).jpg,test\FAKE\69 (3).jpg,4.5597553e-05,0
69 (4).jpg,test\FAKE\69 (4).jpg,0.0,0
69 (5).jpg,test\FAKE\69 (5).jpg,0.0,0
69 (6).jpg,test\FAKE\69 (6).jpg,0.0,0
69 (7).jpg,test\FAKE\69 (7).jpg,0.0,0
69 (8).jpg,test\FAKE\69 (8).jpg,0.0,0
69 (9).jpg,test\FAKE\69 (9).jpg,0.0,0
69.jpg,test\FAKE\69.jpg,8.940697e-08,0
690 (10).jpg,test\FAKE\690 (10).jpg,5.9604645e-08,0
690 (2).jpg,test\FAKE\690 (2).jpg,5.9604645e-08,0
690 (3).jpg,test\FAKE\690 (3).jpg,2.592802e-06,0
690 (4).jpg,test\FAKE\690 (4).jpg,0.0,0
690 (5).jpg,test\FAKE\690 (5).jpg,0.0,0
690 (6).jpg,test\FAKE\690 (6).jpg,0.0,0
690 (7).jpg,test\FAKE\690 (7).jpg,0.0,0
690 (8).jpg,test\FAKE\690 (8).jpg,0.0,0
690 (9).jpg,test\FAKE\690 (9).jpg,0.0,0
690.jpg,test\FAKE\690.jpg,1.8924475e-05,0
691 (10).jpg,test\FAKE\691 (10).jpg,0.0,0
691 (2).jpg,test\FAKE\691 (2).jpg,0.0,0
691 (3).jpg,test\FAKE\691 (3).jpg,0.0,0
691 (4).jpg,test\FAKE\691 (4).jpg,0.0,0
691 (5).jpg,test\FAKE\691 (5).jpg,0.0,0
691 (6).jpg,test\FAKE\691 (6).jpg,0.0,0
691 (7).jpg,test\FAKE\691 (7).jpg,0.0,0
691 (8).jpg,test\FAKE\691 (8).jpg,1.1920929e-07,0
691 (9).jpg,test\FAKE\691 (9).jpg,1.013279e-06,0
691.jpg,test\FAKE\691.jpg,1.3113022e-06,0
692 (10).jpg,test\FAKE\692 (10).jpg,0.0,0
692 (2).jpg,test\FAKE\692 (2).jpg,0.0,0
692 (3).jpg,test\FAKE\692 (3).jpg,5.5283308e-05,0
692 (4).jpg,test\FAKE\692 (4).jpg,1.1920929e-07,0
692 (5).jpg,test\FAKE\692 (5).jpg,0.0,0
692 (6).jpg,test\FAKE\692 (6).jpg,0.0,0
692 (7).jpg,test\FAKE\692 (7).jpg,0.0,0
692 (8).jpg,test\FAKE\692 (8).jpg,0.0,0
692 (9).jpg,test\FAKE\692 (9).jpg,0.0,0
692.jpg,test\FAKE\692.jpg,0.0,0
693 (10).jpg,test\FAKE\693 (10).jpg,2.5123358e-05,0
693 (2).jpg,test\FAKE\693 (2).jpg,2.9802322e-08,0
693 (3).jpg,test\FAKE\693 (3).jpg,0.00042900443,0
693 (4).jpg,test\FAKE\693 (4).jpg,0.0,0
693 (5).jpg,test\FAKE\693 (5).jpg,2.9802322e-08,0
693 (6).jpg,test\FAKE\693 (6).jpg,1.9907951e-05,0
693 (7).jpg,test\FAKE\693 (7).jpg,0.0,0
693 (8).jpg,test\FAKE\693 (8).jpg,0.0,0
693 (9).jpg,test\FAKE\693 (9).jpg,0.0,0
693.jpg,test\FAKE\693.jpg,0.0,0
694 (10).jpg,test\FAKE\694 (10).jpg,5.9604645e-08,0
694 (2).jpg,test\FAKE\694 (2).jpg,0.0,0
694 (3).jpg,test\FAKE\694 (3).jpg,0.0017341673,0
694 (4).jpg,test\FAKE\694 (4).jpg,0.0,0
694 (5).jpg,test\FAKE\694 (5).jpg,6.943941e-06,0
694 (6).jpg,test\FAKE\694 (6).jpg,0.00034743547,0
694 (7).jpg,test\FAKE\694 (7).jpg,0.0,0
694 (8).jpg,test\FAKE\694 (8).jpg,1.1622906e-06,0
694 (9).jpg,test\FAKE\694 (9).jpg,0.0,0
694.jpg,test\FAKE\694.jpg,0.0,0
695 (10).jpg,test\FAKE\695 (10).jpg,1.9073486e-06,0
695 (2).jpg,test\FAKE\695 (2).jpg,0.0,0
695 (3).jpg,test\FAKE\695 (3).jpg,0.0,0
695 (4).jpg,test\FAKE\695 (4).jpg,0.0,0
695 (5).jpg,test\FAKE\695 (5).jpg,0.0,0
695 (6).jpg,test\FAKE\695 (6).jpg,5.364418e-07,0
695 (7).jpg,test\FAKE\695 (7).jpg,0.0,0
695 (8).jpg,test\FAKE\695 (8).jpg,0.0,0
695 (9).jpg,test\FAKE\695 (9).jpg,0.0,0
695.jpg,test\FAKE\695.jpg,0.0,0
696 (10).jpg,test\FAKE\696 (10).jpg,9.509921e-05,0
696 (2).jpg,test\FAKE\696 (2).jpg,0.0,0
696 (3).jpg,test\FAKE\696 (3).jpg,0.0,0
696 (4).jpg,test\FAKE\696 (4).jpg,0.0,0
696 (5).jpg,test\FAKE\696 (5).jpg,2.682209e-07,0
696 (6).jpg,test\FAKE\696 (6).jpg,0.0,0
696 (7).jpg,test\FAKE\696 (7).jpg,0.0,0
696 (8).jpg,test\FAKE\696 (8).jpg,0.00011742115,0
696 (9).jpg,test\FAKE\696 (9).jpg,0.0010561645,0
696.jpg,test\FAKE\696.jpg,0.0,0
697 (10).jpg,test\FAKE\697 (10).jpg,1.758337e-05,0
697 (2).jpg,test\FAKE\697 (2).jpg,0.0,0
697 (3).jpg,test\FAKE\697 (3).jpg,1.4901161e-07,0
697 (4).jpg,test\FAKE\697 (4).jpg,0.0,0
697 (5).jpg,test\FAKE\697 (5).jpg,0.0,0
697 (6).jpg,test\FAKE\697 (6).jpg,2.8908253e-06,0
697 (7).jpg,test\FAKE\697 (7).jpg,0.0,0
697 (8).jpg,test\FAKE\697 (8).jpg,0.0,0
697 (9).jpg,test\FAKE\697 (9).jpg,5.364418e-07,0
697.jpg,test\FAKE\697.jpg,8.940697e-08,0
698 (10).jpg,test\FAKE\698 (10).jpg,0.0,0
698 (2).jpg,test\FAKE\698 (2).jpg,0.0,0
698 (3).jpg,test\FAKE\698 (3).jpg,0.0,0
698 (4).jpg,test\FAKE\698 (4).jpg,5.662441e-07,0
698 (5).jpg,test\FAKE\698 (5).jpg,0.0,0
698 (6).jpg,test\FAKE\698 (6).jpg,0.0,0
698 (7).jpg,test\FAKE\698 (7).jpg,0.0,0
698 (8).jpg,test\FAKE\698 (8).jpg,0.0,0
698 (9).jpg,test\FAKE\698 (9).jpg,0.0,0
698.jpg,test\FAKE\698.jpg,0.0020163655,0
699 (10).jpg,test\FAKE\699 (10).jpg,0.0,0
699 (2).jpg,test\FAKE\699 (2).jpg,0.0,0
699 (3).jpg,test\FAKE\699 (3).jpg,0.0,0
699 (4).jpg,test\FAKE\699 (4).jpg,0.0,0
699 (5).jpg,test\FAKE\699 (5).jpg,5.9604645e-07,0
699 (6).jpg,test\FAKE\699 (6).jpg,0.0,0
699 (7).jpg,test\FAKE\699 (7).jpg,0.0,0
699 (8).jpg,test\FAKE\699 (8).jpg,4.61936e-06,0
699 (9).jpg,test\FAKE\699 (9).jpg,1.1950731e-05,0
699.jpg,test\FAKE\699.jpg,0.0,0
7 (10).jpg,test\FAKE\7 (10).jpg,0.0,0
7 (2).jpg,test\FAKE\7 (2).jpg,0.0,0
7 (3).jpg,test\FAKE\7 (3).jpg,0.0012089014,0
7 (4).jpg,test\FAKE\7 (4).jpg,0.0,0
7 (5).jpg,test\FAKE\7 (5).jpg,0.0,0
7 (6).jpg,test\FAKE\7 (6).jpg,0.0,0
7 (7).jpg,test\FAKE\7 (7).jpg,0.0,0
7 (8).jpg,test\FAKE\7 (8).jpg,0.0,0
7 (9).jpg,test\FAKE\7 (9).jpg,0.0003517866,0
7.jpg,test\FAKE\7.jpg,0.0,0
70 (10).jpg,test\FAKE\70 (10).jpg,0.0,0
70 (2).jpg,test\FAKE\70 (2).jpg,0.0,0
70 (3).jpg,test\FAKE\70 (3).jpg,5.9604645e-08,0
70 (4).jpg,test\FAKE\70 (4).jpg,0.00024169683,0
70 (5).jpg,test\FAKE\70 (5).jpg,0.0,0
70 (6).jpg,test\FAKE\70 (6).jpg,2.9802322e-08,0
70 (7).jpg,test\FAKE\70 (7).jpg,0.0,0
70 (8).jpg,test\FAKE\70 (8).jpg,0.0,0
70 (9).jpg,test\FAKE\70 (9).jpg,0.0,0
70.jpg,test\FAKE\70.jpg,0.0,0
700 (10).jpg,test\FAKE\700 (10).jpg,0.0,0
700 (2).jpg,test\FAKE\700 (2).jpg,0.0,0
700 (3).jpg,test\FAKE\700 (3).jpg,0.0,0
700 (4).jpg,test\FAKE\700 (4).jpg,0.0,0
700 (5).jpg,test\FAKE\700 (5).jpg,0.0,0
700 (6).jpg,test\FAKE\700 (6).jpg,0.0,0
700 (7).jpg,test\FAKE\700 (7).jpg,0.0,0
700 (8).jpg,test\FAKE\700 (8).jpg,0.0005161762,0
700 (9).jpg,test\FAKE\700 (9).jpg,5.9604645e-08,0
700.jpg,test\FAKE\700.jpg,0.0,0
701 (10).jpg,test\FAKE\701 (10).jpg,6.2584877e-07,0
701 (2).jpg,test\FAKE\701 (2).jpg,0.01227662,0
701 (3).jpg,test\FAKE\701 (3).jpg,0.0,0
701 (4).jpg,test\FAKE\701 (4).jpg,1.1622906e-06,0
701 (5).jpg,test\FAKE\701 (5).jpg,0.0,0
701 (6).jpg,test\FAKE\701 (6).jpg,2.3841858e-07,0
701 (7).jpg,test\FAKE\701 (7).jpg,0.0,0
701 (8).jpg,test\FAKE\701 (8).jpg,0.0,0
701 (9).jpg,test\FAKE\701 (9).jpg,0.010264963,0
701.jpg,test\FAKE\701.jpg,0.0,0
702 (10).jpg,test\FAKE\702 (10).jpg,0.00022560358,0
702 (2).jpg,test\FAKE\702 (2).jpg,0.0,0
702 (3).jpg,test\FAKE\702 (3).jpg,0.0,0
702 (4).jpg,test\FAKE\702 (4).jpg,0.0,0
702 (5).jpg,test\FAKE\702 (5).jpg,0.0,0
702 (6).jpg,test\FAKE\702 (6).jpg,0.0,0
702 (7).jpg,test\FAKE\702 (7).jpg,0.0,0
702 (8).jpg,test\FAKE\702 (8).jpg,0.0,0
702 (9).jpg,test\FAKE\702 (9).jpg,0.15455401,0
702.jpg,test\FAKE\702.jpg,0.0,0
703 (10).jpg,test\FAKE\703 (10).jpg,0.0,0
703 (2).jpg,test\FAKE\703 (2).jpg,0.0,0
703 (3).jpg,test\FAKE\703 (3).jpg,0.0,0
703 (4).jpg,test\FAKE\703 (4).jpg,0.0,0
703 (5).jpg,test\FAKE\703 (5).jpg,0.0,0
703 (6).jpg,test\FAKE\703 (6).jpg,0.0,0
703 (7).jpg,test\FAKE\703 (7).jpg,0.01893869,0
703 (8).jpg,test\FAKE\703 (8).jpg,8.940697e-08,0
703 (9).jpg,test\FAKE\703 (9).jpg,0.0,0
703.jpg,test\FAKE\703.jpg,2.682209e-07,0
704 (10).jpg,test\FAKE\704 (10).jpg,3.0994415e-05,0
704 (2).jpg,test\FAKE\704 (2).jpg,0.0,0
704 (3).jpg,test\FAKE\704 (3).jpg,1.0460615e-05,0
704 (4).jpg,test\FAKE\704 (4).jpg,8.940697e-08,0
704 (5).jpg,test\FAKE\704 (5).jpg,0.0,0
704 (6).jpg,test\FAKE\704 (6).jpg,0.0,0
704 (7).jpg,test\FAKE\704 (7).jpg,0.0,0
704 (8).jpg,test\FAKE\704 (8).jpg,0.0,0
704 (9).jpg,test\FAKE\704 (9).jpg,0.0,0
704.jpg,test\FAKE\704.jpg,0.0,0
705 (10).jpg,test\FAKE\705 (10).jpg,0.0,0
705 (2).jpg,test\FAKE\705 (2).jpg,0.0,0
705 (3).jpg,test\FAKE\705 (3).jpg,0.0,0
705 (4).jpg,test\FAKE\705 (4).jpg,0.0,0
705 (5).jpg,test\FAKE\705 (5).jpg,0.0,0
705 (6).jpg,test\FAKE\705 (6).jpg,8.940697e-08,0
705 (7).jpg,test\FAKE\705 (7).jpg,0.0,0
705 (8).jpg,test\FAKE\705 (8).jpg,2.8908253e-06,0
705 (9).jpg,test\FAKE\705 (9).jpg,0.0,0
705.jpg,test\FAKE\705.jpg,0.0,0
706 (10).jpg,test\FAKE\706 (10).jpg,0.0,0
706 (2).jpg,test\FAKE\706 (2).jpg,0.0,0
706 (3).jpg,test\FAKE\706 (3).jpg,0.11109978,0
706 (4).jpg,test\FAKE\706 (4).jpg,0.0,0
706 (5).jpg,test\FAKE\706 (5).jpg,0.0,0
706 (6).jpg,test\FAKE\706 (6).jpg,8.940697e-08,0
706 (7).jpg,test\FAKE\706 (7).jpg,0.0,0
706 (8).jpg,test\FAKE\706 (8).jpg,0.0,0
706 (9).jpg,test\FAKE\706 (9).jpg,0.0,0
706.jpg,test\FAKE\706.jpg,2.95043e-06,0
707 (10).jpg,test\FAKE\707 (10).jpg,0.0,0
707 (2).jpg,test\FAKE\707 (2).jpg,0.0,0
707 (3).jpg,test\FAKE\707 (3).jpg,0.025639385,0
707 (4).jpg,test\FAKE\707 (4).jpg,0.0,0
707 (5).jpg,test\FAKE\707 (5).jpg,0.0,0
707 (6).jpg,test\FAKE\707 (6).jpg,0.0019204319,0
707 (7).jpg,test\FAKE\707 (7).jpg,0.0,0
707 (8).jpg,test\FAKE\707 (8).jpg,0.0,0
707 (9).jpg,test\FAKE\707 (9).jpg,2.9802322e-07,0
707.jpg,test\FAKE\707.jpg,0.0,0
708 (10).jpg,test\FAKE\708 (10).jpg,1.2516975e-06,0
708 (2).jpg,test\FAKE\708 (2).jpg,0.0,0
708 (3).jpg,test\FAKE\708 (3).jpg,0.0,0
708 (4).jpg,test\FAKE\708 (4).jpg,0.0,0
708 (5).jpg,test\FAKE\708 (5).jpg,0.0,0
708 (6).jpg,test\FAKE\708 (6).jpg,0.0,0
708 (7).jpg,test\FAKE\708 (7).jpg,0.0,0
708 (8).jpg,test\FAKE\708 (8).jpg,0.0,0
708 (9).jpg,test\FAKE\708 (9).jpg,5.9604645e-08,0
708.jpg,test\FAKE\708.jpg,0.0,0
709 (10).jpg,test\FAKE\709 (10).jpg,0.0,0
709 (2).jpg,test\FAKE\709 (2).jpg,0.0,0
709 (3).jpg,test\FAKE\709 (3).jpg,8.940697e-08,0
709 (4).jpg,test\FAKE\709 (4).jpg,0.99999994,1
709 (5).jpg,test\FAKE\709 (5).jpg,0.0,0
709 (6).jpg,test\FAKE\709 (6).jpg,0.0,0
709 (7).jpg,test\FAKE\709 (7).jpg,0.0,0
709 (8).jpg,test\FAKE\709 (8).jpg,0.0,0
709 (9).jpg,test\FAKE\709 (9).jpg,0.0,0
709.jpg,test\FAKE\709.jpg,0.001986742,0
71 (10).jpg,test\FAKE\71 (10).jpg,0.0032287836,0
71 (2).jpg,test\FAKE\71 (2).jpg,0.0,0
71 (3).jpg,test\FAKE\71 (3).jpg,0.0,0
71 (4).jpg,test\FAKE\71 (4).jpg,2.0861626e-07,0
71 (5).jpg,test\FAKE\71 (5).jpg,0.0,0
71 (6).jpg,test\FAKE\71 (6).jpg,0.0,0
71 (7).jpg,test\FAKE\71 (7).jpg,0.0,0
71 (8).jpg,test\FAKE\71 (8).jpg,0.0,0
71 (9).jpg,test\FAKE\71 (9).jpg,1.1920929e-07,0
71.jpg,test\FAKE\71.jpg,0.0,0
710 (10).jpg,test\FAKE\710 (10).jpg,0.0,0
710 (2).jpg,test\FAKE\710 (2).jpg,0.0,0
710 (3).jpg,test\FAKE\710 (3).jpg,0.0,0
710 (4).jpg,test\FAKE\710 (4).jpg,5.9604645e-08,0
710 (5).jpg,test\FAKE\710 (5).jpg,0.0,0
710 (6).jpg,test\FAKE\710 (6).jpg,0.0,0
710 (7).jpg,test\FAKE\710 (7).jpg,0.0,0
710 (8).jpg,test\FAKE\710 (8).jpg,0.0,0
710 (9).jpg,test\FAKE\710 (9).jpg,4.0709972e-05,0
710.jpg,test\FAKE\710.jpg,0.0,0
711 (10).jpg,test\FAKE\711 (10).jpg,1.1920929e-07,0
711 (2).jpg,test\FAKE\711 (2).jpg,4.7683716e-07,0
711 (3).jpg,test\FAKE\711 (3).jpg,0.0,0
711 (4).jpg,test\FAKE\711 (4).jpg,0.0,0
711 (5).jpg,test\FAKE\711 (5).jpg,0.0,0
711 (6).jpg,test\FAKE\711 (6).jpg,0.0,0
711 (7).jpg,test\FAKE\711 (7).jpg,0.0,0
711 (8).jpg,test\FAKE\711 (8).jpg,0.0,0
711 (9).jpg,test\FAKE\711 (9).jpg,2.682209e-07,0
711.jpg,test\FAKE\711.jpg,0.0029075742,0
712 (10).jpg,test\FAKE\712 (10).jpg,0.0,0
712 (2).jpg,test\FAKE\712 (2).jpg,0.0,0
712 (3).jpg,test\FAKE\712 (3).jpg,2.8312206e-06,0
712 (4).jpg,test\FAKE\712 (4).jpg,0.0,0
712 (5).jpg,test\FAKE\712 (5).jpg,0.0,0
712 (6).jpg,test\FAKE\712 (6).jpg,5.6028366e-06,0
712 (7).jpg,test\FAKE\712 (7).jpg,0.0,0
712 (8).jpg,test\FAKE\712 (8).jpg,0.0,0
712 (9).jpg,test\FAKE\712 (9).jpg,0.0024707615,0
712.jpg,test\FAKE\712.jpg,0.0,0
713 (10).jpg,test\FAKE\713 (10).jpg,0.01384908,0
713 (2).jpg,test\FAKE\713 (2).jpg,0.0,0
713 (3).jpg,test\FAKE\713 (3).jpg,1.4901161e-06,0
713 (4).jpg,test\FAKE\713 (4).jpg,0.0,0
713 (5).jpg,test\FAKE\713 (5).jpg,0.00013399124,0
713 (6).jpg,test\FAKE\713 (6).jpg,0.0,0
713 (7).jpg,test\FAKE\713 (7).jpg,0.0,0
713 (8).jpg,test\FAKE\713 (8).jpg,0.0,0
713 (9).jpg,test\FAKE\713 (9).jpg,1.8268824e-05,0
713.jpg,test\FAKE\713.jpg,0.0,0
714 (10).jpg,test\FAKE\714 (10).jpg,0.0,0
714 (2).jpg,test\FAKE\714 (2).jpg,6.854534e-07,0
714 (3).jpg,test\FAKE\714 (3).jpg,0.00063470006,0
714 (4).jpg,test\FAKE\714 (4).jpg,0.0,0
714 (5).jpg,test\FAKE\714 (5).jpg,0.0,0
714 (6).jpg,test\FAKE\714 (6).jpg,0.0,0
714 (7).jpg,test\FAKE\714 (7).jpg,0.0,0
714 (8).jpg,test\FAKE\714 (8).jpg,0.0,0
714 (9).jpg,test\FAKE\714 (9).jpg,2.3841858e-07,0
714.jpg,test\FAKE\714.jpg,0.00088980794,0
715 (10).jpg,test\FAKE\715 (10).jpg,0.0,0
715 (2).jpg,test\FAKE\715 (2).jpg,0.0,0
715 (3).jpg,test\FAKE\715 (3).jpg,0.0074782968,0
715 (4).jpg,test\FAKE\715 (4).jpg,0.0,0
715 (5).jpg,test\FAKE\715 (5).jpg,0.0,0
715 (6).jpg,test\FAKE\715 (6).jpg,0.0065900087,0
715 (7).jpg,test\FAKE\715 (7).jpg,6.556511e-07,0
715 (8).jpg,test\FAKE\715 (8).jpg,0.0,0
715 (9).jpg,test\FAKE\715 (9).jpg,6.198883e-06,0
715.jpg,test\FAKE\715.jpg,0.0,0
716 (10).jpg,test\FAKE\716 (10).jpg,2.670288e-05,0
716 (2).jpg,test\FAKE\716 (2).jpg,0.0042806566,0
716 (3).jpg,test\FAKE\716 (3).jpg,0.0,0
716 (4).jpg,test\FAKE\716 (4).jpg,0.0,0
716 (5).jpg,test\FAKE\716 (5).jpg,0.0,0
716 (6).jpg,test\FAKE\716 (6).jpg,0.0,0
716 (7).jpg,test\FAKE\716 (7).jpg,0.0,0
716 (8).jpg,test\FAKE\716 (8).jpg,0.0,0
716 (9).jpg,test\FAKE\716 (9).jpg,0.052791864,0
716.jpg,test\FAKE\716.jpg,0.0,0
717 (10).jpg,test\FAKE\717 (10).jpg,0.0,0
717 (2).jpg,test\FAKE\717 (2).jpg,0.0,0
717 (3).jpg,test\FAKE\717 (3).jpg,0.00031602383,0
717 (4).jpg,test\FAKE\717 (4).jpg,0.0,0
717 (5).jpg,test\FAKE\717 (5).jpg,1.2606382e-05,0
717 (6).jpg,test\FAKE\717 (6).jpg,4.258752e-05,0
717 (7).jpg,test\FAKE\717 (7).jpg,0.0,0
717 (8).jpg,test\FAKE\717 (8).jpg,0.0,0
717 (9).jpg,test\FAKE\717 (9).jpg,2.026558e-05,0
717.jpg,test\FAKE\717.jpg,0.0,0
718 (10).jpg,test\FAKE\718 (10).jpg,0.0,0
718 (2).jpg,test\FAKE\718 (2).jpg,6.2584877e-07,0
718 (3).jpg,test\FAKE\718 (3).jpg,1.1920929e-07,0
718 (4).jpg,test\FAKE\718 (4).jpg,0.0,0
718 (5).jpg,test\FAKE\718 (5).jpg,0.0,0
718 (6).jpg,test\FAKE\718 (6).jpg,0.0,0
718 (7).jpg,test\FAKE\718 (7).jpg,0.0,0
718 (8).jpg,test\FAKE\718 (8).jpg,6.0915947e-05,0
718 (9).jpg,test\FAKE\718 (9).jpg,3.477931e-05,0
718.jpg,test\FAKE\718.jpg,0.0,0
719 (10).jpg,test\FAKE\719 (10).jpg,1.2129545e-05,0
719 (2).jpg,test\FAKE\719 (2).jpg,0.0,0
719 (3).jpg,test\FAKE\719 (3).jpg,0.118820876,0
719 (4).jpg,test\FAKE\719 (4).jpg,0.0,0
719 (5).jpg,test\FAKE\719 (5).jpg,0.0,0
719 (6).jpg,test\FAKE\719 (6).jpg,0.0,0
719 (7).jpg,test\FAKE\719 (7).jpg,0.0,0
719 (8).jpg,test\FAKE\719 (8).jpg,0.0,0
719 (9).jpg,test\FAKE\719 (9).jpg,6.771088e-05,0
719.jpg,test\FAKE\719.jpg,6.0498714e-05,0
72 (10).jpg,test\FAKE\72 (10).jpg,0.0,0
72 (2).jpg,test\FAKE\72 (2).jpg,0.0,0
72 (3).jpg,test\FAKE\72 (3).jpg,0.0,0
72 (4).jpg,test\FAKE\72 (4).jpg,0.0,0
72 (5).jpg,test\FAKE\72 (5).jpg,0.0,0
72 (6).jpg,test\FAKE\72 (6).jpg,0.0,0
72 (7).jpg,test\FAKE\72 (7).jpg,0.0,0
72 (8).jpg,test\FAKE\72 (8).jpg,0.0,0
72 (9).jpg,test\FAKE\72 (9).jpg,0.0,0
72.jpg,test\FAKE\72.jpg,0.022208959,0
720 (10).jpg,test\FAKE\720 (10).jpg,0.0,0
720 (2).jpg,test\FAKE\720 (2).jpg,0.0,0
720 (3).jpg,test\FAKE\720 (3).jpg,0.0,0
720 (4).jpg,test\FAKE\720 (4).jpg,0.0,0
720 (5).jpg,test\FAKE\720 (5).jpg,0.0,0
720 (6).jpg,test\FAKE\720 (6).jpg,0.0,0
720 (7).jpg,test\FAKE\720 (7).jpg,0.0,0
720 (8).jpg,test\FAKE\720 (8).jpg,0.0,0
720 (9).jpg,test\FAKE\720 (9).jpg,0.011565983,0
720.jpg,test\FAKE\720.jpg,1.1920929e-07,0
721 (10).jpg,test\FAKE\721 (10).jpg,0.013837606,0
721 (2).jpg,test\FAKE\721 (2).jpg,0.0,0
721 (3).jpg,test\FAKE\721 (3).jpg,0.00014075637,0
721 (4).jpg,test\FAKE\721 (4).jpg,0.0,0
721 (5).jpg,test\FAKE\721 (5).jpg,0.0,0
721 (6).jpg,test\FAKE\721 (6).jpg,0.0,0
721 (7).jpg,test\FAKE\721 (7).jpg,0.0,0
721 (8).jpg,test\FAKE\721 (8).jpg,2.9325485e-05,0
721 (9).jpg,test\FAKE\721 (9).jpg,1.14142895e-05,0
721.jpg,test\FAKE\721.jpg,0.0019886494,0
722 (10).jpg,test\FAKE\722 (10).jpg,0.0,0
722 (2).jpg,test\FAKE\722 (2).jpg,2.9802322e-08,0
722 (3).jpg,test\FAKE\722 (3).jpg,0.08669585,0
722 (4).jpg,test\FAKE\722 (4).jpg,0.0,0
722 (5).jpg,test\FAKE\722 (5).jpg,0.0,0
722 (6).jpg,test\FAKE\722 (6).jpg,0.0,0
722 (7).jpg,test\FAKE\722 (7).jpg,0.0,0
722 (8).jpg,test\FAKE\722 (8).jpg,0.0,0
722 (9).jpg,test\FAKE\722 (9).jpg,0.0,0
722.jpg,test\FAKE\722.jpg,0.0,0
723 (10).jpg,test\FAKE\723 (10).jpg,0.0,0
723 (2).jpg,test\FAKE\723 (2).jpg,0.0,0
723 (3).jpg,test\FAKE\723 (3).jpg,1.7166138e-05,0
723 (4).jpg,test\FAKE\723 (4).jpg,0.0,0
723 (5).jpg,test\FAKE\723 (5).jpg,7.376075e-05,0
723 (6).jpg,test\FAKE\723 (6).jpg,0.0,0
723 (7).jpg,test\FAKE\723 (7).jpg,0.0,0
723 (8).jpg,test\FAKE\723 (8).jpg,0.0,0
723 (9).jpg,test\FAKE\723 (9).jpg,0.0,0
723.jpg,test\FAKE\723.jpg,8.940697e-08,0
724 (10).jpg,test\FAKE\724 (10).jpg,0.0,0
724 (2).jpg,test\FAKE\724 (2).jpg,0.0,0
724 (3).jpg,test\FAKE\724 (3).jpg,8.136034e-06,0
724 (4).jpg,test\FAKE\724 (4).jpg,0.0,0
724 (5).jpg,test\FAKE\724 (5).jpg,0.0,0
724 (6).jpg,test\FAKE\724 (6).jpg,0.0,0
724 (7).jpg,test\FAKE\724 (7).jpg,0.0,0
724 (8).jpg,test\FAKE\724 (8).jpg,0.0,0
724 (9).jpg,test\FAKE\724 (9).jpg,0.025548518,0
724.jpg,test\FAKE\724.jpg,0.0,0
725 (10).jpg,test\FAKE\725 (10).jpg,2.5063753e-05,0
725 (2).jpg,test\FAKE\725 (2).jpg,2.3543835e-06,0
725 (3).jpg,test\FAKE\725 (3).jpg,6.2286854e-06,0
725 (4).jpg,test\FAKE\725 (4).jpg,0.0,0
725 (5).jpg,test\FAKE\725 (5).jpg,0.0,0
725 (6).jpg,test\FAKE\725 (6).jpg,0.0,0
725 (7).jpg,test\FAKE\725 (7).jpg,0.0,0
725 (8).jpg,test\FAKE\725 (8).jpg,0.00029543042,0
725 (9).jpg,test\FAKE\725 (9).jpg,0.0,0
725.jpg,test\FAKE\725.jpg,0.0,0
726 (10).jpg,test\FAKE\726 (10).jpg,3.7550926e-06,0
726 (2).jpg,test\FAKE\726 (2).jpg,0.0,0
726 (3).jpg,test\FAKE\726 (3).jpg,5.9604645e-08,0
726 (4).jpg,test\FAKE\726 (4).jpg,0.0,0
726 (5).jpg,test\FAKE\726 (5).jpg,0.0,0
726 (6).jpg,test\FAKE\726 (6).jpg,0.0,0
726 (7).jpg,test\FAKE\726 (7).jpg,0.0,0
726 (8).jpg,test\FAKE\726 (8).jpg,0.0,0
726 (9).jpg,test\FAKE\726 (9).jpg,8.940697e-08,0
726.jpg,test\FAKE\726.jpg,6.2584877e-07,0
727 (10).jpg,test\FAKE\727 (10).jpg,0.0,0
727 (2).jpg,test\FAKE\727 (2).jpg,0.0,0
727 (3).jpg,test\FAKE\727 (3).jpg,0.012767792,0
727 (4).jpg,test\FAKE\727 (4).jpg,0.0,0
727 (5).jpg,test\FAKE\727 (5).jpg,0.0010656118,0
727 (6).jpg,test\FAKE\727 (6).jpg,0.0,0
727 (7).jpg,test\FAKE\727 (7).jpg,0.0,0
727 (8).jpg,test\FAKE\727 (8).jpg,0.0,0
727 (9).jpg,test\FAKE\727 (9).jpg,0.0,0
727.jpg,test\FAKE\727.jpg,0.0,0
728 (10).jpg,test\FAKE\728 (10).jpg,1.4007092e-06,0
728 (2).jpg,test\FAKE\728 (2).jpg,0.0,0
728 (3).jpg,test\FAKE\728 (3).jpg,0.0,0
728 (4).jpg,test\FAKE\728 (4).jpg,0.0,0
728 (5).jpg,test\FAKE\728 (5).jpg,0.0,0
728 (6).jpg,test\FAKE\728 (6).jpg,0.0,0
728 (7).jpg,test\FAKE\728 (7).jpg,0.0,0
728 (8).jpg,test\FAKE\728 (8).jpg,0.0,0
728 (9).jpg,test\FAKE\728 (9).jpg,1.5497208e-06,0
728.jpg,test\FAKE\728.jpg,0.0,0
729 (10).jpg,test\FAKE\729 (10).jpg,0.0,0
729 (2).jpg,test\FAKE\729 (2).jpg,0.0,0
729 (3).jpg,test\FAKE\729 (3).jpg,0.003794074,0
729 (4).jpg,test\FAKE\729 (4).jpg,0.0,0
729 (5).jpg,test\FAKE\729 (5).jpg,1.7881393e-07,0
729 (6).jpg,test\FAKE\729 (6).jpg,0.0,0
729 (7).jpg,test\FAKE\729 (7).jpg,0.0,0
729 (8).jpg,test\FAKE\729 (8).jpg,0.0,0
729 (9).jpg,test\FAKE\729 (9).jpg,0.0,0
729.jpg,test\FAKE\729.jpg,0.0,0
73 (10).jpg,test\FAKE\73 (10).jpg,0.0,0
73 (2).jpg,test\FAKE\73 (2).jpg,0.0,0
73 (3).jpg,test\FAKE\73 (3).jpg,0.033467203,0
73 (4).jpg,test\FAKE\73 (4).jpg,0.0,0
73 (5).jpg,test\FAKE\73 (5).jpg,0.0,0
73 (6).jpg,test\FAKE\73 (6).jpg,2.861023e-06,0
73 (7).jpg,test\FAKE\73 (7).jpg,0.0,0
73 (8).jpg,test\FAKE\73 (8).jpg,0.54473,1
73 (9).jpg,test\FAKE\73 (9).jpg,0.0,0
73.jpg,test\FAKE\73.jpg,1.7881393e-06,0
730 (10).jpg,test\FAKE\730 (10).jpg,0.0,0
730 (2).jpg,test\FAKE\730 (2).jpg,2.3841858e-07,0
730 (3).jpg,test\FAKE\730 (3).jpg,3.8146973e-06,0
730 (4).jpg,test\FAKE\730 (4).jpg,0.0,0
730 (5).jpg,test\FAKE\730 (5).jpg,0.0,0
730 (6).jpg,test\FAKE\730 (6).jpg,0.0,0
730 (7).jpg,test\FAKE\730 (7).jpg,0.0,0
730 (8).jpg,test\FAKE\730 (8).jpg,0.0,0
730 (9).jpg,test\FAKE\730 (9).jpg,8.004904e-05,0
730.jpg,test\FAKE\730.jpg,0.0,0
731 (10).jpg,test\FAKE\731 (10).jpg,3.7550926e-06,0
731 (2).jpg,test\FAKE\731 (2).jpg,0.0,0
731 (3).jpg,test\FAKE\731 (3).jpg,1.1622906e-06,0
731 (4).jpg,test\FAKE\731 (4).jpg,0.0,0
731 (5).jpg,test\FAKE\731 (5).jpg,0.0,0
731 (6).jpg,test\FAKE\731 (6).jpg,9.179115e-06,0
731 (7).jpg,test\FAKE\731 (7).jpg,0.0,0
731 (8).jpg,test\FAKE\731 (8).jpg,0.0,0
731 (9).jpg,test\FAKE\731 (9).jpg,0.0,0
731.jpg,test\FAKE\731.jpg,6.92606e-05,0
732 (10).jpg,test\FAKE\732 (10).jpg,0.0,0
732 (2).jpg,test\FAKE\732 (2).jpg,0.0,0
732 (3).jpg,test\FAKE\732 (3).jpg,0.0,0
732 (4).jpg,test\FAKE\732 (4).jpg,0.00091665983,0
732 (5).jpg,test\FAKE\732 (5).jpg,0.0,0
732 (6).jpg,test\FAKE\732 (6).jpg,7.390976e-06,0
732 (7).jpg,test\FAKE\732 (7).jpg,0.0,0
732 (8).jpg,test\FAKE\732 (8).jpg,0.0,0
732 (9).jpg,test\FAKE\732 (9).jpg,0.07718429,0
732.jpg,test\FAKE\732.jpg,0.0002863109,0
733 (10).jpg,test\FAKE\733 (10).jpg,0.0,0
733 (2).jpg,test\FAKE\733 (2).jpg,0.0,0
733 (3).jpg,test\FAKE\733 (3).jpg,0.0,0
733 (4).jpg,test\FAKE\733 (4).jpg,0.0,0
733 (5).jpg,test\FAKE\733 (5).jpg,0.0,0
733 (6).jpg,test\FAKE\733 (6).jpg,0.0,0
733 (7).jpg,test\FAKE\733 (7).jpg,0.0,0
733 (8).jpg,test\FAKE\733 (8).jpg,5.826354e-05,0
733 (9).jpg,test\FAKE\733 (9).jpg,0.02927196,0
733.jpg,test\FAKE\733.jpg,0.000290066,0
734 (10).jpg,test\FAKE\734 (10).jpg,0.0,0
734 (2).jpg,test\FAKE\734 (2).jpg,0.0,0
734 (3).jpg,test\FAKE\734 (3).jpg,0.006004989,0
734 (4).jpg,test\FAKE\734 (4).jpg,0.0,0
734 (5).jpg,test\FAKE\734 (5).jpg,5.185604e-06,0
734 (6).jpg,test\FAKE\734 (6).jpg,0.0,0
734 (7).jpg,test\FAKE\734 (7).jpg,0.0,0
734 (8).jpg,test\FAKE\734 (8).jpg,2.3841858e-07,0
734 (9).jpg,test\FAKE\734 (9).jpg,0.0,0
734.jpg,test\FAKE\734.jpg,7.4505806e-07,0
735 (10).jpg,test\FAKE\735 (10).jpg,0.0,0
735 (2).jpg,test\FAKE\735 (2).jpg,0.0,0
735 (3).jpg,test\FAKE\735 (3).jpg,0.008829504,0
735 (4).jpg,test\FAKE\735 (4).jpg,0.0,0
735 (5).jpg,test\FAKE\735 (5).jpg,3.427267e-06,0
735 (6).jpg,test\FAKE\735 (6).jpg,1.1622906e-06,0
735 (7).jpg,test\FAKE\735 (7).jpg,0.0,0
735 (8).jpg,test\FAKE\735 (8).jpg,0.0,0
735 (9).jpg,test\FAKE\735 (9).jpg,8.940697e-08,0
735.jpg,test\FAKE\735.jpg,0.0,0
736 (10).jpg,test\FAKE\736 (10).jpg,0.0,0
736 (2).jpg,test\FAKE\736 (2).jpg,0.0,0
736 (3).jpg,test\FAKE\736 (3).jpg,0.010463417,0
736 (4).jpg,test\FAKE\736 (4).jpg,0.0,0
736 (5).jpg,test\FAKE\736 (5).jpg,0.0,0
736 (6).jpg,test\FAKE\736 (6).jpg,0.0,0
736 (7).jpg,test\FAKE\736 (7).jpg,0.0,0
736 (8).jpg,test\FAKE\736 (8).jpg,0.0,0
736 (9).jpg,test\FAKE\736 (9).jpg,0.0,0
736.jpg,test\FAKE\736.jpg,0.22711214,0
737 (10).jpg,test\FAKE\737 (10).jpg,0.00077190995,0
737 (2).jpg,test\FAKE\737 (2).jpg,0.0,0
737 (3).jpg,test\FAKE\737 (3).jpg,0.0,0
737 (4).jpg,test\FAKE\737 (4).jpg,3.874302e-07,0
737 (5).jpg,test\FAKE\737 (5).jpg,5.9247017e-05,0
737 (6).jpg,test\FAKE\737 (6).jpg,0.0,0
737 (7).jpg,test\FAKE\737 (7).jpg,0.0,0
737 (8).jpg,test\FAKE\737 (8).jpg,0.0,0
737 (9).jpg,test\FAKE\737 (9).jpg,0.0,0
737.jpg,test\FAKE\737.jpg,1.4901161e-07,0
738 (10).jpg,test\FAKE\738 (10).jpg,0.0,0
738 (2).jpg,test\FAKE\738 (2).jpg,0.0,0
738 (3).jpg,test\FAKE\738 (3).jpg,0.0018951595,0
738 (4).jpg,test\FAKE\738 (4).jpg,3.5762787e-06,0
738 (5).jpg,test\FAKE\738 (5).jpg,0.0,0
738 (6).jpg,test\FAKE\738 (6).jpg,0.0,0
738 (7).jpg,test\FAKE\738 (7).jpg,0.0,0
738 (8).jpg,test\FAKE\738 (8).jpg,0.0,0
738 (9).jpg,test\FAKE\738 (9).jpg,0.0,0
738.jpg,test\FAKE\738.jpg,0.0,0
739 (10).jpg,test\FAKE\739 (10).jpg,0.0,0
739 (2).jpg,test\FAKE\739 (2).jpg,0.0005686879,0
739 (3).jpg,test\FAKE\739 (3).jpg,1.4901161e-07,0
739 (4).jpg,test\FAKE\739 (4).jpg,0.0,0
739 (5).jpg,test\FAKE\739 (5).jpg,0.0,0
739 (6).jpg,test\FAKE\739 (6).jpg,0.0,0
739 (7).jpg,test\FAKE\739 (7).jpg,0.0,0
739 (8).jpg,test\FAKE\739 (8).jpg,0.0,0
739 (9).jpg,test\FAKE\739 (9).jpg,0.00020176172,0
739.jpg,test\FAKE\739.jpg,0.0,0
74 (10).jpg,test\FAKE\74 (10).jpg,0.0,0
74 (2).jpg,test\FAKE\74 (2).jpg,0.0,0
74 (3).jpg,test\FAKE\74 (3).jpg,5.9604645e-08,0
74 (4).jpg,test\FAKE\74 (4).jpg,0.0,0
74 (5).jpg,test\FAKE\74 (5).jpg,0.0,0
74 (6).jpg,test\FAKE\74 (6).jpg,0.0,0
74 (7).jpg,test\FAKE\74 (7).jpg,0.0002925992,0
74 (8).jpg,test\FAKE\74 (8).jpg,0.0,0
74 (9).jpg,test\FAKE\74 (9).jpg,0.0,0
74.jpg,test\FAKE\74.jpg,0.0,0
740 (10).jpg,test\FAKE\740 (10).jpg,0.0,0
740 (2).jpg,test\FAKE\740 (2).jpg,0.0,0
740 (3).jpg,test\FAKE\740 (3).jpg,0.0,0
740 (4).jpg,test\FAKE\740 (4).jpg,0.0,0
740 (5).jpg,test\FAKE\740 (5).jpg,1.8179417e-06,0
740 (6).jpg,test\FAKE\740 (6).jpg,0.0,0
740 (7).jpg,test\FAKE\740 (7).jpg,0.0,0
740 (8).jpg,test\FAKE\740 (8).jpg,2.9802322e-08,0
740 (9).jpg,test\FAKE\740 (9).jpg,0.015025228,0
740.jpg,test\FAKE\740.jpg,0.00017532706,0
741 (10).jpg,test\FAKE\741 (10).jpg,2.1636486e-05,0
741 (2).jpg,test\FAKE\741 (2).jpg,0.0,0
741 (3).jpg,test\FAKE\741 (3).jpg,0.0,0
741 (4).jpg,test\FAKE\741 (4).jpg,0.0,0
741 (5).jpg,test\FAKE\741 (5).jpg,0.0,0
741 (6).jpg,test\FAKE\741 (6).jpg,0.0,0
741 (7).jpg,test\FAKE\741 (7).jpg,0.0,0
741 (8).jpg,test\FAKE\741 (8).jpg,0.0,0
741 (9).jpg,test\FAKE\741 (9).jpg,0.0,0
741.jpg,test\FAKE\741.jpg,0.0,0
742 (10).jpg,test\FAKE\742 (10).jpg,0.0,0
742 (2).jpg,test\FAKE\742 (2).jpg,0.0,0
742 (3).jpg,test\FAKE\742 (3).jpg,0.0,0
742 (4).jpg,test\FAKE\742 (4).jpg,0.0,0
742 (5).jpg,test\FAKE\742 (5).jpg,0.0,0
742 (6).jpg,test\FAKE\742 (6).jpg,0.0,0
742 (7).jpg,test\FAKE\742 (7).jpg,0.0,0
742 (8).jpg,test\FAKE\742 (8).jpg,0.0,0
742 (9).jpg,test\FAKE\742 (9).jpg,2.9802322e-08,0
742.jpg,test\FAKE\742.jpg,5.3048134e-06,0
743 (10).jpg,test\FAKE\743 (10).jpg,2.2649765e-06,0
743 (2).jpg,test\FAKE\743 (2).jpg,0.0,0
743 (3).jpg,test\FAKE\743 (3).jpg,0.0007828176,0
743 (4).jpg,test\FAKE\743 (4).jpg,4.7683716e-07,0
743 (5).jpg,test\FAKE\743 (5).jpg,0.0,0
743 (6).jpg,test\FAKE\743 (6).jpg,0.0,0
743 (7).jpg,test\FAKE\743 (7).jpg,0.0,0
743 (8).jpg,test\FAKE\743 (8).jpg,0.00030076504,0
743 (9).jpg,test\FAKE\743 (9).jpg,0.0,0
743.jpg,test\FAKE\743.jpg,2.0861626e-07,0
744 (10).jpg,test\FAKE\744 (10).jpg,0.0,0
744 (2).jpg,test\FAKE\744 (2).jpg,0.00013253093,0
744 (3).jpg,test\FAKE\744 (3).jpg,0.005583048,0
744 (4).jpg,test\FAKE\744 (4).jpg,0.0,0
744 (5).jpg,test\FAKE\744 (5).jpg,0.0,0
744 (6).jpg,test\FAKE\744 (6).jpg,0.0,0
744 (7).jpg,test\FAKE\744 (7).jpg,0.0,0
744 (8).jpg,test\FAKE\744 (8).jpg,0.0,0
744 (9).jpg,test\FAKE\744 (9).jpg,0.0,0
744.jpg,test\FAKE\744.jpg,2.6971102e-05,0
745 (10).jpg,test\FAKE\745 (10).jpg,0.00026088953,0
745 (2).jpg,test\FAKE\745 (2).jpg,0.0,0
745 (3).jpg,test\FAKE\745 (3).jpg,0.0,0
745 (4).jpg,test\FAKE\745 (4).jpg,0.0,0
745 (5).jpg,test\FAKE\745 (5).jpg,0.0,0
745 (6).jpg,test\FAKE\745 (6).jpg,0.0,0
745 (7).jpg,test\FAKE\745 (7).jpg,0.0,0
745 (8).jpg,test\FAKE\745 (8).jpg,0.001935482,0
745 (9).jpg,test\FAKE\745 (9).jpg,0.0,0
745.jpg,test\FAKE\745.jpg,0.00026994944,0
746 (10).jpg,test\FAKE\746 (10).jpg,0.0,0
746 (2).jpg,test\FAKE\746 (2).jpg,0.0,0
746 (3).jpg,test\FAKE\746 (3).jpg,0.12507048,0
746 (4).jpg,test\FAKE\746 (4).jpg,0.0,0
746 (5).jpg,test\FAKE\746 (5).jpg,0.004657924,0
746 (6).jpg,test\FAKE\746 (6).jpg,4.261732e-06,0
746 (7).jpg,test\FAKE\746 (7).jpg,0.0,0
746 (8).jpg,test\FAKE\746 (8).jpg,0.00067153573,0
746 (9).jpg,test\FAKE\746 (9).jpg,0.0,0
746.jpg,test\FAKE\746.jpg,3.4809113e-05,0
747 (10).jpg,test\FAKE\747 (10).jpg,0.0,0
747 (2).jpg,test\FAKE\747 (2).jpg,0.0,0
747 (3).jpg,test\FAKE\747 (3).jpg,0.0,0
747 (4).jpg,test\FAKE\747 (4).jpg,0.0,0
747 (5).jpg,test\FAKE\747 (5).jpg,0.0,0
747 (6).jpg,test\FAKE\747 (6).jpg,0.0,0
747 (7).jpg,test\FAKE\747 (7).jpg,0.0,0
747 (8).jpg,test\FAKE\747 (8).jpg,0.0,0
747 (9).jpg,test\FAKE\747 (9).jpg,9.936094e-05,0
747.jpg,test\FAKE\747.jpg,0.0,0
748 (10).jpg,test\FAKE\748 (10).jpg,0.0,0
748 (2).jpg,test\FAKE\748 (2).jpg,5.364418e-07,0
748 (3).jpg,test\FAKE\748 (3).jpg,0.0,0
748 (4).jpg,test\FAKE\748 (4).jpg,0.0,0
748 (5).jpg,test\FAKE\748 (5).jpg,0.0,0
748 (6).jpg,test\FAKE\748 (6).jpg,0.0,0
748 (7).jpg,test\FAKE\748 (7).jpg,0.0,0
748 (8).jpg,test\FAKE\748 (8).jpg,0.0,0
748 (9).jpg,test\FAKE\748 (9).jpg,0.0,0
748.jpg,test\FAKE\748.jpg,0.0,0
749 (10).jpg,test\FAKE\749 (10).jpg,0.0,0
749 (2).jpg,test\FAKE\749 (2).jpg,0.0,0
749 (3).jpg,test\FAKE\749 (3).jpg,3.296137e-05,0
749 (4).jpg,test\FAKE\749 (4).jpg,0.6873473,1
749 (5).jpg,test\FAKE\749 (5).jpg,2.9802322e-08,0
749 (6).jpg,test\FAKE\749 (6).jpg,5.9604645e-08,0
749 (7).jpg,test\FAKE\749 (7).jpg,0.0,0
749 (8).jpg,test\FAKE\749 (8).jpg,0.0,0
749 (9).jpg,test\FAKE\749 (9).jpg,1.3113022e-06,0
749.jpg,test\FAKE\749.jpg,0.0,0
75 (10).jpg,test\FAKE\75 (10).jpg,0.0005400479,0
75 (2).jpg,test\FAKE\75 (2).jpg,0.0,0
75 (3).jpg,test\FAKE\75 (3).jpg,0.02519676,0
75 (4).jpg,test\FAKE\75 (4).jpg,0.0026699603,0
75 (5).jpg,test\FAKE\75 (5).jpg,0.0,0
75 (6).jpg,test\FAKE\75 (6).jpg,0.0,0
75 (7).jpg,test\FAKE\75 (7).jpg,0.0,0
75 (8).jpg,test\FAKE\75 (8).jpg,0.0,0
75 (9).jpg,test\FAKE\75 (9).jpg,1.7046928e-05,0
75.jpg,test\FAKE\75.jpg,0.0,0
750 (10).jpg,test\FAKE\750 (10).jpg,0.0,0
750 (2).jpg,test\FAKE\750 (2).jpg,0.0,0
750 (3).jpg,test\FAKE\750 (3).jpg,2.0861626e-07,0
750 (4).jpg,test\FAKE\750 (4).jpg,0.0,0
750 (5).jpg,test\FAKE\750 (5).jpg,0.0,0
750 (6).jpg,test\FAKE\750 (6).jpg,0.0,0
750 (7).jpg,test\FAKE\750 (7).jpg,0.0,0
750 (8).jpg,test\FAKE\750 (8).jpg,0.0,0
750 (9).jpg,test\FAKE\750 (9).jpg,0.0,0
750.jpg,test\FAKE\750.jpg,0.0,0
751 (10).jpg,test\FAKE\751 (10).jpg,0.0020283163,0
751 (2).jpg,test\FAKE\751 (2).jpg,0.008377433,0
751 (3).jpg,test\FAKE\751 (3).jpg,2.9802322e-07,0
751 (4).jpg,test\FAKE\751 (4).jpg,0.0,0
751 (5).jpg,test\FAKE\751 (5).jpg,2.9802322e-08,0
751 (6).jpg,test\FAKE\751 (6).jpg,0.0,0
751 (7).jpg,test\FAKE\751 (7).jpg,1.347065e-05,0
751 (8).jpg,test\FAKE\751 (8).jpg,0.0,0
751 (9).jpg,test\FAKE\751 (9).jpg,0.0,0
751.jpg,test\FAKE\751.jpg,0.0,0
752 (10).jpg,test\FAKE\752 (10).jpg,0.0,0
752 (2).jpg,test\FAKE\752 (2).jpg,5.9604645e-08,0
752 (3).jpg,test\FAKE\752 (3).jpg,0.0,0
752 (4).jpg,test\FAKE\752 (4).jpg,0.0,0
752 (5).jpg,test\FAKE\752 (5).jpg,0.0,0
752 (6).jpg,test\FAKE\752 (6).jpg,0.0,0
752 (7).jpg,test\FAKE\752 (7).jpg,0.0,0
752 (8).jpg,test\FAKE\752 (8).jpg,0.0,0
752 (9).jpg,test\FAKE\752 (9).jpg,0.16640621,0
752.jpg,test\FAKE\752.jpg,0.0,0
753 (10).jpg,test\FAKE\753 (10).jpg,1.1920929e-07,0
753 (2).jpg,test\FAKE\753 (2).jpg,0.0,0
753 (3).jpg,test\FAKE\753 (3).jpg,0.0,0
753 (4).jpg,test\FAKE\753 (4).jpg,0.0,0
753 (5).jpg,test\FAKE\753 (5).jpg,4.172325e-07,0
753 (6).jpg,test\FAKE\753 (6).jpg,0.0,0
753 (7).jpg,test\FAKE\753 (7).jpg,0.0,0
753 (8).jpg,test\FAKE\753 (8).jpg,0.0,0
753 (9).jpg,test\FAKE\753 (9).jpg,0.0043025315,0
753.jpg,test\FAKE\753.jpg,0.0,0
754 (10).jpg,test\FAKE\754 (10).jpg,6.2584877e-07,0
754 (2).jpg,test\FAKE\754 (2).jpg,0.0,0
754 (3).jpg,test\FAKE\754 (3).jpg,2.9623508e-05,0
754 (4).jpg,test\FAKE\754 (4).jpg,0.96976054,1
754 (5).jpg,test\FAKE\754 (5).jpg,0.0,0
754 (6).jpg,test\FAKE\754 (6).jpg,0.0,0
754 (7).jpg,test\FAKE\754 (7).jpg,0.0,0
754 (8).jpg,test\FAKE\754 (8).jpg,0.0,0
754 (9).jpg,test\FAKE\754 (9).jpg,0.0,0
754.jpg,test\FAKE\754.jpg,0.0,0
755 (10).jpg,test\FAKE\755 (10).jpg,1.758337e-06,0
755 (2).jpg,test\FAKE\755 (2).jpg,0.0,0
755 (3).jpg,test\FAKE\755 (3).jpg,0.0,0
755 (4).jpg,test\FAKE\755 (4).jpg,0.0,0
755 (5).jpg,test\FAKE\755 (5).jpg,0.0,0
755 (6).jpg,test\FAKE\755 (6).jpg,0.0,0
755 (7).jpg,test\FAKE\755 (7).jpg,0.0,0
755 (8).jpg,test\FAKE\755 (8).jpg,0.0,0
755 (9).jpg,test\FAKE\755 (9).jpg,0.0,0
755.jpg,test\FAKE\755.jpg,0.0,0
756 (10).jpg,test\FAKE\756 (10).jpg,0.009944826,0
756 (2).jpg,test\FAKE\756 (2).jpg,0.0,0
756 (3).jpg,test\FAKE\756 (3).jpg,0.0,0
756 (4).jpg,test\FAKE\756 (4).jpg,0.0,0
756 (5).jpg,test\FAKE\756 (5).jpg,0.0,0
756 (6).jpg,test\FAKE\756 (6).jpg,0.0,0
756 (7).jpg,test\FAKE\756 (7).jpg,1.0997057e-05,0
756 (8).jpg,test\FAKE\756 (8).jpg,0.0,0
756 (9).jpg,test\FAKE\756 (9).jpg,3.8683414e-05,0
756.jpg,test\FAKE\756.jpg,0.0,0
757 (10).jpg,test\FAKE\757 (10).jpg,0.0,0
757 (2).jpg,test\FAKE\757 (2).jpg,0.0,0
757 (3).jpg,test\FAKE\757 (3).jpg,0.28789565,0
757 (4).jpg,test\FAKE\757 (4).jpg,0.0,0
757 (5).jpg,test\FAKE\757 (5).jpg,0.0,0
757 (6).jpg,test\FAKE\757 (6).jpg,0.0,0
757 (7).jpg,test\FAKE\757 (7).jpg,0.0,0
757 (8).jpg,test\FAKE\757 (8).jpg,0.0,0
757 (9).jpg,test\FAKE\757 (9).jpg,8.940697e-08,0
757.jpg,test\FAKE\757.jpg,0.0,0
758 (10).jpg,test\FAKE\758 (10).jpg,0.0,0
758 (2).jpg,test\FAKE\758 (2).jpg,0.0,0
758 (3).jpg,test\FAKE\758 (3).jpg,0.00033062696,0
758 (4).jpg,test\FAKE\758 (4).jpg,9.834766e-07,0
758 (5).jpg,test\FAKE\758 (5).jpg,0.0,0
758 (6).jpg,test\FAKE\758 (6).jpg,0.0,0
758 (7).jpg,test\FAKE\758 (7).jpg,0.0,0
758 (8).jpg,test\FAKE\758 (8).jpg,0.0,0
758 (9).jpg,test\FAKE\758 (9).jpg,0.17174634,0
758.jpg,test\FAKE\758.jpg,0.0,0
759 (10).jpg,test\FAKE\759 (10).jpg,0.0,0
759 (2).jpg,test\FAKE\759 (2).jpg,0.0,0
759 (3).jpg,test\FAKE\759 (3).jpg,0.25807828,0
759 (4).jpg,test\FAKE\759 (4).jpg,0.0,0
759 (5).jpg,test\FAKE\759 (5).jpg,0.0,0
759 (6).jpg,test\FAKE\759 (6).jpg,0.0,0
759 (7).jpg,test\FAKE\759 (7).jpg,0.0,0
759 (8).jpg,test\FAKE\759 (8).jpg,0.0,0
759 (9).jpg,test\FAKE\759 (9).jpg,1.4901161e-07,0
759.jpg,test\FAKE\759.jpg,5.9604645e-08,0
76 (10).jpg,test\FAKE\76 (10).jpg,0.0,0
76 (2).jpg,test\FAKE\76 (2).jpg,8.940697e-08,0
76 (3).jpg,test\FAKE\76 (3).jpg,0.00038570166,0
76 (4).jpg,test\FAKE\76 (4).jpg,0.0,0
76 (5).jpg,test\FAKE\76 (5).jpg,0.0,0
76 (6).jpg,test\FAKE\76 (6).jpg,0.0,0
76 (7).jpg,test\FAKE\76 (7).jpg,0.0,0
76 (8).jpg,test\FAKE\76 (8).jpg,0.0,0
76 (9).jpg,test\FAKE\76 (9).jpg,0.0,0
76.jpg,test\FAKE\76.jpg,1.4841557e-05,0
760 (10).jpg,test\FAKE\760 (10).jpg,5.930662e-06,0
760 (2).jpg,test\FAKE\760 (2).jpg,5.543232e-06,0
760 (3).jpg,test\FAKE\760 (3).jpg,0.0,0
760 (4).jpg,test\FAKE\760 (4).jpg,0.0,0
760 (5).jpg,test\FAKE\760 (5).jpg,3.2186508e-06,0
760 (6).jpg,test\FAKE\760 (6).jpg,7.867813e-06,0
760 (7).jpg,test\FAKE\760 (7).jpg,0.0,0
760 (8).jpg,test\FAKE\760 (8).jpg,9.387732e-06,0
760 (9).jpg,test\FAKE\760 (9).jpg,0.0,0
760.jpg,test\FAKE\760.jpg,0.0,0
761 (10).jpg,test\FAKE\761 (10).jpg,0.0,0
761 (2).jpg,test\FAKE\761 (2).jpg,0.017336726,0
761 (3).jpg,test\FAKE\761 (3).jpg,0.0,0
761 (4).jpg,test\FAKE\761 (4).jpg,0.0,0
761 (5).jpg,test\FAKE\761 (5).jpg,0.0,0
761 (6).jpg,test\FAKE\761 (6).jpg,0.0,0
761 (7).jpg,test\FAKE\761 (7).jpg,0.0,0
761 (8).jpg,test\FAKE\761 (8).jpg,0.0,0
761 (9).jpg,test\FAKE\761 (9).jpg,2.6226044e-05,0
761.jpg,test\FAKE\761.jpg,0.0,0
762 (10).jpg,test\FAKE\762 (10).jpg,0.0,0
762 (2).jpg,test\FAKE\762 (2).jpg,9.23872e-07,0
762 (3).jpg,test\FAKE\762 (3).jpg,1.0728836e-06,0
762 (4).jpg,test\FAKE\762 (4).jpg,0.0,0
762 (5).jpg,test\FAKE\762 (5).jpg,0.0,0
762 (6).jpg,test\FAKE\762 (6).jpg,0.0,0
762 (7).jpg,test\FAKE\762 (7).jpg,0.0,0
762 (8).jpg,test\FAKE\762 (8).jpg,0.0,0
762 (9).jpg,test\FAKE\762 (9).jpg,2.488494e-05,0
762.jpg,test\FAKE\762.jpg,0.0,0
763 (10).jpg,test\FAKE\763 (10).jpg,0.0,0
763 (2).jpg,test\FAKE\763 (2).jpg,0.0,0
763 (3).jpg,test\FAKE\763 (3).jpg,1.758337e-06,0
763 (4).jpg,test\FAKE\763 (4).jpg,2.9802322e-08,0
763 (5).jpg,test\FAKE\763 (5).jpg,0.0,0
763 (6).jpg,test\FAKE\763 (6).jpg,8.940697e-08,0
763 (7).jpg,test\FAKE\763 (7).jpg,0.0,0
763 (8).jpg,test\FAKE\763 (8).jpg,0.0,0
763 (9).jpg,test\FAKE\763 (9).jpg,0.0,0
763.jpg,test\FAKE\763.jpg,0.0,0
764 (10).jpg,test\FAKE\764 (10).jpg,1.937151e-06,0
764 (2).jpg,test\FAKE\764 (2).jpg,0.0,0
764 (3).jpg,test\FAKE\764 (3).jpg,0.00050494075,0
764 (4).jpg,test\FAKE\764 (4).jpg,0.0,0
764 (5).jpg,test\FAKE\764 (5).jpg,0.0,0
764 (6).jpg,test\FAKE\764 (6).jpg,8.651614e-05,0
764 (7).jpg,test\FAKE\764 (7).jpg,0.002320379,0
764 (8).jpg,test\FAKE\764 (8).jpg,0.0,0
764 (9).jpg,test\FAKE\764 (9).jpg,0.025202066,0
764.jpg,test\FAKE\764.jpg,0.0,0
765 (10).jpg,test\FAKE\765 (10).jpg,0.0,0
765 (2).jpg,test\FAKE\765 (2).jpg,0.0,0
765 (3).jpg,test\FAKE\765 (3).jpg,0.0,0
765 (4).jpg,test\FAKE\765 (4).jpg,0.0,0
765 (5).jpg,test\FAKE\765 (5).jpg,0.0,0
765 (6).jpg,test\FAKE\765 (6).jpg,0.0,0
765 (7).jpg,test\FAKE\765 (7).jpg,0.0,0
765 (8).jpg,test\FAKE\765 (8).jpg,0.0,0
765 (9).jpg,test\FAKE\765 (9).jpg,0.0032608807,0
765.jpg,test\FAKE\765.jpg,0.00088861585,0
766 (10).jpg,test\FAKE\766 (10).jpg,0.0,0
766 (2).jpg,test\FAKE\766 (2).jpg,0.0,0
766 (3).jpg,test\FAKE\766 (3).jpg,3.1024218e-05,0
766 (4).jpg,test\FAKE\766 (4).jpg,0.0,0
766 (5).jpg,test\FAKE\766 (5).jpg,0.0,0
766 (6).jpg,test\FAKE\766 (6).jpg,0.0,0
766 (7).jpg,test\FAKE\766 (7).jpg,0.0,0
766 (8).jpg,test\FAKE\766 (8).jpg,0.0,0
766 (9).jpg,test\FAKE\766 (9).jpg,5.1617622e-05,0
766.jpg,test\FAKE\766.jpg,0.0,0
767 (10).jpg,test\FAKE\767 (10).jpg,0.002005756,0
767 (2).jpg,test\FAKE\767 (2).jpg,0.0,0
767 (3).jpg,test\FAKE\767 (3).jpg,2.3841858e-07,0
767 (4).jpg,test\FAKE\767 (4).jpg,0.0001578629,0
767 (5).jpg,test\FAKE\767 (5).jpg,0.0,0
767 (6).jpg,test\FAKE\767 (6).jpg,0.0,0
767 (7).jpg,test\FAKE\767 (7).jpg,0.0,0
767 (8).jpg,test\FAKE\767 (8).jpg,8.940697e-08,0
767 (9).jpg,test\FAKE\767 (9).jpg,2.3245811e-06,0
767.jpg,test\FAKE\767.jpg,2.9802322e-08,0
768 (10).jpg,test\FAKE\768 (10).jpg,2.0176172e-05,0
768 (2).jpg,test\FAKE\768 (2).jpg,0.00013911724,0
768 (3).jpg,test\FAKE\768 (3).jpg,8.940697e-08,0
768 (4).jpg,test\FAKE\768 (4).jpg,0.005271256,0
768 (5).jpg,test\FAKE\768 (5).jpg,0.0,0
768 (6).jpg,test\FAKE\768 (6).jpg,0.036899835,0
768 (7).jpg,test\FAKE\768 (7).jpg,0.0,0
768 (8).jpg,test\FAKE\768 (8).jpg,1.3202429e-05,0
768 (9).jpg,test\FAKE\768 (9).jpg,0.0,0
768.jpg,test\FAKE\768.jpg,2.9802322e-08,0
769 (10).jpg,test\FAKE\769 (10).jpg,0.0,0
769 (2).jpg,test\FAKE\769 (2).jpg,0.0,0
769 (3).jpg,test\FAKE\769 (3).jpg,0.0,0
769 (4).jpg,test\FAKE\769 (4).jpg,0.00042307377,0
769 (5).jpg,test\FAKE\769 (5).jpg,0.0,0
769 (6).jpg,test\FAKE\769 (6).jpg,4.7832727e-05,0
769 (7).jpg,test\FAKE\769 (7).jpg,0.0,0
769 (8).jpg,test\FAKE\769 (8).jpg,0.0,0
769 (9).jpg,test\FAKE\769 (9).jpg,0.0,0
769.jpg,test\FAKE\769.jpg,0.0,0
77 (10).jpg,test\FAKE\77 (10).jpg,0.0017830133,0
77 (2).jpg,test\FAKE\77 (2).jpg,0.0,0
77 (3).jpg,test\FAKE\77 (3).jpg,2.9802322e-08,0
77 (4).jpg,test\FAKE\77 (4).jpg,0.0,0
77 (5).jpg,test\FAKE\77 (5).jpg,0.0,0
77 (6).jpg,test\FAKE\77 (6).jpg,5.13494e-05,0
77 (7).jpg,test\FAKE\77 (7).jpg,0.0,0
77 (8).jpg,test\FAKE\77 (8).jpg,0.0,0
77 (9).jpg,test\FAKE\77 (9).jpg,0.0,0
77.jpg,test\FAKE\77.jpg,0.0,0
770 (10).jpg,test\FAKE\770 (10).jpg,0.0,0
770 (2).jpg,test\FAKE\770 (2).jpg,8.34465e-07,0
770 (3).jpg,test\FAKE\770 (3).jpg,0.0,0
770 (4).jpg,test\FAKE\770 (4).jpg,3.5762787e-07,0
770 (5).jpg,test\FAKE\770 (5).jpg,0.0,0
770 (6).jpg,test\FAKE\770 (6).jpg,0.0,0
770 (7).jpg,test\FAKE\770 (7).jpg,0.0,0
770 (8).jpg,test\FAKE\770 (8).jpg,0.0,0
770 (9).jpg,test\FAKE\770 (9).jpg,0.0,0
770.jpg,test\FAKE\770.jpg,0.0,0
771 (10).jpg,test\FAKE\771 (10).jpg,0.0,0
771 (2).jpg,test\FAKE\771 (2).jpg,2.0384789e-05,0
771 (3).jpg,test\FAKE\771 (3).jpg,0.00030970573,0
771 (4).jpg,test\FAKE\771 (4).jpg,0.016136587,0
771 (5).jpg,test\FAKE\771 (5).jpg,0.0,0
771 (6).jpg,test\FAKE\771 (6).jpg,0.0,0
771 (7).jpg,test\FAKE\771 (7).jpg,0.0,0
771 (8).jpg,test\FAKE\771 (8).jpg,0.054116875,0
771 (9).jpg,test\FAKE\771 (9).jpg,0.0,0
771.jpg,test\FAKE\771.jpg,0.0,0
772 (10).jpg,test\FAKE\772 (10).jpg,0.0,0
772 (2).jpg,test\FAKE\772 (2).jpg,0.0,0
772 (3).jpg,test\FAKE\772 (3).jpg,0.056667715,0
772 (4).jpg,test\FAKE\772 (4).jpg,0.0,0
772 (5).jpg,test\FAKE\772 (5).jpg,0.0,0
772 (6).jpg,test\FAKE\772 (6).jpg,0.0,0
772 (7).jpg,test\FAKE\772 (7).jpg,0.0,0
772 (8).jpg,test\FAKE\772 (8).jpg,0.0,0
772 (9).jpg,test\FAKE\772 (9).jpg,0.052533418,0
772.jpg,test\FAKE\772.jpg,1.6331673e-05,0
773 (10).jpg,test\FAKE\773 (10).jpg,0.0,0
773 (2).jpg,test\FAKE\773 (2).jpg,0.0,0
773 (3).jpg,test\FAKE\773 (3).jpg,0.0,0
773 (4).jpg,test\FAKE\773 (4).jpg,0.0,0
773 (5).jpg,test\FAKE\773 (5).jpg,0.0,0
773 (6).jpg,test\FAKE\773 (6).jpg,0.0,0
773 (7).jpg,test\FAKE\773 (7).jpg,0.0,0
773 (8).jpg,test\FAKE\773 (8).jpg,0.0,0
773 (9).jpg,test\FAKE\773 (9).jpg,0.0,0
773.jpg,test\FAKE\773.jpg,0.0,0
774 (10).jpg,test\FAKE\774 (10).jpg,0.0,0
774 (2).jpg,test\FAKE\774 (2).jpg,0.0,0
774 (3).jpg,test\FAKE\774 (3).jpg,0.0,0
774 (4).jpg,test\FAKE\774 (4).jpg,0.0,0
774 (5).jpg,test\FAKE\774 (5).jpg,0.0,0
774 (6).jpg,test\FAKE\774 (6).jpg,0.0,0
774 (7).jpg,test\FAKE\774 (7).jpg,0.0,0
774 (8).jpg,test\FAKE\774 (8).jpg,3.3468008e-05,0
774 (9).jpg,test\FAKE\774 (9).jpg,0.0,0
774.jpg,test\FAKE\774.jpg,0.0,0
775 (10).jpg,test\FAKE\775 (10).jpg,0.0,0
775 (2).jpg,test\FAKE\775 (2).jpg,0.0,0
775 (3).jpg,test\FAKE\775 (3).jpg,0.13111743,0
775 (4).jpg,test\FAKE\775 (4).jpg,0.0,0
775 (5).jpg,test\FAKE\775 (5).jpg,0.0,0
775 (6).jpg,test\FAKE\775 (6).jpg,0.0,0
775 (7).jpg,test\FAKE\775 (7).jpg,0.0,0
775 (8).jpg,test\FAKE\775 (8).jpg,0.0,0
775 (9).jpg,test\FAKE\775 (9).jpg,0.0,0
775.jpg,test\FAKE\775.jpg,0.0,0
776 (10).jpg,test\FAKE\776 (10).jpg,0.0,0
776 (2).jpg,test\FAKE\776 (2).jpg,0.0065149367,0
776 (3).jpg,test\FAKE\776 (3).jpg,0.0,0
776 (4).jpg,test\FAKE\776 (4).jpg,0.0,0
776 (5).jpg,test\FAKE\776 (5).jpg,0.0,0
776 (6).jpg,test\FAKE\776 (6).jpg,0.0,0
776 (7).jpg,test\FAKE\776 (7).jpg,4.172325e-07,0
776 (8).jpg,test\FAKE\776 (8).jpg,0.0,0
776 (9).jpg,test\FAKE\776 (9).jpg,0.0,0
776.jpg,test\FAKE\776.jpg,0.0,0
777 (10).jpg,test\FAKE\777 (10).jpg,0.003232032,0
777 (2).jpg,test\FAKE\777 (2).jpg,0.0,0
777 (3).jpg,test\FAKE\777 (3).jpg,0.0,0
777 (4).jpg,test\FAKE\777 (4).jpg,0.0,0
777 (5).jpg,test\FAKE\777 (5).jpg,0.0,0
777 (6).jpg,test\FAKE\777 (6).jpg,0.0,0
777 (7).jpg,test\FAKE\777 (7).jpg,0.0,0
777 (8).jpg,test\FAKE\777 (8).jpg,0.0,0
777 (9).jpg,test\FAKE\777 (9).jpg,0.0,0
777.jpg,test\FAKE\777.jpg,0.0,0
778 (10).jpg,test\FAKE\778 (10).jpg,5.662441e-07,0
778 (2).jpg,test\FAKE\778 (2).jpg,0.0,0
778 (3).jpg,test\FAKE\778 (3).jpg,2.3841858e-07,0
778 (4).jpg,test\FAKE\778 (4).jpg,0.0,0
778 (5).jpg,test\FAKE\778 (5).jpg,0.0,0
778 (6).jpg,test\FAKE\778 (6).jpg,0.0,0
778 (7).jpg,test\FAKE\778 (7).jpg,0.0,0
778 (8).jpg,test\FAKE\778 (8).jpg,0.0,0
778 (9).jpg,test\FAKE\778 (9).jpg,3.33786e-06,0
778.jpg,test\FAKE\778.jpg,3.749132e-05,0
779 (10).jpg,test\FAKE\779 (10).jpg,4.6491623e-06,0
779 (2).jpg,test\FAKE\779 (2).jpg,0.0,0
779 (3).jpg,test\FAKE\779 (3).jpg,2.9802322e-08,0
779 (4).jpg,test\FAKE\779 (4).jpg,0.0,0
779 (5).jpg,test\FAKE\779 (5).jpg,0.0,0
779 (6).jpg,test\FAKE\779 (6).jpg,2.9802322e-08,0
779 (7).jpg,test\FAKE\779 (7).jpg,0.0,0
779 (8).jpg,test\FAKE\779 (8).jpg,0.00028544664,0
779 (9).jpg,test\FAKE\779 (9).jpg,8.383393e-05,0
779.jpg,test\FAKE\779.jpg,0.0,0
78 (10).jpg,test\FAKE\78 (10).jpg,0.0,0
78 (2).jpg,test\FAKE\78 (2).jpg,0.0,0
78 (3).jpg,test\FAKE\78 (3).jpg,0.08474684,0
78 (4).jpg,test\FAKE\78 (4).jpg,5.066395e-07,0
78 (5).jpg,test\FAKE\78 (5).jpg,0.0044728518,0
78 (6).jpg,test\FAKE\78 (6).jpg,0.0,0
78 (7).jpg,test\FAKE\78 (7).jpg,0.0,0
78 (8).jpg,test\FAKE\78 (8).jpg,0.0,0
78 (9).jpg,test\FAKE\78 (9).jpg,0.0004656613,0
78.jpg,test\FAKE\78.jpg,0.0,0
780 (10).jpg,test\FAKE\780 (10).jpg,0.00017219782,0
780 (2).jpg,test\FAKE\780 (2).jpg,0.0,0
780 (3).jpg,test\FAKE\780 (3).jpg,2.0861626e-07,0
780 (4).jpg,test\FAKE\780 (4).jpg,0.0,0
780 (5).jpg,test\FAKE\780 (5).jpg,0.0,0
780 (6).jpg,test\FAKE\780 (6).jpg,0.0,0
780 (7).jpg,test\FAKE\780 (7).jpg,0.0,0
780 (8).jpg,test\FAKE\780 (8).jpg,0.0,0
780 (9).jpg,test\FAKE\780 (9).jpg,0.0,0
780.jpg,test\FAKE\780.jpg,0.0,0
781 (10).jpg,test\FAKE\781 (10).jpg,0.0,0
781 (2).jpg,test\FAKE\781 (2).jpg,3.8176775e-05,0
781 (3).jpg,test\FAKE\781 (3).jpg,0.0011522472,0
781 (4).jpg,test\FAKE\781 (4).jpg,0.0,0
781 (5).jpg,test\FAKE\781 (5).jpg,0.0,0
781 (6).jpg,test\FAKE\781 (6).jpg,1.7881393e-07,0
781 (7).jpg,test\FAKE\781 (7).jpg,0.0,0
781 (8).jpg,test\FAKE\781 (8).jpg,0.0,0
781 (9).jpg,test\FAKE\781 (9).jpg,0.0,0
781.jpg,test\FAKE\781.jpg,0.0,0
782 (10).jpg,test\FAKE\782 (10).jpg,0.0,0
782 (2).jpg,test\FAKE\782 (2).jpg,0.00019693375,0
782 (3).jpg,test\FAKE\782 (3).jpg,0.0,0
782 (4).jpg,test\FAKE\782 (4).jpg,0.0,0
782 (5).jpg,test\FAKE\782 (5).jpg,8.940697e-08,0
782 (6).jpg,test\FAKE\782 (6).jpg,0.0,0
782 (7).jpg,test\FAKE\782 (7).jpg,0.0,0
782 (8).jpg,test\FAKE\782 (8).jpg,0.0,0
782 (9).jpg,test\FAKE\782 (9).jpg,0.0,0
782.jpg,test\FAKE\782.jpg,0.0,0
783 (10).jpg,test\FAKE\783 (10).jpg,2.9802322e-08,0
783 (2).jpg,test\FAKE\783 (2).jpg,0.0,0
783 (3).jpg,test\FAKE\783 (3).jpg,0.0,0
783 (4).jpg,test\FAKE\783 (4).jpg,0.0,0
783 (5).jpg,test\FAKE\783 (5).jpg,0.0,0
783 (6).jpg,test\FAKE\783 (6).jpg,5.066395e-07,0
783 (7).jpg,test\FAKE\783 (7).jpg,0.0,0
783 (8).jpg,test\FAKE\783 (8).jpg,0.0,0
783 (9).jpg,test\FAKE\783 (9).jpg,0.0,0
783.jpg,test\FAKE\783.jpg,0.0,0
784 (10).jpg,test\FAKE\784 (10).jpg,3.0010939e-05,0
784 (2).jpg,test\FAKE\784 (2).jpg,0.0,0
784 (3).jpg,test\FAKE\784 (3).jpg,0.0,0
784 (4).jpg,test\FAKE\784 (4).jpg,1.1920929e-07,0
784 (5).jpg,test\FAKE\784 (5).jpg,0.0,0
784 (6).jpg,test\FAKE\784 (6).jpg,2.5868416e-05,0
784 (7).jpg,test\FAKE\784 (7).jpg,0.0,0
784 (8).jpg,test\FAKE\784 (8).jpg,0.0,0
784 (9).jpg,test\FAKE\784 (9).jpg,0.0,0
784.jpg,test\FAKE\784.jpg,0.0,0
785 (10).jpg,test\FAKE\785 (10).jpg,0.0,0
785 (2).jpg,test\FAKE\785 (2).jpg,0.0,0
785 (3).jpg,test\FAKE\785 (3).jpg,0.0,0
785 (4).jpg,test\FAKE\785 (4).jpg,0.0,0
785 (5).jpg,test\FAKE\785 (5).jpg,0.0,0
785 (6).jpg,test\FAKE\785 (6).jpg,4.6789646e-06,0
785 (7).jpg,test\FAKE\785 (7).jpg,0.0,0
785 (8).jpg,test\FAKE\785 (8).jpg,0.025897503,0
785 (9).jpg,test\FAKE\785 (9).jpg,0.0,0
785.jpg,test\FAKE\785.jpg,0.0,0
786 (10).jpg,test\FAKE\786 (10).jpg,0.0,0
786 (2).jpg,test\FAKE\786 (2).jpg,0.0,0
786 (3).jpg,test\FAKE\786 (3).jpg,0.0,0
786 (4).jpg,test\FAKE\786 (4).jpg,0.0,0
786 (5).jpg,test\FAKE\786 (5).jpg,0.0004223287,0
786 (6).jpg,test\FAKE\786 (6).jpg,0.0,0
786 (7).jpg,test\FAKE\786 (7).jpg,0.0,0
786 (8).jpg,test\FAKE\786 (8).jpg,0.0,0
786 (9).jpg,test\FAKE\786 (9).jpg,0.0001488328,0
786.jpg,test\FAKE\786.jpg,0.0,0
787 (10).jpg,test\FAKE\787 (10).jpg,0.0,0
787 (2).jpg,test\FAKE\787 (2).jpg,0.0,0
787 (3).jpg,test\FAKE\787 (3).jpg,2.2053719e-06,0
787 (4).jpg,test\FAKE\787 (4).jpg,0.0,0
787 (5).jpg,test\FAKE\787 (5).jpg,0.0,0
787 (6).jpg,test\FAKE\787 (6).jpg,0.0,0
787 (7).jpg,test\FAKE\787 (7).jpg,0.0,0
787 (8).jpg,test\FAKE\787 (8).jpg,0.0,0
787 (9).jpg,test\FAKE\787 (9).jpg,0.0,0
787.jpg,test\FAKE\787.jpg,0.05848208,0
788 (10).jpg,test\FAKE\788 (10).jpg,0.0,0
788 (2).jpg,test\FAKE\788 (2).jpg,0.0,0
788 (3).jpg,test\FAKE\788 (3).jpg,0.03314811,0
788 (4).jpg,test\FAKE\788 (4).jpg,5.9604645e-08,0
788 (5).jpg,test\FAKE\788 (5).jpg,0.0,0
788 (6).jpg,test\FAKE\788 (6).jpg,0.0,0
788 (7).jpg,test\FAKE\788 (7).jpg,0.0,0
788 (8).jpg,test\FAKE\788 (8).jpg,1.1920929e-07,0
788 (9).jpg,test\FAKE\788 (9).jpg,0.0012416244,0
788.jpg,test\FAKE\788.jpg,0.00020802021,0
789 (10).jpg,test\FAKE\789 (10).jpg,0.0,0
789 (2).jpg,test\FAKE\789 (2).jpg,0.0,0
789 (3).jpg,test\FAKE\789 (3).jpg,1.4603138e-06,0
789 (4).jpg,test\FAKE\789 (4).jpg,0.0,0
789 (5).jpg,test\FAKE\789 (5).jpg,0.0,0
789 (6).jpg,test\FAKE\789 (6).jpg,1.1920929e-07,0
789 (7).jpg,test\FAKE\789 (7).jpg,0.0,0
789 (8).jpg,test\FAKE\789 (8).jpg,0.0,0
789 (9).jpg,test\FAKE\789 (9).jpg,9.23872e-07,0
789.jpg,test\FAKE\789.jpg,0.0,0
79 (10).jpg,test\FAKE\79 (10).jpg,0.002412349,0
79 (2).jpg,test\FAKE\79 (2).jpg,0.0,0
79 (3).jpg,test\FAKE\79 (3).jpg,0.015836805,0
79 (4).jpg,test\FAKE\79 (4).jpg,0.0,0
79 (5).jpg,test\FAKE\79 (5).jpg,0.0,0
79 (6).jpg,test\FAKE\79 (6).jpg,0.0,0
79 (7).jpg,test\FAKE\79 (7).jpg,0.0,0
79 (8).jpg,test\FAKE\79 (8).jpg,0.0,0
79 (9).jpg,test\FAKE\79 (9).jpg,0.0,0
79.jpg,test\FAKE\79.jpg,0.0,0
790 (10).jpg,test\FAKE\790 (10).jpg,0.0,0
790 (2).jpg,test\FAKE\790 (2).jpg,2.1755695e-06,0
790 (3).jpg,test\FAKE\790 (3).jpg,2.9802322e-08,0
790 (4).jpg,test\FAKE\790 (4).jpg,0.0,0
790 (5).jpg,test\FAKE\790 (5).jpg,0.0,0
790 (6).jpg,test\FAKE\790 (6).jpg,0.0,0
790 (7).jpg,test\FAKE\790 (7).jpg,0.0,0
790 (8).jpg,test\FAKE\790 (8).jpg,3.0100346e-06,0
790 (9).jpg,test\FAKE\790 (9).jpg,0.0,0
790.jpg,test\FAKE\790.jpg,0.0,0
791 (10).jpg,test\FAKE\791 (10).jpg,2.503395e-06,0
791 (2).jpg,test\FAKE\791 (2).jpg,0.0,0
791 (3).jpg,test\FAKE\791 (3).jpg,1.758337e-06,0
791 (4).jpg,test\FAKE\791 (4).jpg,0.0,0
791 (5).jpg,test\FAKE\791 (5).jpg,0.0,0
791 (6).jpg,test\FAKE\791 (6).jpg,0.0,0
791 (7).jpg,test\FAKE\791 (7).jpg,0.0,0
791 (8).jpg,test\FAKE\791 (8).jpg,0.0,0
791 (9).jpg,test\FAKE\791 (9).jpg,1.5318394e-05,0
791.jpg,test\FAKE\791.jpg,3.1590462e-06,0
792 (10).jpg,test\FAKE\792 (10).jpg,0.0,0
792 (2).jpg,test\FAKE\792 (2).jpg,0.0,0
792 (3).jpg,test\FAKE\792 (3).jpg,2.2053719e-05,0
792 (4).jpg,test\FAKE\792 (4).jpg,0.0,0
792 (5).jpg,test\FAKE\792 (5).jpg,0.0,0
792 (6).jpg,test\FAKE\792 (6).jpg,0.0,0
792 (7).jpg,test\FAKE\792 (7).jpg,0.0,0
792 (8).jpg,test\FAKE\792 (8).jpg,0.0,0
792 (9).jpg,test\FAKE\792 (9).jpg,0.0,0
792.jpg,test\FAKE\792.jpg,0.0,0
793 (10).jpg,test\FAKE\793 (10).jpg,2.1964312e-05,0
793 (2).jpg,test\FAKE\793 (2).jpg,0.0,0
793 (3).jpg,test\FAKE\793 (3).jpg,0.0,0
793 (4).jpg,test\FAKE\793 (4).jpg,4.4107437e-06,0
793 (5).jpg,test\FAKE\793 (5).jpg,0.0,0
793 (6).jpg,test\FAKE\793 (6).jpg,3.3080578e-06,0
793 (7).jpg,test\FAKE\793 (7).jpg,0.0,0
793 (8).jpg,test\FAKE\793 (8).jpg,4.5627356e-05,0
793 (9).jpg,test\FAKE\793 (9).jpg,0.0005787313,0
793.jpg,test\FAKE\793.jpg,0.0014900267,0
794 (10).jpg,test\FAKE\794 (10).jpg,1.4901161e-07,0
794 (2).jpg,test\FAKE\794 (2).jpg,0.0,0
794 (3).jpg,test\FAKE\794 (3).jpg,0.0,0
794 (4).jpg,test\FAKE\794 (4).jpg,0.0,0
794 (5).jpg,test\FAKE\794 (5).jpg,0.00021332502,0
794 (6).jpg,test\FAKE\794 (6).jpg,0.0,0
794 (7).jpg,test\FAKE\794 (7).jpg,0.0,0
794 (8).jpg,test\FAKE\794 (8).jpg,0.0,0
794 (9).jpg,test\FAKE\794 (9).jpg,0.0,0
794.jpg,test\FAKE\794.jpg,6.2584877e-07,0
795 (10).jpg,test\FAKE\795 (10).jpg,0.0,0
795 (2).jpg,test\FAKE\795 (2).jpg,0.0,0
795 (3).jpg,test\FAKE\795 (3).jpg,0.00016632676,0
795 (4).jpg,test\FAKE\795 (4).jpg,0.0,0
795 (5).jpg,test\FAKE\795 (5).jpg,0.0,0
795 (6).jpg,test\FAKE\795 (6).jpg,0.0,0
795 (7).jpg,test\FAKE\795 (7).jpg,0.0,0
795 (8).jpg,test\FAKE\795 (8).jpg,0.0,0
795 (9).jpg,test\FAKE\795 (9).jpg,0.0,0
795.jpg,test\FAKE\795.jpg,8.940697e-08,0
796 (10).jpg,test\FAKE\796 (10).jpg,9.536743e-07,0
796 (2).jpg,test\FAKE\796 (2).jpg,0.0011590123,0
796 (3).jpg,test\FAKE\796 (3).jpg,0.011750877,0
796 (4).jpg,test\FAKE\796 (4).jpg,0.0,0
796 (5).jpg,test\FAKE\796 (5).jpg,0.0,0
796 (6).jpg,test\FAKE\796 (6).jpg,0.0,0
796 (7).jpg,test\FAKE\796 (7).jpg,0.0,0
796 (8).jpg,test\FAKE\796 (8).jpg,0.0,0
796 (9).jpg,test\FAKE\796 (9).jpg,0.0,0
796.jpg,test\FAKE\796.jpg,2.9802322e-08,0
797 (10).jpg,test\FAKE\797 (10).jpg,0.0,0
797 (2).jpg,test\FAKE\797 (2).jpg,0.0,0
797 (3).jpg,test\FAKE\797 (3).jpg,7.56979e-06,0
797 (4).jpg,test\FAKE\797 (4).jpg,0.0,0
797 (5).jpg,test\FAKE\797 (5).jpg,6.765127e-06,0
797 (6).jpg,test\FAKE\797 (6).jpg,0.0004645884,0
797 (7).jpg,test\FAKE\797 (7).jpg,0.0,0
797 (8).jpg,test\FAKE\797 (8).jpg,0.0,0
797 (9).jpg,test\FAKE\797 (9).jpg,5.2124262e-05,0
797.jpg,test\FAKE\797.jpg,1.2218952e-06,0
798 (10).jpg,test\FAKE\798 (10).jpg,5.9604645e-07,0
798 (2).jpg,test\FAKE\798 (2).jpg,0.0,0
798 (3).jpg,test\FAKE\798 (3).jpg,0.0005108118,0
798 (4).jpg,test\FAKE\798 (4).jpg,0.0,0
798 (5).jpg,test\FAKE\798 (5).jpg,0.0,0
798 (6).jpg,test\FAKE\798 (6).jpg,0.0,0
798 (7).jpg,test\FAKE\798 (7).jpg,0.0,0
798 (8).jpg,test\FAKE\798 (8).jpg,0.0,0
798 (9).jpg,test\FAKE\798 (9).jpg,0.0,0
798.jpg,test\FAKE\798.jpg,0.0,0
799 (10).jpg,test\FAKE\799 (10).jpg,2.861023e-06,0
799 (2).jpg,test\FAKE\799 (2).jpg,0.0,0
799 (3).jpg,test\FAKE\799 (3).jpg,0.0,0
799 (4).jpg,test\FAKE\799 (4).jpg,0.0,0
799 (5).jpg,test\FAKE\799 (5).jpg,0.0,0
799 (6).jpg,test\FAKE\799 (6).jpg,0.0,0
799 (7).jpg,test\FAKE\799 (7).jpg,0.0,0
799 (8).jpg,test\FAKE\799 (8).jpg,0.0,0
799 (9).jpg,test\FAKE\799 (9).jpg,0.0,0
799.jpg,test\FAKE\799.jpg,0.0,0
8 (10).jpg,test\FAKE\8 (10).jpg,0.0,0
8 (2).jpg,test\FAKE\8 (2).jpg,0.0,0
8 (3).jpg,test\FAKE\8 (3).jpg,0.0,0
8 (4).jpg,test\FAKE\8 (4).jpg,0.0,0
8 (5).jpg,test\FAKE\8 (5).jpg,0.0,0
8 (6).jpg,test\FAKE\8 (6).jpg,0.0,0
8 (7).jpg,test\FAKE\8 (7).jpg,0.0,0
8 (8).jpg,test\FAKE\8 (8).jpg,0.0,0
8 (9).jpg,test\FAKE\8 (9).jpg,0.00014513731,0
8.jpg,test\FAKE\8.jpg,0.21106425,0
80 (10).jpg,test\FAKE\80 (10).jpg,1.4454126e-05,0
80 (2).jpg,test\FAKE\80 (2).jpg,0.0,0
80 (3).jpg,test\FAKE\80 (3).jpg,0.0,0
80 (4).jpg,test\FAKE\80 (4).jpg,0.0,0
80 (5).jpg,test\FAKE\80 (5).jpg,0.0,0
80 (6).jpg,test\FAKE\80 (6).jpg,3.5762787e-06,0
80 (7).jpg,test\FAKE\80 (7).jpg,0.0,0
80 (8).jpg,test\FAKE\80 (8).jpg,0.121364355,0
80 (9).jpg,test\FAKE\80 (9).jpg,0.0,0
80.jpg,test\FAKE\80.jpg,0.0,0
800 (10).jpg,test\FAKE\800 (10).jpg,0.0,0
800 (2).jpg,test\FAKE\800 (2).jpg,0.0,0
800 (3).jpg,test\FAKE\800 (3).jpg,5.9604645e-08,0
800 (4).jpg,test\FAKE\800 (4).jpg,0.0,0
800 (5).jpg,test\FAKE\800 (5).jpg,0.0,0
800 (6).jpg,test\FAKE\800 (6).jpg,0.0,0
800 (7).jpg,test\FAKE\800 (7).jpg,0.0,0
800 (8).jpg,test\FAKE\800 (8).jpg,0.0,0
800 (9).jpg,test\FAKE\800 (9).jpg,2.682209e-07,0
800.jpg,test\FAKE\800.jpg,0.0,0
801 (10).jpg,test\FAKE\801 (10).jpg,0.0,0
801 (2).jpg,test\FAKE\801 (2).jpg,7.1525574e-07,0
801 (3).jpg,test\FAKE\801 (3).jpg,3.4213066e-05,0
801 (4).jpg,test\FAKE\801 (4).jpg,0.0,0
801 (5).jpg,test\FAKE\801 (5).jpg,1.7881393e-07,0
801 (6).jpg,test\FAKE\801 (6).jpg,0.0,0
801 (7).jpg,test\FAKE\801 (7).jpg,0.0,0
801 (8).jpg,test\FAKE\801 (8).jpg,6.812811e-05,0
801 (9).jpg,test\FAKE\801 (9).jpg,0.00013798475,0
801.jpg,test\FAKE\801.jpg,1.6093254e-06,0
802 (10).jpg,test\FAKE\802 (10).jpg,0.0,0
802 (2).jpg,test\FAKE\802 (2).jpg,0.0,0
802 (3).jpg,test\FAKE\802 (3).jpg,0.0,0
802 (4).jpg,test\FAKE\802 (4).jpg,0.0,0
802 (5).jpg,test\FAKE\802 (5).jpg,0.0,0
802 (6).jpg,test\FAKE\802 (6).jpg,0.0,0
802 (7).jpg,test\FAKE\802 (7).jpg,0.0,0
802 (8).jpg,test\FAKE\802 (8).jpg,0.0,0
802 (9).jpg,test\FAKE\802 (9).jpg,0.00015088916,0
802.jpg,test\FAKE\802.jpg,2.4437904e-06,0
803 (10).jpg,test\FAKE\803 (10).jpg,2.9802322e-07,0
803 (2).jpg,test\FAKE\803 (2).jpg,0.0,0
803 (3).jpg,test\FAKE\803 (3).jpg,0.31019938,0
803 (4).jpg,test\FAKE\803 (4).jpg,8.195639e-05,0
803 (5).jpg,test\FAKE\803 (5).jpg,0.0,0
803 (6).jpg,test\FAKE\803 (6).jpg,0.0,0
803 (7).jpg,test\FAKE\803 (7).jpg,0.0,0
803 (8).jpg,test\FAKE\803 (8).jpg,0.0,0
803 (9).jpg,test\FAKE\803 (9).jpg,0.0,0
803.jpg,test\FAKE\803.jpg,0.0,0
804 (10).jpg,test\FAKE\804 (10).jpg,0.0,0
804 (2).jpg,test\FAKE\804 (2).jpg,0.0,0
804 (3).jpg,test\FAKE\804 (3).jpg,4.172325e-07,0
804 (4).jpg,test\FAKE\804 (4).jpg,0.0,0
804 (5).jpg,test\FAKE\804 (5).jpg,0.0,0
804 (6).jpg,test\FAKE\804 (6).jpg,0.0,0
804 (7).jpg,test\FAKE\804 (7).jpg,0.0,0
804 (8).jpg,test\FAKE\804 (8).jpg,0.0,0
804 (9).jpg,test\FAKE\804 (9).jpg,0.0,0
804.jpg,test\FAKE\804.jpg,0.0,0
805 (10).jpg,test\FAKE\805 (10).jpg,0.0,0
805 (2).jpg,test\FAKE\805 (2).jpg,0.0,0
805 (3).jpg,test\FAKE\805 (3).jpg,0.0,0
805 (4).jpg,test\FAKE\805 (4).jpg,0.0,0
805 (5).jpg,test\FAKE\805 (5).jpg,0.0,0
805 (6).jpg,test\FAKE\805 (6).jpg,0.0,0
805 (7).jpg,test\FAKE\805 (7).jpg,0.0,0
805 (8).jpg,test\FAKE\805 (8).jpg,0.00093364716,0
805 (9).jpg,test\FAKE\805 (9).jpg,0.0,0
805.jpg,test\FAKE\805.jpg,0.0,0
806 (10).jpg,test\FAKE\806 (10).jpg,0.00095039606,0
806 (2).jpg,test\FAKE\806 (2).jpg,5.9604645e-08,0
806 (3).jpg,test\FAKE\806 (3).jpg,2.771616e-06,0
806 (4).jpg,test\FAKE\806 (4).jpg,2.1755695e-06,0
806 (5).jpg,test\FAKE\806 (5).jpg,0.0,0
806 (6).jpg,test\FAKE\806 (6).jpg,0.0,0
806 (7).jpg,test\FAKE\806 (7).jpg,0.0,0
806 (8).jpg,test\FAKE\806 (8).jpg,0.0,0
806 (9).jpg,test\FAKE\806 (9).jpg,6.4730644e-05,0
806.jpg,test\FAKE\806.jpg,0.0,0
807 (10).jpg,test\FAKE\807 (10).jpg,0.0,0
807 (2).jpg,test\FAKE\807 (2).jpg,0.0,0
807 (3).jpg,test\FAKE\807 (3).jpg,1.3411045e-06,0
807 (4).jpg,test\FAKE\807 (4).jpg,0.0,0
807 (5).jpg,test\FAKE\807 (5).jpg,2.9802322e-08,0
807 (6).jpg,test\FAKE\807 (6).jpg,0.0,0
807 (7).jpg,test\FAKE\807 (7).jpg,0.0,0
807 (8).jpg,test\FAKE\807 (8).jpg,6.9737434e-06,0
807 (9).jpg,test\FAKE\807 (9).jpg,0.0,0
807.jpg,test\FAKE\807.jpg,0.0,0
808 (10).jpg,test\FAKE\808 (10).jpg,0.0180026,0
808 (2).jpg,test\FAKE\808 (2).jpg,0.0,0
808 (3).jpg,test\FAKE\808 (3).jpg,1.4007092e-06,0
808 (4).jpg,test\FAKE\808 (4).jpg,0.0,0
808 (5).jpg,test\FAKE\808 (5).jpg,0.0,0
808 (6).jpg,test\FAKE\808 (6).jpg,0.0,0
808 (7).jpg,test\FAKE\808 (7).jpg,0.0005823076,0
808 (8).jpg,test\FAKE\808 (8).jpg,0.0,0
808 (9).jpg,test\FAKE\808 (9).jpg,0.99692446,1
808.jpg,test\FAKE\808.jpg,0.00014314055,0
809 (10).jpg,test\FAKE\809 (10).jpg,3.424287e-05,0
809 (2).jpg,test\FAKE\809 (2).jpg,0.0,0
809 (3).jpg,test\FAKE\809 (3).jpg,0.091118485,0
809 (4).jpg,test\FAKE\809 (4).jpg,0.0,0
809 (5).jpg,test\FAKE\809 (5).jpg,0.0,0
809 (6).jpg,test\FAKE\809 (6).jpg,0.0,0
809 (7).jpg,test\FAKE\809 (7).jpg,0.0,0
809 (8).jpg,test\FAKE\809 (8).jpg,0.0,0
809 (9).jpg,test\FAKE\809 (9).jpg,0.0,0
809.jpg,test\FAKE\809.jpg,0.0,0
81 (10).jpg,test\FAKE\81 (10).jpg,0.0,0
81 (2).jpg,test\FAKE\81 (2).jpg,0.0,0
81 (3).jpg,test\FAKE\81 (3).jpg,0.0,0
81 (4).jpg,test\FAKE\81 (4).jpg,0.0005056262,0
81 (5).jpg,test\FAKE\81 (5).jpg,0.0,0
81 (6).jpg,test\FAKE\81 (6).jpg,0.0,0
81 (7).jpg,test\FAKE\81 (7).jpg,0.0,0
81 (8).jpg,test\FAKE\81 (8).jpg,0.0,0
81 (9).jpg,test\FAKE\81 (9).jpg,1.7881393e-07,0
81.jpg,test\FAKE\81.jpg,1.1920929e-07,0
810 (10).jpg,test\FAKE\810 (10).jpg,0.00032421947,0
810 (2).jpg,test\FAKE\810 (2).jpg,0.0,0
810 (3).jpg,test\FAKE\810 (3).jpg,0.0,0
810 (4).jpg,test\FAKE\810 (4).jpg,0.0,0
810 (5).jpg,test\FAKE\810 (5).jpg,0.0,0
810 (6).jpg,test\FAKE\810 (6).jpg,0.0,0
810 (7).jpg,test\FAKE\810 (7).jpg,0.0,0
810 (8).jpg,test\FAKE\810 (8).jpg,0.00015240908,0
810 (9).jpg,test\FAKE\810 (9).jpg,0.0,0
810.jpg,test\FAKE\810.jpg,0.0,0
811 (10).jpg,test\FAKE\811 (10).jpg,2.7120113e-06,0
811 (2).jpg,test\FAKE\811 (2).jpg,0.0,0
811 (3).jpg,test\FAKE\811 (3).jpg,0.004359305,0
811 (4).jpg,test\FAKE\811 (4).jpg,0.0,0
811 (5).jpg,test\FAKE\811 (5).jpg,0.0,0
811 (6).jpg,test\FAKE\811 (6).jpg,0.0,0
811 (7).jpg,test\FAKE\811 (7).jpg,0.0,0
811 (8).jpg,test\FAKE\811 (8).jpg,0.0,0
811 (9).jpg,test\FAKE\811 (9).jpg,0.6908416,1
811.jpg,test\FAKE\811.jpg,5.9604645e-08,0
812 (10).jpg,test\FAKE\812 (10).jpg,0.0,0
812 (2).jpg,test\FAKE\812 (2).jpg,4.7683716e-07,0
812 (3).jpg,test\FAKE\812 (3).jpg,0.0,0
812 (4).jpg,test\FAKE\812 (4).jpg,0.0,0
812 (5).jpg,test\FAKE\812 (5).jpg,0.0,0
812 (6).jpg,test\FAKE\812 (6).jpg,0.0,0
812 (7).jpg,test\FAKE\812 (7).jpg,0.0,0
812 (8).jpg,test\FAKE\812 (8).jpg,2.9802322e-08,0
812 (9).jpg,test\FAKE\812 (9).jpg,0.0,0
812.jpg,test\FAKE\812.jpg,0.0,0
813 (10).jpg,test\FAKE\813 (10).jpg,0.0,0
813 (2).jpg,test\FAKE\813 (2).jpg,0.0,0
813 (3).jpg,test\FAKE\813 (3).jpg,0.0,0
813 (4).jpg,test\FAKE\813 (4).jpg,0.0,0
813 (5).jpg,test\FAKE\813 (5).jpg,0.00053709745,0
813 (6).jpg,test\FAKE\813 (6).jpg,0.0,0
813 (7).jpg,test\FAKE\813 (7).jpg,0.0,0
813 (8).jpg,test\FAKE\813 (8).jpg,0.0,0
813 (9).jpg,test\FAKE\813 (9).jpg,0.0,0
813.jpg,test\FAKE\813.jpg,5.9604645e-08,0
814 (10).jpg,test\FAKE\814 (10).jpg,0.0,0
814 (2).jpg,test\FAKE\814 (2).jpg,7.1525574e-07,0
814 (3).jpg,test\FAKE\814 (3).jpg,0.40872175,0
814 (4).jpg,test\FAKE\814 (4).jpg,0.0,0
814 (5).jpg,test\FAKE\814 (5).jpg,0.0,0
814 (6).jpg,test\FAKE\814 (6).jpg,0.0,0
814 (7).jpg,test\FAKE\814 (7).jpg,0.0,0
814 (8).jpg,test\FAKE\814 (8).jpg,1.4901161e-06,0
814 (9).jpg,test\FAKE\814 (9).jpg,3.3080578e-05,0
814.jpg,test\FAKE\814.jpg,0.0,0
815 (10).jpg,test\FAKE\815 (10).jpg,1.9073486e-06,0
815 (2).jpg,test\FAKE\815 (2).jpg,2.8908253e-06,0
815 (3).jpg,test\FAKE\815 (3).jpg,5.7786703e-05,0
815 (4).jpg,test\FAKE\815 (4).jpg,0.0,0
815 (5).jpg,test\FAKE\815 (5).jpg,0.0,0
815 (6).jpg,test\FAKE\815 (6).jpg,0.0,0
815 (7).jpg,test\FAKE\815 (7).jpg,0.0,0
815 (8).jpg,test\FAKE\815 (8).jpg,0.0,0
815 (9).jpg,test\FAKE\815 (9).jpg,0.0,0
815.jpg,test\FAKE\815.jpg,0.0,0
816 (10).jpg,test\FAKE\816 (10).jpg,0.0,0
816 (2).jpg,test\FAKE\816 (2).jpg,0.0,0
816 (3).jpg,test\FAKE\816 (3).jpg,0.5419015,1
816 (4).jpg,test\FAKE\816 (4).jpg,0.0,0
816 (5).jpg,test\FAKE\816 (5).jpg,0.0,0
816 (6).jpg,test\FAKE\816 (6).jpg,0.0,0
816 (7).jpg,test\FAKE\816 (7).jpg,0.0,0
816 (8).jpg,test\FAKE\816 (8).jpg,0.0,0
816 (9).jpg,test\FAKE\816 (9).jpg,9.512901e-05,0
816.jpg,test\FAKE\816.jpg,0.0,0
817 (10).jpg,test\FAKE\817 (10).jpg,6.082654e-05,0
817 (2).jpg,test\FAKE\817 (2).jpg,0.0,0
817 (3).jpg,test\FAKE\817 (3).jpg,0.024163127,0
817 (4).jpg,test\FAKE\817 (4).jpg,0.12110174,0
817 (5).jpg,test\FAKE\817 (5).jpg,0.0,0
817 (6).jpg,test\FAKE\817 (6).jpg,0.0,0
817 (7).jpg,test\FAKE\817 (7).jpg,0.0,0
817 (8).jpg,test\FAKE\817 (8).jpg,0.0,0
817 (9).jpg,test\FAKE\817 (9).jpg,0.001527667,0
817.jpg,test\FAKE\817.jpg,0.0,0
818 (10).jpg,test\FAKE\818 (10).jpg,5.364418e-07,0
818 (2).jpg,test\FAKE\818 (2).jpg,0.0,0
818 (3).jpg,test\FAKE\818 (3).jpg,0.0005257726,0
818 (4).jpg,test\FAKE\818 (4).jpg,0.0,0
818 (5).jpg,test\FAKE\818 (5).jpg,5.9604645e-08,0
818 (6).jpg,test\FAKE\818 (6).jpg,1.7642975e-05,0
818 (7).jpg,test\FAKE\818 (7).jpg,0.0,0
818 (8).jpg,test\FAKE\818 (8).jpg,0.0,0
818 (9).jpg,test\FAKE\818 (9).jpg,3.2782555e-07,0
818.jpg,test\FAKE\818.jpg,0.0,0
819 (10).jpg,test\FAKE\819 (10).jpg,0.0036162138,0
819 (2).jpg,test\FAKE\819 (2).jpg,2.9802322e-08,0
819 (3).jpg,test\FAKE\819 (3).jpg,3.0100346e-06,0
819 (4).jpg,test\FAKE\819 (4).jpg,0.0,0
819 (5).jpg,test\FAKE\819 (5).jpg,0.0,0
819 (6).jpg,test\FAKE\819 (6).jpg,0.0,0
819 (7).jpg,test\FAKE\819 (7).jpg,0.0,0
819 (8).jpg,test\FAKE\819 (8).jpg,0.019741744,0
819 (9).jpg,test\FAKE\819 (9).jpg,0.0,0
819.jpg,test\FAKE\819.jpg,0.0,0
82 (10).jpg,test\FAKE\82 (10).jpg,0.011519581,0
82 (2).jpg,test\FAKE\82 (2).jpg,0.0,0
82 (3).jpg,test\FAKE\82 (3).jpg,0.017302245,0
82 (4).jpg,test\FAKE\82 (4).jpg,0.0,0
82 (5).jpg,test\FAKE\82 (5).jpg,0.0054823756,0
82 (6).jpg,test\FAKE\82 (6).jpg,0.0,0
82 (7).jpg,test\FAKE\82 (7).jpg,0.0,0
82 (8).jpg,test\FAKE\82 (8).jpg,0.0,0
82 (9).jpg,test\FAKE\82 (9).jpg,0.0,0
82.jpg,test\FAKE\82.jpg,2.3841858e-06,0
820 (10).jpg,test\FAKE\820 (10).jpg,8.940697e-08,0
820 (2).jpg,test\FAKE\820 (2).jpg,0.0,0
820 (3).jpg,test\FAKE\820 (3).jpg,0.0,0
820 (4).jpg,test\FAKE\820 (4).jpg,0.0003337264,0
820 (5).jpg,test\FAKE\820 (5).jpg,0.0046502054,0
820 (6).jpg,test\FAKE\820 (6).jpg,0.0,0
820 (7).jpg,test\FAKE\820 (7).jpg,0.0,0
820 (8).jpg,test\FAKE\820 (8).jpg,2.0861626e-07,0
820 (9).jpg,test\FAKE\820 (9).jpg,0.0,0
820.jpg,test\FAKE\820.jpg,0.0,0
821 (10).jpg,test\FAKE\821 (10).jpg,1.1920929e-07,0
821 (2).jpg,test\FAKE\821 (2).jpg,0.0,0
821 (3).jpg,test\FAKE\821 (3).jpg,1.4901161e-07,0
821 (4).jpg,test\FAKE\821 (4).jpg,0.0,0
821 (5).jpg,test\FAKE\821 (5).jpg,0.0,0
821 (6).jpg,test\FAKE\821 (6).jpg,0.0,0
821 (7).jpg,test\FAKE\821 (7).jpg,0.0,0
821 (8).jpg,test\FAKE\821 (8).jpg,2.9802322e-08,0
821 (9).jpg,test\FAKE\821 (9).jpg,0.0,0
821.jpg,test\FAKE\821.jpg,0.0,0
822 (10).jpg,test\FAKE\822 (10).jpg,0.0,0
822 (2).jpg,test\FAKE\822 (2).jpg,0.0,0
822 (3).jpg,test\FAKE\822 (3).jpg,4.2021275e-06,0
822 (4).jpg,test\FAKE\822 (4).jpg,0.0,0
822 (5).jpg,test\FAKE\822 (5).jpg,0.0,0
822 (6).jpg,test\FAKE\822 (6).jpg,0.0,0
822 (7).jpg,test\FAKE\822 (7).jpg,0.0,0
822 (8).jpg,test\FAKE\822 (8).jpg,0.6918087,1
822 (9).jpg,test\FAKE\822 (9).jpg,0.0,0
822.jpg,test\FAKE\822.jpg,1.4901161e-07,0
823 (10).jpg,test\FAKE\823 (10).jpg,0.0,0
823 (2).jpg,test\FAKE\823 (2).jpg,0.0,0
823 (3).jpg,test\FAKE\823 (3).jpg,0.0024660826,0
823 (4).jpg,test\FAKE\823 (4).jpg,0.0,0
823 (5).jpg,test\FAKE\823 (5).jpg,0.0,0
823 (6).jpg,test\FAKE\823 (6).jpg,7.659197e-06,0
823 (7).jpg,test\FAKE\823 (7).jpg,0.0,0
823 (8).jpg,test\FAKE\823 (8).jpg,0.0,0
823 (9).jpg,test\FAKE\823 (9).jpg,0.0,0
823.jpg,test\FAKE\823.jpg,0.0,0
824 (10).jpg,test\FAKE\824 (10).jpg,5.4836273e-06,0
824 (2).jpg,test\FAKE\824 (2).jpg,0.0,0
824 (3).jpg,test\FAKE\824 (3).jpg,0.0,0
824 (4).jpg,test\FAKE\824 (4).jpg,2.1129847e-05,0
824 (5).jpg,test\FAKE\824 (5).jpg,0.0,0
824 (6).jpg,test\FAKE\824 (6).jpg,0.0,0
824 (7).jpg,test\FAKE\824 (7).jpg,0.0,0
824 (8).jpg,test\FAKE\824 (8).jpg,0.0,0
824 (9).jpg,test\FAKE\824 (9).jpg,2.9802322e-08,0
824.jpg,test\FAKE\824.jpg,0.0,0
825 (10).jpg,test\FAKE\825 (10).jpg,1.1920929e-07,0
825 (2).jpg,test\FAKE\825 (2).jpg,0.0,0
825 (3).jpg,test\FAKE\825 (3).jpg,0.00018280745,0
825 (4).jpg,test\FAKE\825 (4).jpg,2.9802322e-07,0
825 (5).jpg,test\FAKE\825 (5).jpg,0.0,0
825 (6).jpg,test\FAKE\825 (6).jpg,0.002025485,0
825 (7).jpg,test\FAKE\825 (7).jpg,0.0,0
825 (8).jpg,test\FAKE\825 (8).jpg,0.0,0
825 (9).jpg,test\FAKE\825 (9).jpg,0.0,0
825.jpg,test\FAKE\825.jpg,8.800626e-05,0
826 (10).jpg,test\FAKE\826 (10).jpg,0.0,0
826 (2).jpg,test\FAKE\826 (2).jpg,0.0,0
826 (3).jpg,test\FAKE\826 (3).jpg,0.00029060245,0
826 (4).jpg,test\FAKE\826 (4).jpg,0.0,0
826 (5).jpg,test\FAKE\826 (5).jpg,4.3213367e-06,0
826 (6).jpg,test\FAKE\826 (6).jpg,0.0,0
826 (7).jpg,test\FAKE\826 (7).jpg,5.9604645e-08,0
826 (8).jpg,test\FAKE\826 (8).jpg,0.0,0
826 (9).jpg,test\FAKE\826 (9).jpg,0.0,0
826.jpg,test\FAKE\826.jpg,0.0,0
827 (10).jpg,test\FAKE\827 (10).jpg,0.0,0
827 (2).jpg,test\FAKE\827 (2).jpg,0.0,0
827 (3).jpg,test\FAKE\827 (3).jpg,0.0,0
827 (4).jpg,test\FAKE\827 (4).jpg,0.0,0
827 (5).jpg,test\FAKE\827 (5).jpg,0.0,0
827 (6).jpg,test\FAKE\827 (6).jpg,2.3841858e-07,0
827 (7).jpg,test\FAKE\827 (7).jpg,0.0,0
827 (8).jpg,test\FAKE\827 (8).jpg,0.0,0
827 (9).jpg,test\FAKE\827 (9).jpg,0.0,0
827.jpg,test\FAKE\827.jpg,8.940697e-08,0
828 (10).jpg,test\FAKE\828 (10).jpg,0.0,0
828 (2).jpg,test\FAKE\828 (2).jpg,0.0,0
828 (3).jpg,test\FAKE\828 (3).jpg,0.0,0
828 (4).jpg,test\FAKE\828 (4).jpg,1.4901161e-07,0
828 (5).jpg,test\FAKE\828 (5).jpg,0.0,0
828 (6).jpg,test\FAKE\828 (6).jpg,0.0,0
828 (7).jpg,test\FAKE\828 (7).jpg,0.0,0
828 (8).jpg,test\FAKE\828 (8).jpg,0.0,0
828 (9).jpg,test\FAKE\828 (9).jpg,0.0,0
828.jpg,test\FAKE\828.jpg,0.2049577,0
829 (10).jpg,test\FAKE\829 (10).jpg,2.9802322e-08,0
829 (2).jpg,test\FAKE\829 (2).jpg,2.3841858e-07,0
829 (3).jpg,test\FAKE\829 (3).jpg,0.36158752,0
829 (4).jpg,test\FAKE\829 (4).jpg,0.0,0
829 (5).jpg,test\FAKE\829 (5).jpg,0.0,0
829 (6).jpg,test\FAKE\829 (6).jpg,0.0,0
829 (7).jpg,test\FAKE\829 (7).jpg,0.0009521842,0
829 (8).jpg,test\FAKE\829 (8).jpg,0.0,0
829 (9).jpg,test\FAKE\829 (9).jpg,0.0,0
829.jpg,test\FAKE\829.jpg,0.0,0
83 (10).jpg,test\FAKE\83 (10).jpg,0.0,0
83 (2).jpg,test\FAKE\83 (2).jpg,0.0,0
83 (3).jpg,test\FAKE\83 (3).jpg,0.0,0
83 (4).jpg,test\FAKE\83 (4).jpg,0.0,0
83 (5).jpg,test\FAKE\83 (5).jpg,1.4901161e-07,0
83 (6).jpg,test\FAKE\83 (6).jpg,0.0,0
83 (7).jpg,test\FAKE\83 (7).jpg,0.0,0
83 (8).jpg,test\FAKE\83 (8).jpg,0.0,0
83 (9).jpg,test\FAKE\83 (9).jpg,2.6226044e-06,0
83.jpg,test\FAKE\83.jpg,0.0,0
830 (10).jpg,test\FAKE\830 (10).jpg,0.0,0
830 (2).jpg,test\FAKE\830 (2).jpg,0.0043328106,0
830 (3).jpg,test\FAKE\830 (3).jpg,0.091882825,0
830 (4).jpg,test\FAKE\830 (4).jpg,0.0,0
830 (5).jpg,test\FAKE\830 (5).jpg,0.0,0
830 (6).jpg,test\FAKE\830 (6).jpg,0.0,0
830 (7).jpg,test\FAKE\830 (7).jpg,0.0,0
830 (8).jpg,test\FAKE\830 (8).jpg,1.9967556e-06,0
830 (9).jpg,test\FAKE\830 (9).jpg,0.0,0
830.jpg,test\FAKE\830.jpg,0.00010511279,0
831 (10).jpg,test\FAKE\831 (10).jpg,0.0,0
831 (2).jpg,test\FAKE\831 (2).jpg,9.23872e-07,0
831 (3).jpg,test\FAKE\831 (3).jpg,0.0,0
831 (4).jpg,test\FAKE\831 (4).jpg,0.00018256903,0
831 (5).jpg,test\FAKE\831 (5).jpg,0.00013795495,0
831 (6).jpg,test\FAKE\831 (6).jpg,7.659197e-06,0
831 (7).jpg,test\FAKE\831 (7).jpg,0.0,0
831 (8).jpg,test\FAKE\831 (8).jpg,6.556511e-07,0
831 (9).jpg,test\FAKE\831 (9).jpg,0.0,0
831.jpg,test\FAKE\831.jpg,0.0,0
832 (10).jpg,test\FAKE\832 (10).jpg,0.0,0
832 (2).jpg,test\FAKE\832 (2).jpg,1.6629696e-05,0
832 (3).jpg,test\FAKE\832 (3).jpg,0.023252577,0
832 (4).jpg,test\FAKE\832 (4).jpg,0.0,0
832 (5).jpg,test\FAKE\832 (5).jpg,0.0,0
832 (6).jpg,test\FAKE\832 (6).jpg,1.4871359e-05,0
832 (7).jpg,test\FAKE\832 (7).jpg,0.0,0
832 (8).jpg,test\FAKE\832 (8).jpg,1.1920929e-06,0
832 (9).jpg,test\FAKE\832 (9).jpg,0.0,0
832.jpg,test\FAKE\832.jpg,0.0,0
833 (10).jpg,test\FAKE\833 (10).jpg,2.682209e-07,0
833 (2).jpg,test\FAKE\833 (2).jpg,0.0,0
833 (3).jpg,test\FAKE\833 (3).jpg,5.9604645e-08,0
833 (4).jpg,test\FAKE\833 (4).jpg,0.0,0
833 (5).jpg,test\FAKE\833 (5).jpg,0.0,0
833 (6).jpg,test\FAKE\833 (6).jpg,0.0,0
833 (7).jpg,test\FAKE\833 (7).jpg,0.0,0
833 (8).jpg,test\FAKE\833 (8).jpg,1.7881393e-07,0
833 (9).jpg,test\FAKE\833 (9).jpg,4.2170286e-05,0
833.jpg,test\FAKE\833.jpg,5.364418e-07,0
834 (10).jpg,test\FAKE\834 (10).jpg,0.0,0
834 (2).jpg,test\FAKE\834 (2).jpg,0.0,0
834 (3).jpg,test\FAKE\834 (3).jpg,0.0017601252,0
834 (4).jpg,test\FAKE\834 (4).jpg,0.0,0
834 (5).jpg,test\FAKE\834 (5).jpg,0.0,0
834 (6).jpg,test\FAKE\834 (6).jpg,0.0,0
834 (7).jpg,test\FAKE\834 (7).jpg,0.0,0
834 (8).jpg,test\FAKE\834 (8).jpg,0.0,0
834 (9).jpg,test\FAKE\834 (9).jpg,0.00088232756,0
834.jpg,test\FAKE\834.jpg,2.9802322e-08,0
835 (10).jpg,test\FAKE\835 (10).jpg,0.0,0
835 (2).jpg,test\FAKE\835 (2).jpg,0.0,0
835 (3).jpg,test\FAKE\835 (3).jpg,0.0,0
835 (4).jpg,test\FAKE\835 (4).jpg,0.0,0
835 (5).jpg,test\FAKE\835 (5).jpg,0.0,0
835 (6).jpg,test\FAKE\835 (6).jpg,0.0,0
835 (7).jpg,test\FAKE\835 (7).jpg,0.0,0
835 (8).jpg,test\FAKE\835 (8).jpg,0.0,0
835 (9).jpg,test\FAKE\835 (9).jpg,0.0,0
835.jpg,test\FAKE\835.jpg,5.9604645e-08,0
836 (10).jpg,test\FAKE\836 (10).jpg,1.6361475e-05,0
836 (2).jpg,test\FAKE\836 (2).jpg,0.0,0
836 (3).jpg,test\FAKE\836 (3).jpg,0.26944104,0
836 (4).jpg,test\FAKE\836 (4).jpg,0.995883,1
836 (5).jpg,test\FAKE\836 (5).jpg,2.682209e-07,0
836 (6).jpg,test\FAKE\836 (6).jpg,0.0,0
836 (7).jpg,test\FAKE\836 (7).jpg,0.0,0
836 (8).jpg,test\FAKE\836 (8).jpg,0.0,0
836 (9).jpg,test\FAKE\836 (9).jpg,0.0,0
836.jpg,test\FAKE\836.jpg,0.0,0
837 (10).jpg,test\FAKE\837 (10).jpg,0.0,0
837 (2).jpg,test\FAKE\837 (2).jpg,0.0,0
837 (3).jpg,test\FAKE\837 (3).jpg,0.0,0
837 (4).jpg,test\FAKE\837 (4).jpg,0.0,0
837 (5).jpg,test\FAKE\837 (5).jpg,0.0,0
837 (6).jpg,test\FAKE\837 (6).jpg,2.1457672e-06,0
837 (7).jpg,test\FAKE\837 (7).jpg,0.0,0
837 (8).jpg,test\FAKE\837 (8).jpg,0.0,0
837 (9).jpg,test\FAKE\837 (9).jpg,2.9802322e-08,0
837.jpg,test\FAKE\837.jpg,0.018543512,0
838 (10).jpg,test\FAKE\838 (10).jpg,1.1920929e-07,0
838 (2).jpg,test\FAKE\838 (2).jpg,7.340312e-05,0
838 (3).jpg,test\FAKE\838 (3).jpg,0.0,0
838 (4).jpg,test\FAKE\838 (4).jpg,0.0,0
838 (5).jpg,test\FAKE\838 (5).jpg,0.0,0
838 (6).jpg,test\FAKE\838 (6).jpg,0.0,0
838 (7).jpg,test\FAKE\838 (7).jpg,2.2351742e-06,0
838 (8).jpg,test\FAKE\838 (8).jpg,0.0,0
838 (9).jpg,test\FAKE\838 (9).jpg,0.0,0
838.jpg,test\FAKE\838.jpg,0.0,0
839 (10).jpg,test\FAKE\839 (10).jpg,0.0,0
839 (2).jpg,test\FAKE\839 (2).jpg,1.2636185e-05,0
839 (3).jpg,test\FAKE\839 (3).jpg,1.7881393e-07,0
839 (4).jpg,test\FAKE\839 (4).jpg,5.9604645e-08,0
839 (5).jpg,test\FAKE\839 (5).jpg,0.0,0
839 (6).jpg,test\FAKE\839 (6).jpg,0.003915608,0
839 (7).jpg,test\FAKE\839 (7).jpg,0.0,0
839 (8).jpg,test\FAKE\839 (8).jpg,0.0,0
839 (9).jpg,test\FAKE\839 (9).jpg,2.4735928e-06,0
839.jpg,test\FAKE\839.jpg,2.9802322e-08,0
84 (10).jpg,test\FAKE\84 (10).jpg,8.416176e-05,0
84 (2).jpg,test\FAKE\84 (2).jpg,5.733967e-05,0
84 (3).jpg,test\FAKE\84 (3).jpg,2.3841858e-07,0
84 (4).jpg,test\FAKE\84 (4).jpg,0.0,0
84 (5).jpg,test\FAKE\84 (5).jpg,0.0,0
84 (6).jpg,test\FAKE\84 (6).jpg,0.0,0
84 (7).jpg,test\FAKE\84 (7).jpg,3.2484531e-06,0
84 (8).jpg,test\FAKE\84 (8).jpg,0.0,0
84 (9).jpg,test\FAKE\84 (9).jpg,5.3346157e-06,0
84.jpg,test\FAKE\84.jpg,0.0,0
840 (10).jpg,test\FAKE\840 (10).jpg,3.8444996e-06,0
840 (2).jpg,test\FAKE\840 (2).jpg,0.0,0
840 (3).jpg,test\FAKE\840 (3).jpg,2.0861626e-07,0
840 (4).jpg,test\FAKE\840 (4).jpg,0.0,0
840 (5).jpg,test\FAKE\840 (5).jpg,0.0,0
840 (6).jpg,test\FAKE\840 (6).jpg,0.0,0
840 (7).jpg,test\FAKE\840 (7).jpg,0.0,0
840 (8).jpg,test\FAKE\840 (8).jpg,3.2782555e-07,0
840 (9).jpg,test\FAKE\840 (9).jpg,0.0,0
840.jpg,test\FAKE\840.jpg,0.0,0
841 (10).jpg,test\FAKE\841 (10).jpg,9.536743e-07,0
841 (2).jpg,test\FAKE\841 (2).jpg,0.0,0
841 (3).jpg,test\FAKE\841 (3).jpg,0.0,0
841 (4).jpg,test\FAKE\841 (4).jpg,2.9802322e-08,0
841 (5).jpg,test\FAKE\841 (5).jpg,0.0,0
841 (6).jpg,test\FAKE\841 (6).jpg,2.9861927e-05,0
841 (7).jpg,test\FAKE\841 (7).jpg,0.0,0
841 (8).jpg,test\FAKE\841 (8).jpg,0.0,0
841 (9).jpg,test\FAKE\841 (9).jpg,0.0,0
841.jpg,test\FAKE\841.jpg,1.7881393e-07,0
842 (10).jpg,test\FAKE\842 (10).jpg,0.0,0
842 (2).jpg,test\FAKE\842 (2).jpg,0.0,0
842 (3).jpg,test\FAKE\842 (3).jpg,0.0,0
842 (4).jpg,test\FAKE\842 (4).jpg,0.0,0
842 (5).jpg,test\FAKE\842 (5).jpg,0.0,0
842 (6).jpg,test\FAKE\842 (6).jpg,0.0,0
842 (7).jpg,test\FAKE\842 (7).jpg,0.0,0
842 (8).jpg,test\FAKE\842 (8).jpg,0.0,0
842 (9).jpg,test\FAKE\842 (9).jpg,0.0,0
842.jpg,test\FAKE\842.jpg,0.00029724836,0
843 (10).jpg,test\FAKE\843 (10).jpg,0.0,0
843 (2).jpg,test\FAKE\843 (2).jpg,0.0,0
843 (3).jpg,test\FAKE\843 (3).jpg,0.0,0
843 (4).jpg,test\FAKE\843 (4).jpg,0.0,0
843 (5).jpg,test\FAKE\843 (5).jpg,0.0,0
843 (6).jpg,test\FAKE\843 (6).jpg,0.0,0
843 (7).jpg,test\FAKE\843 (7).jpg,0.0,0
843 (8).jpg,test\FAKE\843 (8).jpg,0.0,0
843 (9).jpg,test\FAKE\843 (9).jpg,0.0,0
843.jpg,test\FAKE\843.jpg,0.0050916374,0
844 (10).jpg,test\FAKE\844 (10).jpg,0.0056419075,0
844 (2).jpg,test\FAKE\844 (2).jpg,0.0,0
844 (3).jpg,test\FAKE\844 (3).jpg,0.032951027,0
844 (4).jpg,test\FAKE\844 (4).jpg,0.0,0
844 (5).jpg,test\FAKE\844 (5).jpg,0.0,0
844 (6).jpg,test\FAKE\844 (6).jpg,0.0,0
844 (7).jpg,test\FAKE\844 (7).jpg,6.264448e-05,0
844 (8).jpg,test\FAKE\844 (8).jpg,0.0,0
844 (9).jpg,test\FAKE\844 (9).jpg,0.56368846,1
844.jpg,test\FAKE\844.jpg,0.0,0
845 (10).jpg,test\FAKE\845 (10).jpg,0.0,0
845 (2).jpg,test\FAKE\845 (2).jpg,0.0,0
845 (3).jpg,test\FAKE\845 (3).jpg,0.0,0
845 (4).jpg,test\FAKE\845 (4).jpg,0.0,0
845 (5).jpg,test\FAKE\845 (5).jpg,0.0,0
845 (6).jpg,test\FAKE\845 (6).jpg,0.00020384789,0
845 (7).jpg,test\FAKE\845 (7).jpg,0.0,0
845 (8).jpg,test\FAKE\845 (8).jpg,0.0,0
845 (9).jpg,test\FAKE\845 (9).jpg,3.2782555e-06,0
845.jpg,test\FAKE\845.jpg,0.0,0
846 (10).jpg,test\FAKE\846 (10).jpg,0.0,0
846 (2).jpg,test\FAKE\846 (2).jpg,0.0,0
846 (3).jpg,test\FAKE\846 (3).jpg,0.0007995069,0
846 (4).jpg,test\FAKE\846 (4).jpg,0.0,0
846 (5).jpg,test\FAKE\846 (5).jpg,0.0,0
846 (6).jpg,test\FAKE\846 (6).jpg,0.0,0
846 (7).jpg,test\FAKE\846 (7).jpg,0.0,0
846 (8).jpg,test\FAKE\846 (8).jpg,0.0010797381,0
846 (9).jpg,test\FAKE\846 (9).jpg,1.0251999e-05,0
846.jpg,test\FAKE\846.jpg,0.0,0
847 (10).jpg,test\FAKE\847 (10).jpg,2.5629997e-06,0
847 (2).jpg,test\FAKE\847 (2).jpg,0.0,0
847 (3).jpg,test\FAKE\847 (3).jpg,0.0,0
847 (4).jpg,test\FAKE\847 (4).jpg,5.9604645e-08,0
847 (5).jpg,test\FAKE\847 (5).jpg,0.0,0
847 (6).jpg,test\FAKE\847 (6).jpg,0.0,0
847 (7).jpg,test\FAKE\847 (7).jpg,0.0,0
847 (8).jpg,test\FAKE\847 (8).jpg,0.0,0
847 (9).jpg,test\FAKE\847 (9).jpg,5.066395e-07,0
847.jpg,test\FAKE\847.jpg,0.0,0
848 (10).jpg,test\FAKE\848 (10).jpg,0.0,0
848 (2).jpg,test\FAKE\848 (2).jpg,0.0,0
848 (3).jpg,test\FAKE\848 (3).jpg,0.0,0
848 (4).jpg,test\FAKE\848 (4).jpg,0.0,0
848 (5).jpg,test\FAKE\848 (5).jpg,0.0,0
848 (6).jpg,test\FAKE\848 (6).jpg,0.0,0
848 (7).jpg,test\FAKE\848 (7).jpg,0.0,0
848 (8).jpg,test\FAKE\848 (8).jpg,0.0,0
848 (9).jpg,test\FAKE\848 (9).jpg,0.0,0
848.jpg,test\FAKE\848.jpg,0.00091066957,0
849 (10).jpg,test\FAKE\849 (10).jpg,0.0,0
849 (2).jpg,test\FAKE\849 (2).jpg,0.0029638112,0
849 (3).jpg,test\FAKE\849 (3).jpg,1.013279e-06,0
849 (4).jpg,test\FAKE\849 (4).jpg,0.0,0
849 (5).jpg,test\FAKE\849 (5).jpg,0.0,0
849 (6).jpg,test\FAKE\849 (6).jpg,0.0028496385,0
849 (7).jpg,test\FAKE\849 (7).jpg,0.0,0
849 (8).jpg,test\FAKE\849 (8).jpg,0.0,0
849 (9).jpg,test\FAKE\849 (9).jpg,0.0008446276,0
849.jpg,test\FAKE\849.jpg,1.7881393e-07,0
85 (10).jpg,test\FAKE\85 (10).jpg,0.0,0
85 (2).jpg,test\FAKE\85 (2).jpg,0.028593808,0
85 (3).jpg,test\FAKE\85 (3).jpg,3.784895e-06,0
85 (4).jpg,test\FAKE\85 (4).jpg,0.0,0
85 (5).jpg,test\FAKE\85 (5).jpg,0.0009537339,0
85 (6).jpg,test\FAKE\85 (6).jpg,0.0,0
85 (7).jpg,test\FAKE\85 (7).jpg,0.0,0
85 (8).jpg,test\FAKE\85 (8).jpg,0.0,0
85 (9).jpg,test\FAKE\85 (9).jpg,2.0861626e-07,0
85.jpg,test\FAKE\85.jpg,0.0,0
850 (10).jpg,test\FAKE\850 (10).jpg,0.0,0
850 (2).jpg,test\FAKE\850 (2).jpg,0.0,0
850 (3).jpg,test\FAKE\850 (3).jpg,1.8119812e-05,0
850 (4).jpg,test\FAKE\850 (4).jpg,8.940697e-08,0
850 (5).jpg,test\FAKE\850 (5).jpg,0.0,0
850 (6).jpg,test\FAKE\850 (6).jpg,0.0,0
850 (7).jpg,test\FAKE\850 (7).jpg,0.0,0
850 (8).jpg,test\FAKE\850 (8).jpg,1.66893e-06,0
850 (9).jpg,test\FAKE\850 (9).jpg,1.2457371e-05,0
850.jpg,test\FAKE\850.jpg,0.0,0
851 (10).jpg,test\FAKE\851 (10).jpg,2.682209e-07,0
851 (2).jpg,test\FAKE\851 (2).jpg,0.0,0
851 (3).jpg,test\FAKE\851 (3).jpg,0.00019970536,0
851 (4).jpg,test\FAKE\851 (4).jpg,0.0,0
851 (5).jpg,test\FAKE\851 (5).jpg,0.0,0
851 (6).jpg,test\FAKE\851 (6).jpg,0.0008081198,0
851 (7).jpg,test\FAKE\851 (7).jpg,0.0,0
851 (8).jpg,test\FAKE\851 (8).jpg,0.0,0
851 (9).jpg,test\FAKE\851 (9).jpg,0.0,0
851.jpg,test\FAKE\851.jpg,0.0,0
852 (10).jpg,test\FAKE\852 (10).jpg,6.556511e-07,0
852 (2).jpg,test\FAKE\852 (2).jpg,0.0,0
852 (3).jpg,test\FAKE\852 (3).jpg,2.8908253e-06,0
852 (4).jpg,test\FAKE\852 (4).jpg,0.00012409687,0
852 (5).jpg,test\FAKE\852 (5).jpg,0.0,0
852 (6).jpg,test\FAKE\852 (6).jpg,0.0,0
852 (7).jpg,test\FAKE\852 (7).jpg,2.682209e-07,0
852 (8).jpg,test\FAKE\852 (8).jpg,0.00036910176,0
852 (9).jpg,test\FAKE\852 (9).jpg,0.0,0
852.jpg,test\FAKE\852.jpg,1.463294e-05,0
853 (10).jpg,test\FAKE\853 (10).jpg,0.0,0
853 (2).jpg,test\FAKE\853 (2).jpg,0.0,0
853 (3).jpg,test\FAKE\853 (3).jpg,2.4437904e-06,0
853 (4).jpg,test\FAKE\853 (4).jpg,0.0,0
853 (5).jpg,test\FAKE\853 (5).jpg,8.940697e-08,0
853 (6).jpg,test\FAKE\853 (6).jpg,0.0,0
853 (7).jpg,test\FAKE\853 (7).jpg,0.0,0
853 (8).jpg,test\FAKE\853 (8).jpg,0.0,0
853 (9).jpg,test\FAKE\853 (9).jpg,0.0,0
853.jpg,test\FAKE\853.jpg,0.0,0
854 (10).jpg,test\FAKE\854 (10).jpg,0.0,0
854 (2).jpg,test\FAKE\854 (2).jpg,0.0,0
854 (3).jpg,test\FAKE\854 (3).jpg,1.7881393e-07,0
854 (4).jpg,test\FAKE\854 (4).jpg,0.0,0
854 (5).jpg,test\FAKE\854 (5).jpg,0.0,0
854 (6).jpg,test\FAKE\854 (6).jpg,0.0,0
854 (7).jpg,test\FAKE\854 (7).jpg,0.0,0
854 (8).jpg,test\FAKE\854 (8).jpg,0.0,0
854 (9).jpg,test\FAKE\854 (9).jpg,2.9802322e-08,0
854.jpg,test\FAKE\854.jpg,0.0,0
855 (10).jpg,test\FAKE\855 (10).jpg,0.0,0
855 (2).jpg,test\FAKE\855 (2).jpg,0.0,0
855 (3).jpg,test\FAKE\855 (3).jpg,0.00039356947,0
855 (4).jpg,test\FAKE\855 (4).jpg,0.0,0
855 (5).jpg,test\FAKE\855 (5).jpg,0.70066607,1
855 (6).jpg,test\FAKE\855 (6).jpg,0.0,0
855 (7).jpg,test\FAKE\855 (7).jpg,0.0,0
855 (8).jpg,test\FAKE\855 (8).jpg,0.0,0
855 (9).jpg,test\FAKE\855 (9).jpg,0.0,0
855.jpg,test\FAKE\855.jpg,0.0,0
856 (10).jpg,test\FAKE\856 (10).jpg,0.0,0
856 (2).jpg,test\FAKE\856 (2).jpg,0.0,0
856 (3).jpg,test\FAKE\856 (3).jpg,0.0,0
856 (4).jpg,test\FAKE\856 (4).jpg,0.0,0
856 (5).jpg,test\FAKE\856 (5).jpg,0.0,0
856 (6).jpg,test\FAKE\856 (6).jpg,0.0,0
856 (7).jpg,test\FAKE\856 (7).jpg,0.0,0
856 (8).jpg,test\FAKE\856 (8).jpg,0.0,0
856 (9).jpg,test\FAKE\856 (9).jpg,0.0,0
856.jpg,test\FAKE\856.jpg,0.0,0
857 (10).jpg,test\FAKE\857 (10).jpg,2.3841858e-06,0
857 (2).jpg,test\FAKE\857 (2).jpg,0.0,0
857 (3).jpg,test\FAKE\857 (3).jpg,1.1771917e-05,0
857 (4).jpg,test\FAKE\857 (4).jpg,0.0,0
857 (5).jpg,test\FAKE\857 (5).jpg,0.0,0
857 (6).jpg,test\FAKE\857 (6).jpg,0.0,0
857 (7).jpg,test\FAKE\857 (7).jpg,0.0,0
857 (8).jpg,test\FAKE\857 (8).jpg,2.9802322e-08,0
857 (9).jpg,test\FAKE\857 (9).jpg,0.0,0
857.jpg,test\FAKE\857.jpg,0.0,0
858 (10).jpg,test\FAKE\858 (10).jpg,0.0,0
858 (2).jpg,test\FAKE\858 (2).jpg,0.0004428327,0
858 (3).jpg,test\FAKE\858 (3).jpg,0.00314942,0
858 (4).jpg,test\FAKE\858 (4).jpg,4.261732e-06,0
858 (5).jpg,test\FAKE\858 (5).jpg,0.00023844838,0
858 (6).jpg,test\FAKE\858 (6).jpg,0.0,0
858 (7).jpg,test\FAKE\858 (7).jpg,0.0,0
858 (8).jpg,test\FAKE\858 (8).jpg,0.0,0
858 (9).jpg,test\FAKE\858 (9).jpg,6.556511e-07,0
858.jpg,test\FAKE\858.jpg,6.854534e-07,0
859 (10).jpg,test\FAKE\859 (10).jpg,0.0,0
859 (2).jpg,test\FAKE\859 (2).jpg,0.00023436546,0
859 (3).jpg,test\FAKE\859 (3).jpg,1.6987324e-06,0
859 (4).jpg,test\FAKE\859 (4).jpg,0.0,0
859 (5).jpg,test\FAKE\859 (5).jpg,0.0,0
859 (6).jpg,test\FAKE\859 (6).jpg,0.0,0
859 (7).jpg,test\FAKE\859 (7).jpg,0.0,0
859 (8).jpg,test\FAKE\859 (8).jpg,0.0,0
859 (9).jpg,test\FAKE\859 (9).jpg,0.00014868379,0
859.jpg,test\FAKE\859.jpg,0.0,0
86 (10).jpg,test\FAKE\86 (10).jpg,1.79708e-05,0
86 (2).jpg,test\FAKE\86 (2).jpg,0.0,0
86 (3).jpg,test\FAKE\86 (3).jpg,0.0,0
86 (4).jpg,test\FAKE\86 (4).jpg,5.9604645e-08,0
86 (5).jpg,test\FAKE\86 (5).jpg,0.0,0
86 (6).jpg,test\FAKE\86 (6).jpg,0.0,0
86 (7).jpg,test\FAKE\86 (7).jpg,0.0,0
86 (8).jpg,test\FAKE\86 (8).jpg,0.0004413724,0
86 (9).jpg,test\FAKE\86 (9).jpg,0.001349926,0
86.jpg,test\FAKE\86.jpg,0.774055,1
860 (10).jpg,test\FAKE\860 (10).jpg,0.0,0
860 (2).jpg,test\FAKE\860 (2).jpg,0.0,0
860 (3).jpg,test\FAKE\860 (3).jpg,0.10900402,0
860 (4).jpg,test\FAKE\860 (4).jpg,0.0,0
860 (5).jpg,test\FAKE\860 (5).jpg,0.0,0
860 (6).jpg,test\FAKE\860 (6).jpg,0.0,0
860 (7).jpg,test\FAKE\860 (7).jpg,0.0,0
860 (8).jpg,test\FAKE\860 (8).jpg,2.6524067e-06,0
860 (9).jpg,test\FAKE\860 (9).jpg,0.0,0
860.jpg,test\FAKE\860.jpg,4.979968e-05,0
861 (10).jpg,test\FAKE\861 (10).jpg,2.887845e-05,0
861 (2).jpg,test\FAKE\861 (2).jpg,0.0,0
861 (3).jpg,test\FAKE\861 (3).jpg,0.0,0
861 (4).jpg,test\FAKE\861 (4).jpg,1.1920929e-07,0
861 (5).jpg,test\FAKE\861 (5).jpg,0.0,0
861 (6).jpg,test\FAKE\861 (6).jpg,0.0,0
861 (7).jpg,test\FAKE\861 (7).jpg,0.0,0
861 (8).jpg,test\FAKE\861 (8).jpg,0.0,0
861 (9).jpg,test\FAKE\861 (9).jpg,0.0,0
861.jpg,test\FAKE\861.jpg,0.0,0
862 (10).jpg,test\FAKE\862 (10).jpg,0.0,0
862 (2).jpg,test\FAKE\862 (2).jpg,0.0,0
862 (3).jpg,test\FAKE\862 (3).jpg,0.0016413033,0
862 (4).jpg,test\FAKE\862 (4).jpg,0.0,0
862 (5).jpg,test\FAKE\862 (5).jpg,8.940697e-08,0
862 (6).jpg,test\FAKE\862 (6).jpg,0.0,0
862 (7).jpg,test\FAKE\862 (7).jpg,0.0,0
862 (8).jpg,test\FAKE\862 (8).jpg,0.0,0
862 (9).jpg,test\FAKE\862 (9).jpg,1.7881393e-07,0
862.jpg,test\FAKE\862.jpg,0.0,0
863 (10).jpg,test\FAKE\863 (10).jpg,0.0,0
863 (2).jpg,test\FAKE\863 (2).jpg,0.0,0
863 (3).jpg,test\FAKE\863 (3).jpg,0.0,0
863 (4).jpg,test\FAKE\863 (4).jpg,0.0,0
863 (5).jpg,test\FAKE\863 (5).jpg,0.0,0
863 (6).jpg,test\FAKE\863 (6).jpg,0.0,0
863 (7).jpg,test\FAKE\863 (7).jpg,0.0,0
863 (8).jpg,test\FAKE\863 (8).jpg,0.0,0
863 (9).jpg,test\FAKE\863 (9).jpg,0.0,0
863.jpg,test\FAKE\863.jpg,0.0,0
864 (10).jpg,test\FAKE\864 (10).jpg,0.00032231212,0
864 (2).jpg,test\FAKE\864 (2).jpg,0.0,0
864 (3).jpg,test\FAKE\864 (3).jpg,8.940697e-08,0
864 (4).jpg,test\FAKE\864 (4).jpg,1.5199184e-06,0
864 (5).jpg,test\FAKE\864 (5).jpg,0.0,0
864 (6).jpg,test\FAKE\864 (6).jpg,4.7683716e-07,0
864 (7).jpg,test\FAKE\864 (7).jpg,0.0,0
864 (8).jpg,test\FAKE\864 (8).jpg,0.0,0
864 (9).jpg,test\FAKE\864 (9).jpg,0.0064812303,0
864.jpg,test\FAKE\864.jpg,0.0,0
865 (10).jpg,test\FAKE\865 (10).jpg,0.0,0
865 (2).jpg,test\FAKE\865 (2).jpg,0.006267071,0
865 (3).jpg,test\FAKE\865 (3).jpg,0.0,0
865 (4).jpg,test\FAKE\865 (4).jpg,0.0,0
865 (5).jpg,test\FAKE\865 (5).jpg,0.0,0
865 (6).jpg,test\FAKE\865 (6).jpg,0.0,0
865 (7).jpg,test\FAKE\865 (7).jpg,0.0,0
865 (8).jpg,test\FAKE\865 (8).jpg,0.0,0
865 (9).jpg,test\FAKE\865 (9).jpg,0.0,0
865.jpg,test\FAKE\865.jpg,0.0,0
866 (10).jpg,test\FAKE\866 (10).jpg,0.0,0
866 (2).jpg,test\FAKE\866 (2).jpg,0.0,0
866 (3).jpg,test\FAKE\866 (3).jpg,0.0,0
866 (4).jpg,test\FAKE\866 (4).jpg,0.0,0
866 (5).jpg,test\FAKE\866 (5).jpg,0.0,0
866 (6).jpg,test\FAKE\866 (6).jpg,0.0,0
866 (7).jpg,test\FAKE\866 (7).jpg,0.1696508,0
866 (8).jpg,test\FAKE\866 (8).jpg,0.088769644,0
866 (9).jpg,test\FAKE\866 (9).jpg,0.0,0
866.jpg,test\FAKE\866.jpg,2.5629997e-06,0
867 (10).jpg,test\FAKE\867 (10).jpg,0.0,0
867 (2).jpg,test\FAKE\867 (2).jpg,0.0,0
867 (3).jpg,test\FAKE\867 (3).jpg,1.5497208e-06,0
867 (4).jpg,test\FAKE\867 (4).jpg,0.00048840046,0
867 (5).jpg,test\FAKE\867 (5).jpg,0.0,0
867 (6).jpg,test\FAKE\867 (6).jpg,0.0,0
867 (7).jpg,test\FAKE\867 (7).jpg,0.0,0
867 (8).jpg,test\FAKE\867 (8).jpg,0.0,0
867 (9).jpg,test\FAKE\867 (9).jpg,1.8537045e-05,0
867.jpg,test\FAKE\867.jpg,5.364418e-07,0
868 (10).jpg,test\FAKE\868 (10).jpg,0.0,0
868 (2).jpg,test\FAKE\868 (2).jpg,0.0,0
868 (3).jpg,test\FAKE\868 (3).jpg,6.559491e-05,0
868 (4).jpg,test\FAKE\868 (4).jpg,0.00020083785,0
868 (5).jpg,test\FAKE\868 (5).jpg,0.0,0
868 (6).jpg,test\FAKE\868 (6).jpg,0.0,0
868 (7).jpg,test\FAKE\868 (7).jpg,0.0,0
868 (8).jpg,test\FAKE\868 (8).jpg,0.00021636486,0
868 (9).jpg,test\FAKE\868 (9).jpg,0.0,0
868.jpg,test\FAKE\868.jpg,0.0,0
869 (10).jpg,test\FAKE\869 (10).jpg,0.0,0
869 (2).jpg,test\FAKE\869 (2).jpg,0.0,0
869 (3).jpg,test\FAKE\869 (3).jpg,8.702278e-06,0
869 (4).jpg,test\FAKE\869 (4).jpg,0.005814731,0
869 (5).jpg,test\FAKE\869 (5).jpg,0.0,0
869 (6).jpg,test\FAKE\869 (6).jpg,0.0,0
869 (7).jpg,test\FAKE\869 (7).jpg,0.0,0
869 (8).jpg,test\FAKE\869 (8).jpg,0.0,0
869 (9).jpg,test\FAKE\869 (9).jpg,7.1525574e-07,0
869.jpg,test\FAKE\869.jpg,1.4305115e-06,0
87 (10).jpg,test\FAKE\87 (10).jpg,5.8591366e-05,0
87 (2).jpg,test\FAKE\87 (2).jpg,0.0,0
87 (3).jpg,test\FAKE\87 (3).jpg,0.00019419193,0
87 (4).jpg,test\FAKE\87 (4).jpg,0.0,0
87 (5).jpg,test\FAKE\87 (5).jpg,0.0,0
87 (6).jpg,test\FAKE\87 (6).jpg,0.0,0
87 (7).jpg,test\FAKE\87 (7).jpg,0.0,0
87 (8).jpg,test\FAKE\87 (8).jpg,0.0,0
87 (9).jpg,test\FAKE\87 (9).jpg,0.0,0
87.jpg,test\FAKE\87.jpg,0.0,0
870 (10).jpg,test\FAKE\870 (10).jpg,3.2186508e-06,0
870 (2).jpg,test\FAKE\870 (2).jpg,0.0,0
870 (3).jpg,test\FAKE\870 (3).jpg,0.0,0
870 (4).jpg,test\FAKE\870 (4).jpg,0.0,0
870 (5).jpg,test\FAKE\870 (5).jpg,0.0,0
870 (6).jpg,test\FAKE\870 (6).jpg,0.0,0
870 (7).jpg,test\FAKE\870 (7).jpg,0.0,0
870 (8).jpg,test\FAKE\870 (8).jpg,0.0,0
870 (9).jpg,test\FAKE\870 (9).jpg,0.0,0
870.jpg,test\FAKE\870.jpg,0.0,0
871 (10).jpg,test\FAKE\871 (10).jpg,0.0,0
871 (2).jpg,test\FAKE\871 (2).jpg,0.0,0
871 (3).jpg,test\FAKE\871 (3).jpg,1.2427568e-05,0
871 (4).jpg,test\FAKE\871 (4).jpg,0.0,0
871 (5).jpg,test\FAKE\871 (5).jpg,8.940697e-08,0
871 (6).jpg,test\FAKE\871 (6).jpg,4.172325e-07,0
871 (7).jpg,test\FAKE\871 (7).jpg,0.0,0
871 (8).jpg,test\FAKE\871 (8).jpg,5.7816505e-06,0
871 (9).jpg,test\FAKE\871 (9).jpg,1.1920929e-07,0
871.jpg,test\FAKE\871.jpg,0.0,0
872 (10).jpg,test\FAKE\872 (10).jpg,0.0,0
872 (2).jpg,test\FAKE\872 (2).jpg,0.0,0
872 (3).jpg,test\FAKE\872 (3).jpg,0.07344177,0
872 (4).jpg,test\FAKE\872 (4).jpg,0.0,0
872 (5).jpg,test\FAKE\872 (5).jpg,0.0,0
872 (6).jpg,test\FAKE\872 (6).jpg,0.0,0
872 (7).jpg,test\FAKE\872 (7).jpg,0.0,0
872 (8).jpg,test\FAKE\872 (8).jpg,0.0,0
872 (9).jpg,test\FAKE\872 (9).jpg,0.0012664199,0
872.jpg,test\FAKE\872.jpg,0.0,0
873 (10).jpg,test\FAKE\873 (10).jpg,0.0,0
873 (2).jpg,test\FAKE\873 (2).jpg,0.0,0
873 (3).jpg,test\FAKE\873 (3).jpg,0.00068572164,0
873 (4).jpg,test\FAKE\873 (4).jpg,1.6093254e-06,0
873 (5).jpg,test\FAKE\873 (5).jpg,0.0011321306,0
873 (6).jpg,test\FAKE\873 (6).jpg,0.0,0
873 (7).jpg,test\FAKE\873 (7).jpg,0.0,0
873 (8).jpg,test\FAKE\873 (8).jpg,0.0,0
873 (9).jpg,test\FAKE\873 (9).jpg,0.0010077059,0
873.jpg,test\FAKE\873.jpg,0.0,0
874 (10).jpg,test\FAKE\874 (10).jpg,2.5480986e-05,0
874 (2).jpg,test\FAKE\874 (2).jpg,8.940697e-08,0
874 (3).jpg,test\FAKE\874 (3).jpg,0.12678102,0
874 (4).jpg,test\FAKE\874 (4).jpg,0.0,0
874 (5).jpg,test\FAKE\874 (5).jpg,0.0,0
874 (6).jpg,test\FAKE\874 (6).jpg,0.0,0
874 (7).jpg,test\FAKE\874 (7).jpg,0.0,0
874 (8).jpg,test\FAKE\874 (8).jpg,0.0,0
874 (9).jpg,test\FAKE\874 (9).jpg,1.7791986e-05,0
874.jpg,test\FAKE\874.jpg,0.0013546348,0
875 (10).jpg,test\FAKE\875 (10).jpg,0.0,0
875 (2).jpg,test\FAKE\875 (2).jpg,0.0,0
875 (3).jpg,test\FAKE\875 (3).jpg,0.0,0
875 (4).jpg,test\FAKE\875 (4).jpg,0.0,0
875 (5).jpg,test\FAKE\875 (5).jpg,0.0,0
875 (6).jpg,test\FAKE\875 (6).jpg,0.0,0
875 (7).jpg,test\FAKE\875 (7).jpg,0.0,0
875 (8).jpg,test\FAKE\875 (8).jpg,2.3841858e-07,0
875 (9).jpg,test\FAKE\875 (9).jpg,0.0,0
875.jpg,test\FAKE\875.jpg,0.0,0
876 (10).jpg,test\FAKE\876 (10).jpg,0.0,0
876 (2).jpg,test\FAKE\876 (2).jpg,0.0,0
876 (3).jpg,test\FAKE\876 (3).jpg,0.008972168,0
876 (4).jpg,test\FAKE\876 (4).jpg,4.172325e-07,0
876 (5).jpg,test\FAKE\876 (5).jpg,1.6987324e-06,0
876 (6).jpg,test\FAKE\876 (6).jpg,0.0,0
876 (7).jpg,test\FAKE\876 (7).jpg,0.0,0
876 (8).jpg,test\FAKE\876 (8).jpg,0.0,0
876 (9).jpg,test\FAKE\876 (9).jpg,0.0,0
876.jpg,test\FAKE\876.jpg,0.0,0
877 (10).jpg,test\FAKE\877 (10).jpg,0.0,0
877 (2).jpg,test\FAKE\877 (2).jpg,0.0,0
877 (3).jpg,test\FAKE\877 (3).jpg,8.6426735e-07,0
877 (4).jpg,test\FAKE\877 (4).jpg,0.0,0
877 (5).jpg,test\FAKE\877 (5).jpg,0.0,0
877 (6).jpg,test\FAKE\877 (6).jpg,0.0,0
877 (7).jpg,test\FAKE\877 (7).jpg,0.0,0
877 (8).jpg,test\FAKE\877 (8).jpg,0.0,0
877 (9).jpg,test\FAKE\877 (9).jpg,0.0,0
877.jpg,test\FAKE\877.jpg,1.1920929e-07,0
878 (10).jpg,test\FAKE\878 (10).jpg,3.4570694e-06,0
878 (2).jpg,test\FAKE\878 (2).jpg,0.0,0
878 (3).jpg,test\FAKE\878 (3).jpg,0.01176694,0
878 (4).jpg,test\FAKE\878 (4).jpg,0.0,0
878 (5).jpg,test\FAKE\878 (5).jpg,0.0,0
878 (6).jpg,test\FAKE\878 (6).jpg,0.0,0
878 (7).jpg,test\FAKE\878 (7).jpg,0.0,0
878 (8).jpg,test\FAKE\878 (8).jpg,0.0,0
878 (9).jpg,test\FAKE\878 (9).jpg,4.3809414e-06,0
878.jpg,test\FAKE\878.jpg,0.0,0
879 (10).jpg,test\FAKE\879 (10).jpg,0.0011979043,0
879 (2).jpg,test\FAKE\879 (2).jpg,0.0,0
879 (3).jpg,test\FAKE\879 (3).jpg,0.0,0
879 (4).jpg,test\FAKE\879 (4).jpg,0.0,0
879 (5).jpg,test\FAKE\879 (5).jpg,0.0,0
879 (6).jpg,test\FAKE\879 (6).jpg,0.0,0
879 (7).jpg,test\FAKE\879 (7).jpg,0.0,0
879 (8).jpg,test\FAKE\879 (8).jpg,0.0,0
879 (9).jpg,test\FAKE\879 (9).jpg,8.940697e-08,0
879.jpg,test\FAKE\879.jpg,0.0,0
88 (10).jpg,test\FAKE\88 (10).jpg,0.0,0
88 (2).jpg,test\FAKE\88 (2).jpg,0.0,0
88 (3).jpg,test\FAKE\88 (3).jpg,4.7683716e-07,0
88 (4).jpg,test\FAKE\88 (4).jpg,0.0023921132,0
88 (5).jpg,test\FAKE\88 (5).jpg,6.997585e-05,0
88 (6).jpg,test\FAKE\88 (6).jpg,0.0,0
88 (7).jpg,test\FAKE\88 (7).jpg,0.0,0
88 (8).jpg,test\FAKE\88 (8).jpg,1.0818243e-05,0
88 (9).jpg,test\FAKE\88 (9).jpg,3.5762787e-07,0
88.jpg,test\FAKE\88.jpg,0.0,0
880 (10).jpg,test\FAKE\880 (10).jpg,0.0,0
880 (2).jpg,test\FAKE\880 (2).jpg,0.0,0
880 (3).jpg,test\FAKE\880 (3).jpg,0.0023887157,0
880 (4).jpg,test\FAKE\880 (4).jpg,0.0,0
880 (5).jpg,test\FAKE\880 (5).jpg,0.0,0
880 (6).jpg,test\FAKE\880 (6).jpg,0.0,0
880 (7).jpg,test\FAKE\880 (7).jpg,0.0,0
880 (8).jpg,test\FAKE\880 (8).jpg,0.0,0
880 (9).jpg,test\FAKE\880 (9).jpg,2.9802322e-08,0
880.jpg,test\FAKE\880.jpg,0.0,0
881 (10).jpg,test\FAKE\881 (10).jpg,4.172325e-07,0
881 (2).jpg,test\FAKE\881 (2).jpg,4.61936e-05,0
881 (3).jpg,test\FAKE\881 (3).jpg,3.5762787e-07,0
881 (4).jpg,test\FAKE\881 (4).jpg,0.0,0
881 (5).jpg,test\FAKE\881 (5).jpg,8.940697e-08,0
881 (6).jpg,test\FAKE\881 (6).jpg,0.0,0
881 (7).jpg,test\FAKE\881 (7).jpg,0.0,0
881 (8).jpg,test\FAKE\881 (8).jpg,0.0,0
881 (9).jpg,test\FAKE\881 (9).jpg,1.8179417e-06,0
881.jpg,test\FAKE\881.jpg,0.0,0
882 (10).jpg,test\FAKE\882 (10).jpg,0.0,0
882 (2).jpg,test\FAKE\882 (2).jpg,0.0,0
882 (3).jpg,test\FAKE\882 (3).jpg,0.0,0
882 (4).jpg,test\FAKE\882 (4).jpg,0.0,0
882 (5).jpg,test\FAKE\882 (5).jpg,0.0,0
882 (6).jpg,test\FAKE\882 (6).jpg,0.0,0
882 (7).jpg,test\FAKE\882 (7).jpg,0.0,0
882 (8).jpg,test\FAKE\882 (8).jpg,0.0,0
882 (9).jpg,test\FAKE\882 (9).jpg,0.013879508,0
882.jpg,test\FAKE\882.jpg,0.0,0
883 (10).jpg,test\FAKE\883 (10).jpg,0.0,0
883 (2).jpg,test\FAKE\883 (2).jpg,0.0,0
883 (3).jpg,test\FAKE\883 (3).jpg,0.0,0
883 (4).jpg,test\FAKE\883 (4).jpg,0.0,0
883 (5).jpg,test\FAKE\883 (5).jpg,0.0,0
883 (6).jpg,test\FAKE\883 (6).jpg,0.0,0
883 (7).jpg,test\FAKE\883 (7).jpg,0.0,0
883 (8).jpg,test\FAKE\883 (8).jpg,0.0,0
883 (9).jpg,test\FAKE\883 (9).jpg,0.0,0
883.jpg,test\FAKE\883.jpg,0.0,0
884 (10).jpg,test\FAKE\884 (10).jpg,0.0,0
884 (2).jpg,test\FAKE\884 (2).jpg,0.0,0
884 (3).jpg,test\FAKE\884 (3).jpg,0.0,0
884 (4).jpg,test\FAKE\884 (4).jpg,2.9802322e-07,0
884 (5).jpg,test\FAKE\884 (5).jpg,0.0,0
884 (6).jpg,test\FAKE\884 (6).jpg,0.0,0
884 (7).jpg,test\FAKE\884 (7).jpg,0.0,0
884 (8).jpg,test\FAKE\884 (8).jpg,0.0,0
884 (9).jpg,test\FAKE\884 (9).jpg,4.4852495e-05,0
884.jpg,test\FAKE\884.jpg,0.41934752,0
885 (10).jpg,test\FAKE\885 (10).jpg,2.861023e-06,0
885 (2).jpg,test\FAKE\885 (2).jpg,1.847744e-06,0
885 (3).jpg,test\FAKE\885 (3).jpg,4.827976e-06,0
885 (4).jpg,test\FAKE\885 (4).jpg,0.0,0
885 (5).jpg,test\FAKE\885 (5).jpg,0.0,0
885 (6).jpg,test\FAKE\885 (6).jpg,0.0,0
885 (7).jpg,test\FAKE\885 (7).jpg,0.0,0
885 (8).jpg,test\FAKE\885 (8).jpg,0.0,0
885 (9).jpg,test\FAKE\885 (9).jpg,0.0,0
885.jpg,test\FAKE\885.jpg,0.0,0
886 (10).jpg,test\FAKE\886 (10).jpg,0.0,0
886 (2).jpg,test\FAKE\886 (2).jpg,0.0,0
886 (3).jpg,test\FAKE\886 (3).jpg,1.4901161e-07,0
886 (4).jpg,test\FAKE\886 (4).jpg,0.0,0
886 (5).jpg,test\FAKE\886 (5).jpg,0.0,0
886 (6).jpg,test\FAKE\886 (6).jpg,0.0,0
886 (7).jpg,test\FAKE\886 (7).jpg,0.0,0
886 (8).jpg,test\FAKE\886 (8).jpg,0.0,0
886 (9).jpg,test\FAKE\886 (9).jpg,0.0,0
886.jpg,test\FAKE\886.jpg,0.0,0
887 (10).jpg,test\FAKE\887 (10).jpg,0.0,0
887 (2).jpg,test\FAKE\887 (2).jpg,0.0,0
887 (3).jpg,test\FAKE\887 (3).jpg,0.017251164,0
887 (4).jpg,test\FAKE\887 (4).jpg,7.635355e-05,0
887 (5).jpg,test\FAKE\887 (5).jpg,0.0,0
887 (6).jpg,test\FAKE\887 (6).jpg,0.0,0
887 (7).jpg,test\FAKE\887 (7).jpg,0.0,0
887 (8).jpg,test\FAKE\887 (8).jpg,0.0,0
887 (9).jpg,test\FAKE\887 (9).jpg,0.0,0
887.jpg,test\FAKE\887.jpg,1.1920929e-07,0
888 (10).jpg,test\FAKE\888 (10).jpg,6.824732e-05,0
888 (2).jpg,test\FAKE\888 (2).jpg,0.0,0
888 (3).jpg,test\FAKE\888 (3).jpg,3.3080578e-05,0
888 (4).jpg,test\FAKE\888 (4).jpg,2.9802322e-08,0
888 (5).jpg,test\FAKE\888 (5).jpg,0.0,0
888 (6).jpg,test\FAKE\888 (6).jpg,0.0,0
888 (7).jpg,test\FAKE\888 (7).jpg,0.0,0
888 (8).jpg,test\FAKE\888 (8).jpg,0.0,0
888 (9).jpg,test\FAKE\888 (9).jpg,0.0074377656,0
888.jpg,test\FAKE\888.jpg,0.0,0
889 (10).jpg,test\FAKE\889 (10).jpg,0.0,0
889 (2).jpg,test\FAKE\889 (2).jpg,0.0,0
889 (3).jpg,test\FAKE\889 (3).jpg,0.018277377,0
889 (4).jpg,test\FAKE\889 (4).jpg,1.3113022e-06,0
889 (5).jpg,test\FAKE\889 (5).jpg,0.0,0
889 (6).jpg,test\FAKE\889 (6).jpg,0.0,0
889 (7).jpg,test\FAKE\889 (7).jpg,0.0,0
889 (8).jpg,test\FAKE\889 (8).jpg,0.0,0
889 (9).jpg,test\FAKE\889 (9).jpg,2.5838614e-05,0
889.jpg,test\FAKE\889.jpg,0.003061086,0
89 (10).jpg,test\FAKE\89 (10).jpg,5.9604645e-08,0
89 (2).jpg,test\FAKE\89 (2).jpg,0.0,0
89 (3).jpg,test\FAKE\89 (3).jpg,0.0164347,0
89 (4).jpg,test\FAKE\89 (4).jpg,0.0,0
89 (5).jpg,test\FAKE\89 (5).jpg,0.0,0
89 (6).jpg,test\FAKE\89 (6).jpg,0.0,0
89 (7).jpg,test\FAKE\89 (7).jpg,0.0,0
89 (8).jpg,test\FAKE\89 (8).jpg,0.0,0
89 (9).jpg,test\FAKE\89 (9).jpg,0.0,0
89.jpg,test\FAKE\89.jpg,0.0,0
890 (10).jpg,test\FAKE\890 (10).jpg,0.0,0
890 (2).jpg,test\FAKE\890 (2).jpg,0.0,0
890 (3).jpg,test\FAKE\890 (3).jpg,0.0,0
890 (4).jpg,test\FAKE\890 (4).jpg,0.0,0
890 (5).jpg,test\FAKE\890 (5).jpg,0.0,0
890 (6).jpg,test\FAKE\890 (6).jpg,0.0,0
890 (7).jpg,test\FAKE\890 (7).jpg,0.0,0
890 (8).jpg,test\FAKE\890 (8).jpg,0.0,0
890 (9).jpg,test\FAKE\890 (9).jpg,0.00023433566,0
890.jpg,test\FAKE\890.jpg,0.0,0
891 (10).jpg,test\FAKE\891 (10).jpg,0.0,0
891 (2).jpg,test\FAKE\891 (2).jpg,0.0,0
891 (3).jpg,test\FAKE\891 (3).jpg,8.940697e-08,0
891 (4).jpg,test\FAKE\891 (4).jpg,7.748604e-07,0
891 (5).jpg,test\FAKE\891 (5).jpg,0.25202486,0
891 (6).jpg,test\FAKE\891 (6).jpg,0.0006467998,0
891 (7).jpg,test\FAKE\891 (7).jpg,0.0,0
891 (8).jpg,test\FAKE\891 (8).jpg,0.0,0
891 (9).jpg,test\FAKE\891 (9).jpg,0.0,0
891.jpg,test\FAKE\891.jpg,1.7881393e-07,0
892 (10).jpg,test\FAKE\892 (10).jpg,0.0,0
892 (2).jpg,test\FAKE\892 (2).jpg,0.0,0
892 (3).jpg,test\FAKE\892 (3).jpg,0.00035262108,0
892 (4).jpg,test\FAKE\892 (4).jpg,4.4882298e-05,0
892 (5).jpg,test\FAKE\892 (5).jpg,0.0,0
892 (6).jpg,test\FAKE\892 (6).jpg,4.917383e-06,0
892 (7).jpg,test\FAKE\892 (7).jpg,0.0,0
892 (8).jpg,test\FAKE\892 (8).jpg,0.0,0
892 (9).jpg,test\FAKE\892 (9).jpg,6.1690807e-06,0
892.jpg,test\FAKE\892.jpg,2.9802322e-08,0
893 (10).jpg,test\FAKE\893 (10).jpg,0.0,0
893 (2).jpg,test\FAKE\893 (2).jpg,0.0,0
893 (3).jpg,test\FAKE\893 (3).jpg,0.0,0
893 (4).jpg,test\FAKE\893 (4).jpg,0.0,0
893 (5).jpg,test\FAKE\893 (5).jpg,0.0,0
893 (6).jpg,test\FAKE\893 (6).jpg,0.0,0
893 (7).jpg,test\FAKE\893 (7).jpg,8.940697e-08,0
893 (8).jpg,test\FAKE\893 (8).jpg,0.0,0
893 (9).jpg,test\FAKE\893 (9).jpg,6.020069e-06,0
893.jpg,test\FAKE\893.jpg,0.0,0
894 (10).jpg,test\FAKE\894 (10).jpg,0.0,0
894 (2).jpg,test\FAKE\894 (2).jpg,0.0,0
894 (3).jpg,test\FAKE\894 (3).jpg,1.7881393e-07,0
894 (4).jpg,test\FAKE\894 (4).jpg,0.0,0
894 (5).jpg,test\FAKE\894 (5).jpg,0.0,0
894 (6).jpg,test\FAKE\894 (6).jpg,0.0,0
894 (7).jpg,test\FAKE\894 (7).jpg,9.506941e-06,0
894 (8).jpg,test\FAKE\894 (8).jpg,0.0002310574,0
894 (9).jpg,test\FAKE\894 (9).jpg,0.0,0
894.jpg,test\FAKE\894.jpg,0.0,0
895 (10).jpg,test\FAKE\895 (10).jpg,0.0,0
895 (2).jpg,test\FAKE\895 (2).jpg,0.0,0
895 (3).jpg,test\FAKE\895 (3).jpg,0.0,0
895 (4).jpg,test\FAKE\895 (4).jpg,0.0,0
895 (5).jpg,test\FAKE\895 (5).jpg,0.0113452375,0
895 (6).jpg,test\FAKE\895 (6).jpg,0.0,0
895 (7).jpg,test\FAKE\895 (7).jpg,0.0,0
895 (8).jpg,test\FAKE\895 (8).jpg,0.0,0
895 (9).jpg,test\FAKE\895 (9).jpg,0.0,0
895.jpg,test\FAKE\895.jpg,0.0,0
896 (10).jpg,test\FAKE\896 (10).jpg,0.0,0
896 (2).jpg,test\FAKE\896 (2).jpg,0.0,0
896 (3).jpg,test\FAKE\896 (3).jpg,0.0,0
896 (4).jpg,test\FAKE\896 (4).jpg,3.6358833e-06,0
896 (5).jpg,test\FAKE\896 (5).jpg,2.6762486e-05,0
896 (6).jpg,test\FAKE\896 (6).jpg,0.0,0
896 (7).jpg,test\FAKE\896 (7).jpg,0.0,0
896 (8).jpg,test\FAKE\896 (8).jpg,1.0788441e-05,0
896 (9).jpg,test\FAKE\896 (9).jpg,0.0,0
896.jpg,test\FAKE\896.jpg,8.940697e-08,0
897 (10).jpg,test\FAKE\897 (10).jpg,0.0,0
897 (2).jpg,test\FAKE\897 (2).jpg,0.0,0
897 (3).jpg,test\FAKE\897 (3).jpg,0.007531494,0
897 (4).jpg,test\FAKE\897 (4).jpg,0.0,0
897 (5).jpg,test\FAKE\897 (5).jpg,8.940697e-08,0
897 (6).jpg,test\FAKE\897 (6).jpg,0.0,0
897 (7).jpg,test\FAKE\897 (7).jpg,0.0,0
897 (8).jpg,test\FAKE\897 (8).jpg,0.0,0
897 (9).jpg,test\FAKE\897 (9).jpg,0.0,0
897.jpg,test\FAKE\897.jpg,0.0673438,0
898 (10).jpg,test\FAKE\898 (10).jpg,2.9802322e-08,0
898 (2).jpg,test\FAKE\898 (2).jpg,0.0,0
898 (3).jpg,test\FAKE\898 (3).jpg,7.2062016e-05,0
898 (4).jpg,test\FAKE\898 (4).jpg,1.937151e-06,0
898 (5).jpg,test\FAKE\898 (5).jpg,0.0,0
898 (6).jpg,test\FAKE\898 (6).jpg,0.0,0
898 (7).jpg,test\FAKE\898 (7).jpg,0.0,0
898 (8).jpg,test\FAKE\898 (8).jpg,0.0,0
898 (9).jpg,test\FAKE\898 (9).jpg,2.3841858e-07,0
898.jpg,test\FAKE\898.jpg,0.0,0
899 (10).jpg,test\FAKE\899 (10).jpg,0.0,0
899 (2).jpg,test\FAKE\899 (2).jpg,0.0,0
899 (3).jpg,test\FAKE\899 (3).jpg,3.5762787e-07,0
899 (4).jpg,test\FAKE\899 (4).jpg,0.002742529,0
899 (5).jpg,test\FAKE\899 (5).jpg,0.0,0
899 (6).jpg,test\FAKE\899 (6).jpg,0.0,0
899 (7).jpg,test\FAKE\899 (7).jpg,0.0,0
899 (8).jpg,test\FAKE\899 (8).jpg,0.0,0
899 (9).jpg,test\FAKE\899 (9).jpg,0.00018790364,0
899.jpg,test\FAKE\899.jpg,0.0,0
9 (10).jpg,test\FAKE\9 (10).jpg,2.9802322e-08,0
9 (2).jpg,test\FAKE\9 (2).jpg,1.7613173e-05,0
9 (3).jpg,test\FAKE\9 (3).jpg,0.0,0
9 (4).jpg,test\FAKE\9 (4).jpg,0.002548486,0
9 (5).jpg,test\FAKE\9 (5).jpg,0.6457641,1
9 (6).jpg,test\FAKE\9 (6).jpg,0.0,0
9 (7).jpg,test\FAKE\9 (7).jpg,0.0,0
9 (8).jpg,test\FAKE\9 (8).jpg,0.0,0
9 (9).jpg,test\FAKE\9 (9).jpg,0.0,0
9.jpg,test\FAKE\9.jpg,0.0,0
90 (10).jpg,test\FAKE\90 (10).jpg,0.0033314526,0
90 (2).jpg,test\FAKE\90 (2).jpg,0.0,0
90 (3).jpg,test\FAKE\90 (3).jpg,8.434057e-05,0
90 (4).jpg,test\FAKE\90 (4).jpg,0.0,0
90 (5).jpg,test\FAKE\90 (5).jpg,0.0,0
90 (6).jpg,test\FAKE\90 (6).jpg,0.0,0
90 (7).jpg,test\FAKE\90 (7).jpg,0.0,0
90 (8).jpg,test\FAKE\90 (8).jpg,0.0,0
90 (9).jpg,test\FAKE\90 (9).jpg,5.096197e-06,0
90.jpg,test\FAKE\90.jpg,0.0,0
900 (10).jpg,test\FAKE\900 (10).jpg,0.0,0
900 (2).jpg,test\FAKE\900 (2).jpg,0.0,0
900 (3).jpg,test\FAKE\900 (3).jpg,0.00042790174,0
900 (4).jpg,test\FAKE\900 (4).jpg,0.0,0
900 (5).jpg,test\FAKE\900 (5).jpg,0.0,0
900 (6).jpg,test\FAKE\900 (6).jpg,0.0,0
900 (7).jpg,test\FAKE\900 (7).jpg,0.0,0
900 (8).jpg,test\FAKE\900 (8).jpg,0.0008967519,0
900 (9).jpg,test\FAKE\900 (9).jpg,1.7881393e-06,0
900.jpg,test\FAKE\900.jpg,8.940697e-08,0
901 (10).jpg,test\FAKE\901 (10).jpg,0.0,0
901 (2).jpg,test\FAKE\901 (2).jpg,0.0,0
901 (3).jpg,test\FAKE\901 (3).jpg,0.014134645,0
901 (4).jpg,test\FAKE\901 (4).jpg,0.0,0
901 (5).jpg,test\FAKE\901 (5).jpg,5.9604645e-08,0
901 (6).jpg,test\FAKE\901 (6).jpg,0.0,0
901 (7).jpg,test\FAKE\901 (7).jpg,0.0,0
901 (8).jpg,test\FAKE\901 (8).jpg,0.0,0
901 (9).jpg,test\FAKE\901 (9).jpg,0.0,0
901.jpg,test\FAKE\901.jpg,0.0,0
902 (10).jpg,test\FAKE\902 (10).jpg,0.0,0
902 (2).jpg,test\FAKE\902 (2).jpg,0.0,0
902 (3).jpg,test\FAKE\902 (3).jpg,0.0,0
902 (4).jpg,test\FAKE\902 (4).jpg,0.0,0
902 (5).jpg,test\FAKE\902 (5).jpg,0.0,0
902 (6).jpg,test\FAKE\902 (6).jpg,0.0,0
902 (7).jpg,test\FAKE\902 (7).jpg,0.0,0
902 (8).jpg,test\FAKE\902 (8).jpg,0.0,0
902 (9).jpg,test\FAKE\902 (9).jpg,0.0,0
902.jpg,test\FAKE\902.jpg,2.4139881e-05,0
903 (10).jpg,test\FAKE\903 (10).jpg,0.0,0
903 (2).jpg,test\FAKE\903 (2).jpg,0.0,0
903 (3).jpg,test\FAKE\903 (3).jpg,2.9802322e-08,0
903 (4).jpg,test\FAKE\903 (4).jpg,0.0,0
903 (5).jpg,test\FAKE\903 (5).jpg,0.0,0
903 (6).jpg,test\FAKE\903 (6).jpg,0.0,0
903 (7).jpg,test\FAKE\903 (7).jpg,0.0,0
903 (8).jpg,test\FAKE\903 (8).jpg,0.0,0
903 (9).jpg,test\FAKE\903 (9).jpg,0.0,0
903.jpg,test\FAKE\903.jpg,4.053116e-06,0
904 (10).jpg,test\FAKE\904 (10).jpg,0.0,0
904 (2).jpg,test\FAKE\904 (2).jpg,0.0,0
904 (3).jpg,test\FAKE\904 (3).jpg,0.00012612343,0
904 (4).jpg,test\FAKE\904 (4).jpg,0.0,0
904 (5).jpg,test\FAKE\904 (5).jpg,0.0,0
904 (6).jpg,test\FAKE\904 (6).jpg,0.0,0
904 (7).jpg,test\FAKE\904 (7).jpg,0.0,0
904 (8).jpg,test\FAKE\904 (8).jpg,0.0,0
904 (9).jpg,test\FAKE\904 (9).jpg,1.3411045e-06,0
904.jpg,test\FAKE\904.jpg,0.0,0
905 (10).jpg,test\FAKE\905 (10).jpg,0.0,0
905 (2).jpg,test\FAKE\905 (2).jpg,0.0,0
905 (3).jpg,test\FAKE\905 (3).jpg,1.0848045e-05,0
905 (4).jpg,test\FAKE\905 (4).jpg,0.0,0
905 (5).jpg,test\FAKE\905 (5).jpg,2.2649765e-06,0
905 (6).jpg,test\FAKE\905 (6).jpg,0.0,0
905 (7).jpg,test\FAKE\905 (7).jpg,0.0,0
905 (8).jpg,test\FAKE\905 (8).jpg,0.03946963,0
905 (9).jpg,test\FAKE\905 (9).jpg,2.7477741e-05,0
905.jpg,test\FAKE\905.jpg,0.0,0
906 (10).jpg,test\FAKE\906 (10).jpg,0.0,0
906 (2).jpg,test\FAKE\906 (2).jpg,0.0,0
906 (3).jpg,test\FAKE\906 (3).jpg,0.0,0
906 (4).jpg,test\FAKE\906 (4).jpg,0.0,0
906 (5).jpg,test\FAKE\906 (5).jpg,0.0,0
906 (6).jpg,test\FAKE\906 (6).jpg,0.0,0
906 (7).jpg,test\FAKE\906 (7).jpg,0.0,0
906 (8).jpg,test\FAKE\906 (8).jpg,2.9802322e-08,0
906 (9).jpg,test\FAKE\906 (9).jpg,9.715557e-06,0
906.jpg,test\FAKE\906.jpg,0.0,0
907 (10).jpg,test\FAKE\907 (10).jpg,8.940697e-08,0
907 (2).jpg,test\FAKE\907 (2).jpg,0.0,0
907 (3).jpg,test\FAKE\907 (3).jpg,8.34465e-05,0
907 (4).jpg,test\FAKE\907 (4).jpg,0.0,0
907 (5).jpg,test\FAKE\907 (5).jpg,0.0,0
907 (6).jpg,test\FAKE\907 (6).jpg,0.0,0
907 (7).jpg,test\FAKE\907 (7).jpg,0.0,0
907 (8).jpg,test\FAKE\907 (8).jpg,0.0,0
907 (9).jpg,test\FAKE\907 (9).jpg,0.0,0
907.jpg,test\FAKE\907.jpg,0.0,0
908 (10).jpg,test\FAKE\908 (10).jpg,0.0,0
908 (2).jpg,test\FAKE\908 (2).jpg,0.0,0
908 (3).jpg,test\FAKE\908 (3).jpg,0.0008148849,0
908 (4).jpg,test\FAKE\908 (4).jpg,1.2218952e-06,0
908 (5).jpg,test\FAKE\908 (5).jpg,0.0,0
908 (6).jpg,test\FAKE\908 (6).jpg,2.3841858e-07,0
908 (7).jpg,test\FAKE\908 (7).jpg,0.0,0
908 (8).jpg,test\FAKE\908 (8).jpg,0.0,0
908 (9).jpg,test\FAKE\908 (9).jpg,0.00040510297,0
908.jpg,test\FAKE\908.jpg,8.940697e-08,0
909 (10).jpg,test\FAKE\909 (10).jpg,2.9802322e-07,0
909 (2).jpg,test\FAKE\909 (2).jpg,0.0,0
909 (3).jpg,test\FAKE\909 (3).jpg,0.0,0
909 (4).jpg,test\FAKE\909 (4).jpg,0.0,0
909 (5).jpg,test\FAKE\909 (5).jpg,6.2584877e-07,0
909 (6).jpg,test\FAKE\909 (6).jpg,0.0,0
909 (7).jpg,test\FAKE\909 (7).jpg,0.0,0
909 (8).jpg,test\FAKE\909 (8).jpg,0.00035247207,0
909 (9).jpg,test\FAKE\909 (9).jpg,0.0,0
909.jpg,test\FAKE\909.jpg,0.0,0
91 (10).jpg,test\FAKE\91 (10).jpg,0.00075683,0
91 (2).jpg,test\FAKE\91 (2).jpg,0.0,0
91 (3).jpg,test\FAKE\91 (3).jpg,0.0,0
91 (4).jpg,test\FAKE\91 (4).jpg,0.0,0
91 (5).jpg,test\FAKE\91 (5).jpg,0.0,0
91 (6).jpg,test\FAKE\91 (6).jpg,0.0,0
91 (7).jpg,test\FAKE\91 (7).jpg,5.364418e-07,0
91 (8).jpg,test\FAKE\91 (8).jpg,0.0,0
91 (9).jpg,test\FAKE\91 (9).jpg,0.0,0
91.jpg,test\FAKE\91.jpg,0.0,0
910 (10).jpg,test\FAKE\910 (10).jpg,0.0,0
910 (2).jpg,test\FAKE\910 (2).jpg,2.9802322e-08,0
910 (3).jpg,test\FAKE\910 (3).jpg,5.364418e-07,0
910 (4).jpg,test\FAKE\910 (4).jpg,0.0,0
910 (5).jpg,test\FAKE\910 (5).jpg,0.0,0
910 (6).jpg,test\FAKE\910 (6).jpg,0.0,0
910 (7).jpg,test\FAKE\910 (7).jpg,0.0,0
910 (8).jpg,test\FAKE\910 (8).jpg,0.0,0
910 (9).jpg,test\FAKE\910 (9).jpg,1.3709068e-06,0
910.jpg,test\FAKE\910.jpg,0.0,0
911 (10).jpg,test\FAKE\911 (10).jpg,8.940697e-08,0
911 (2).jpg,test\FAKE\911 (2).jpg,0.0,0
911 (3).jpg,test\FAKE\911 (3).jpg,0.0,0
911 (4).jpg,test\FAKE\911 (4).jpg,0.0,0
911 (5).jpg,test\FAKE\911 (5).jpg,0.0,0
911 (6).jpg,test\FAKE\911 (6).jpg,0.0,0
911 (7).jpg,test\FAKE\911 (7).jpg,0.0,0
911 (8).jpg,test\FAKE\911 (8).jpg,5.3346157e-06,0
911 (9).jpg,test\FAKE\911 (9).jpg,5.9604645e-08,0
911.jpg,test\FAKE\911.jpg,0.0,0
912 (10).jpg,test\FAKE\912 (10).jpg,1.3411045e-06,0
912 (2).jpg,test\FAKE\912 (2).jpg,0.0,0
912 (3).jpg,test\FAKE\912 (3).jpg,0.0,0
912 (4).jpg,test\FAKE\912 (4).jpg,0.0,0
912 (5).jpg,test\FAKE\912 (5).jpg,0.0,0
912 (6).jpg,test\FAKE\912 (6).jpg,0.0,0
912 (7).jpg,test\FAKE\912 (7).jpg,0.0,0
912 (8).jpg,test\FAKE\912 (8).jpg,2.1755695e-06,0
912 (9).jpg,test\FAKE\912 (9).jpg,0.9916867,1
912.jpg,test\FAKE\912.jpg,0.0,0
913 (10).jpg,test\FAKE\913 (10).jpg,0.0,0
913 (2).jpg,test\FAKE\913 (2).jpg,0.0,0
913 (3).jpg,test\FAKE\913 (3).jpg,0.0007172823,0
913 (4).jpg,test\FAKE\913 (4).jpg,0.059609562,0
913 (5).jpg,test\FAKE\913 (5).jpg,0.0,0
913 (6).jpg,test\FAKE\913 (6).jpg,0.0,0
913 (7).jpg,test\FAKE\913 (7).jpg,0.0,0
913 (8).jpg,test\FAKE\913 (8).jpg,0.0,0
913 (9).jpg,test\FAKE\913 (9).jpg,0.0,0
913.jpg,test\FAKE\913.jpg,0.0,0
914 (10).jpg,test\FAKE\914 (10).jpg,0.0,0
914 (2).jpg,test\FAKE\914 (2).jpg,0.0,0
914 (3).jpg,test\FAKE\914 (3).jpg,2.9802322e-08,0
914 (4).jpg,test\FAKE\914 (4).jpg,1.4007092e-06,0
914 (5).jpg,test\FAKE\914 (5).jpg,0.0,0
914 (6).jpg,test\FAKE\914 (6).jpg,0.0058031976,0
914 (7).jpg,test\FAKE\914 (7).jpg,0.0,0
914 (8).jpg,test\FAKE\914 (8).jpg,0.0,0
914 (9).jpg,test\FAKE\914 (9).jpg,0.0,0
914.jpg,test\FAKE\914.jpg,0.0,0
915 (10).jpg,test\FAKE\915 (10).jpg,0.0,0
915 (2).jpg,test\FAKE\915 (2).jpg,0.0,0
915 (3).jpg,test\FAKE\915 (3).jpg,0.08599073,0
915 (4).jpg,test\FAKE\915 (4).jpg,0.0,0
915 (5).jpg,test\FAKE\915 (5).jpg,0.0,0
915 (6).jpg,test\FAKE\915 (6).jpg,0.0,0
915 (7).jpg,test\FAKE\915 (7).jpg,0.0,0
915 (8).jpg,test\FAKE\915 (8).jpg,0.0,0
915 (9).jpg,test\FAKE\915 (9).jpg,3.1381845e-05,0
915.jpg,test\FAKE\915.jpg,8.702278e-06,0
916 (10).jpg,test\FAKE\916 (10).jpg,0.0,0
916 (2).jpg,test\FAKE\916 (2).jpg,0.0,0
916 (3).jpg,test\FAKE\916 (3).jpg,4.8667192e-05,0
916 (4).jpg,test\FAKE\916 (4).jpg,0.0,0
916 (5).jpg,test\FAKE\916 (5).jpg,0.0,0
916 (6).jpg,test\FAKE\916 (6).jpg,0.0,0
916 (7).jpg,test\FAKE\916 (7).jpg,0.0,0
916 (8).jpg,test\FAKE\916 (8).jpg,0.0,0
916 (9).jpg,test\FAKE\916 (9).jpg,0.0,0
916.jpg,test\FAKE\916.jpg,0.0,0
917 (10).jpg,test\FAKE\917 (10).jpg,0.0,0
917 (2).jpg,test\FAKE\917 (2).jpg,0.0,0
917 (3).jpg,test\FAKE\917 (3).jpg,0.0,0
917 (4).jpg,test\FAKE\917 (4).jpg,0.0045776367,0
917 (5).jpg,test\FAKE\917 (5).jpg,0.0,0
917 (6).jpg,test\FAKE\917 (6).jpg,0.0,0
917 (7).jpg,test\FAKE\917 (7).jpg,0.0,0
917 (8).jpg,test\FAKE\917 (8).jpg,0.0,0
917 (9).jpg,test\FAKE\917 (9).jpg,0.0,0
917.jpg,test\FAKE\917.jpg,2.2649765e-06,0
918 (10).jpg,test\FAKE\918 (10).jpg,8.404255e-06,0
918 (2).jpg,test\FAKE\918 (2).jpg,8.34465e-07,0
918 (3).jpg,test\FAKE\918 (3).jpg,3.555417e-05,0
918 (4).jpg,test\FAKE\918 (4).jpg,0.0,0
918 (5).jpg,test\FAKE\918 (5).jpg,0.0,0
918 (6).jpg,test\FAKE\918 (6).jpg,0.0,0
918 (7).jpg,test\FAKE\918 (7).jpg,0.0,0
918 (8).jpg,test\FAKE\918 (8).jpg,0.0,0
918 (9).jpg,test\FAKE\918 (9).jpg,8.7320805e-05,0
918.jpg,test\FAKE\918.jpg,0.0,0
919 (10).jpg,test\FAKE\919 (10).jpg,0.0,0
919 (2).jpg,test\FAKE\919 (2).jpg,0.0,0
919 (3).jpg,test\FAKE\919 (3).jpg,0.0,0
919 (4).jpg,test\FAKE\919 (4).jpg,0.0,0
919 (5).jpg,test\FAKE\919 (5).jpg,2.3841858e-07,0
919 (6).jpg,test\FAKE\919 (6).jpg,0.0,0
919 (7).jpg,test\FAKE\919 (7).jpg,0.0,0
919 (8).jpg,test\FAKE\919 (8).jpg,2.0861626e-07,0
919 (9).jpg,test\FAKE\919 (9).jpg,0.0,0
919.jpg,test\FAKE\919.jpg,0.0,0
92 (10).jpg,test\FAKE\92 (10).jpg,0.0,0
92 (2).jpg,test\FAKE\92 (2).jpg,2.9802322e-08,0
92 (3).jpg,test\FAKE\92 (3).jpg,0.0,0
92 (4).jpg,test\FAKE\92 (4).jpg,2.9802322e-07,0
92 (5).jpg,test\FAKE\92 (5).jpg,0.0,0
92 (6).jpg,test\FAKE\92 (6).jpg,0.0,0
92 (7).jpg,test\FAKE\92 (7).jpg,0.0,0
92 (8).jpg,test\FAKE\92 (8).jpg,0.0,0
92 (9).jpg,test\FAKE\92 (9).jpg,0.0,0
92.jpg,test\FAKE\92.jpg,0.00050088763,0
920 (10).jpg,test\FAKE\920 (10).jpg,0.0,0
920 (2).jpg,test\FAKE\920 (2).jpg,0.99674094,1
920 (3).jpg,test\FAKE\920 (3).jpg,0.000115692616,0
920 (4).jpg,test\FAKE\920 (4).jpg,8.940697e-08,0
920 (5).jpg,test\FAKE\920 (5).jpg,2.3841858e-07,0
920 (6).jpg,test\FAKE\920 (6).jpg,0.0,0
920 (7).jpg,test\FAKE\920 (7).jpg,0.0,0
920 (8).jpg,test\FAKE\920 (8).jpg,0.0,0
920 (9).jpg,test\FAKE\920 (9).jpg,0.0,0
920.jpg,test\FAKE\920.jpg,0.0,0
921 (10).jpg,test\FAKE\921 (10).jpg,0.0,0
921 (2).jpg,test\FAKE\921 (2).jpg,0.0,0
921 (3).jpg,test\FAKE\921 (3).jpg,0.029392868,0
921 (4).jpg,test\FAKE\921 (4).jpg,0.0,0
921 (5).jpg,test\FAKE\921 (5).jpg,8.34465e-07,0
921 (6).jpg,test\FAKE\921 (6).jpg,0.0,0
921 (7).jpg,test\FAKE\921 (7).jpg,0.0,0
921 (8).jpg,test\FAKE\921 (8).jpg,0.0009340942,0
921 (9).jpg,test\FAKE\921 (9).jpg,0.0,0
921.jpg,test\FAKE\921.jpg,0.0,0
922 (10).jpg,test\FAKE\922 (10).jpg,2.0205975e-05,0
922 (2).jpg,test\FAKE\922 (2).jpg,0.0,0
922 (3).jpg,test\FAKE\922 (3).jpg,0.0052139163,0
922 (4).jpg,test\FAKE\922 (4).jpg,0.0,0
922 (5).jpg,test\FAKE\922 (5).jpg,0.0,0
922 (6).jpg,test\FAKE\922 (6).jpg,0.0,0
922 (7).jpg,test\FAKE\922 (7).jpg,0.0,0
922 (8).jpg,test\FAKE\922 (8).jpg,0.014141649,0
922 (9).jpg,test\FAKE\922 (9).jpg,0.0,0
922.jpg,test\FAKE\922.jpg,0.0,0
923 (10).jpg,test\FAKE\923 (10).jpg,0.0,0
923 (2).jpg,test\FAKE\923 (2).jpg,0.0,0
923 (3).jpg,test\FAKE\923 (3).jpg,0.0,0
923 (4).jpg,test\FAKE\923 (4).jpg,1.4901161e-07,0
923 (5).jpg,test\FAKE\923 (5).jpg,0.0,0
923 (6).jpg,test\FAKE\923 (6).jpg,0.0,0
923 (7).jpg,test\FAKE\923 (7).jpg,0.0,0
923 (8).jpg,test\FAKE\923 (8).jpg,9.23872e-07,0
923 (9).jpg,test\FAKE\923 (9).jpg,0.0,0
923.jpg,test\FAKE\923.jpg,0.0,0
924 (10).jpg,test\FAKE\924 (10).jpg,5.9604645e-08,0
924 (2).jpg,test\FAKE\924 (2).jpg,0.0,0
924 (3).jpg,test\FAKE\924 (3).jpg,1.4007092e-06,0
924 (4).jpg,test\FAKE\924 (4).jpg,0.0,0
924 (5).jpg,test\FAKE\924 (5).jpg,0.0,0
924 (6).jpg,test\FAKE\924 (6).jpg,3.46601e-05,0
924 (7).jpg,test\FAKE\924 (7).jpg,0.0,0
924 (8).jpg,test\FAKE\924 (8).jpg,0.0,0
924 (9).jpg,test\FAKE\924 (9).jpg,0.0,0
924.jpg,test\FAKE\924.jpg,0.0,0
925 (10).jpg,test\FAKE\925 (10).jpg,0.0,0
925 (2).jpg,test\FAKE\925 (2).jpg,0.0,0
925 (3).jpg,test\FAKE\925 (3).jpg,0.0,0
925 (4).jpg,test\FAKE\925 (4).jpg,0.0,0
925 (5).jpg,test\FAKE\925 (5).jpg,2.5629997e-06,0
925 (6).jpg,test\FAKE\925 (6).jpg,0.0,0
925 (7).jpg,test\FAKE\925 (7).jpg,0.0,0
925 (8).jpg,test\FAKE\925 (8).jpg,0.0,0
925 (9).jpg,test\FAKE\925 (9).jpg,2.6226044e-05,0
925.jpg,test\FAKE\925.jpg,5.2154064e-06,0
926 (10).jpg,test\FAKE\926 (10).jpg,0.0,0
926 (2).jpg,test\FAKE\926 (2).jpg,0.0,0
926 (3).jpg,test\FAKE\926 (3).jpg,0.29346603,0
926 (4).jpg,test\FAKE\926 (4).jpg,0.0,0
926 (5).jpg,test\FAKE\926 (5).jpg,0.0,0
926 (6).jpg,test\FAKE\926 (6).jpg,0.0,0
926 (7).jpg,test\FAKE\926 (7).jpg,0.0,0
926 (8).jpg,test\FAKE\926 (8).jpg,0.0,0
926 (9).jpg,test\FAKE\926 (9).jpg,0.0,0
926.jpg,test\FAKE\926.jpg,0.0,0
927 (10).jpg,test\FAKE\927 (10).jpg,2.2858381e-05,0
927 (2).jpg,test\FAKE\927 (2).jpg,0.0,0
927 (3).jpg,test\FAKE\927 (3).jpg,0.0002450347,0
927 (4).jpg,test\FAKE\927 (4).jpg,0.0,0
927 (5).jpg,test\FAKE\927 (5).jpg,0.0,0
927 (6).jpg,test\FAKE\927 (6).jpg,0.0077068508,0
927 (7).jpg,test\FAKE\927 (7).jpg,4.440546e-06,0
927 (8).jpg,test\FAKE\927 (8).jpg,0.0,0
927 (9).jpg,test\FAKE\927 (9).jpg,0.0004579723,0
927.jpg,test\FAKE\927.jpg,0.0,0
928 (10).jpg,test\FAKE\928 (10).jpg,0.00010967255,0
928 (2).jpg,test\FAKE\928 (2).jpg,0.0,0
928 (3).jpg,test\FAKE\928 (3).jpg,0.00095808506,0
928 (4).jpg,test\FAKE\928 (4).jpg,0.0,0
928 (5).jpg,test\FAKE\928 (5).jpg,0.0,0
928 (6).jpg,test\FAKE\928 (6).jpg,3.33786e-06,0
928 (7).jpg,test\FAKE\928 (7).jpg,0.0,0
928 (8).jpg,test\FAKE\928 (8).jpg,0.0,0
928 (9).jpg,test\FAKE\928 (9).jpg,0.0,0
928.jpg,test\FAKE\928.jpg,0.0,0
929 (10).jpg,test\FAKE\929 (10).jpg,0.0,0
929 (2).jpg,test\FAKE\929 (2).jpg,0.0,0
929 (3).jpg,test\FAKE\929 (3).jpg,5.9604645e-07,0
929 (4).jpg,test\FAKE\929 (4).jpg,2.3841858e-07,0
929 (5).jpg,test\FAKE\929 (5).jpg,0.0,0
929 (6).jpg,test\FAKE\929 (6).jpg,0.0,0
929 (7).jpg,test\FAKE\929 (7).jpg,0.0,0
929 (8).jpg,test\FAKE\929 (8).jpg,0.0,0
929 (9).jpg,test\FAKE\929 (9).jpg,1.9699335e-05,0
929.jpg,test\FAKE\929.jpg,0.0,0
93 (10).jpg,test\FAKE\93 (10).jpg,0.0,0
93 (2).jpg,test\FAKE\93 (2).jpg,0.0,0
93 (3).jpg,test\FAKE\93 (3).jpg,0.0,0
93 (4).jpg,test\FAKE\93 (4).jpg,0.0,0
93 (5).jpg,test\FAKE\93 (5).jpg,1.4603138e-06,0
93 (6).jpg,test\FAKE\93 (6).jpg,0.0,0
93 (7).jpg,test\FAKE\93 (7).jpg,0.0,0
93 (8).jpg,test\FAKE\93 (8).jpg,0.0,0
93 (9).jpg,test\FAKE\93 (9).jpg,0.0,0
93.jpg,test\FAKE\93.jpg,0.0,0
930 (10).jpg,test\FAKE\930 (10).jpg,0.006532401,0
930 (2).jpg,test\FAKE\930 (2).jpg,0.0,0
930 (3).jpg,test\FAKE\930 (3).jpg,2.9802322e-08,0
930 (4).jpg,test\FAKE\930 (4).jpg,0.0,0
930 (5).jpg,test\FAKE\930 (5).jpg,0.0,0
930 (6).jpg,test\FAKE\930 (6).jpg,0.0,0
930 (7).jpg,test\FAKE\930 (7).jpg,0.0,0
930 (8).jpg,test\FAKE\930 (8).jpg,0.0005528927,0
930 (9).jpg,test\FAKE\930 (9).jpg,2.5391579e-05,0
930.jpg,test\FAKE\930.jpg,4.9471855e-06,0
931 (10).jpg,test\FAKE\931 (10).jpg,0.0,0
931 (2).jpg,test\FAKE\931 (2).jpg,0.0,0
931 (3).jpg,test\FAKE\931 (3).jpg,0.0,0
931 (4).jpg,test\FAKE\931 (4).jpg,0.0,0
931 (5).jpg,test\FAKE\931 (5).jpg,0.00028565526,0
931 (6).jpg,test\FAKE\931 (6).jpg,0.0,0
931 (7).jpg,test\FAKE\931 (7).jpg,0.0,0
931 (8).jpg,test\FAKE\931 (8).jpg,0.0,0
931 (9).jpg,test\FAKE\931 (9).jpg,0.0,0
931.jpg,test\FAKE\931.jpg,0.0,0
932 (10).jpg,test\FAKE\932 (10).jpg,0.0,0
932 (2).jpg,test\FAKE\932 (2).jpg,0.0,0
932 (3).jpg,test\FAKE\932 (3).jpg,5.662441e-07,0
932 (4).jpg,test\FAKE\932 (4).jpg,0.0,0
932 (5).jpg,test\FAKE\932 (5).jpg,0.0,0
932 (6).jpg,test\FAKE\932 (6).jpg,8.940697e-07,0
932 (7).jpg,test\FAKE\932 (7).jpg,0.0,0
932 (8).jpg,test\FAKE\932 (8).jpg,0.0,0
932 (9).jpg,test\FAKE\932 (9).jpg,0.0002463162,0
932.jpg,test\FAKE\932.jpg,8.940697e-08,0
933 (10).jpg,test\FAKE\933 (10).jpg,0.0001835227,0
933 (2).jpg,test\FAKE\933 (2).jpg,0.0,0
933 (3).jpg,test\FAKE\933 (3).jpg,5.9604645e-08,0
933 (4).jpg,test\FAKE\933 (4).jpg,0.0,0
933 (5).jpg,test\FAKE\933 (5).jpg,0.0,0
933 (6).jpg,test\FAKE\933 (6).jpg,0.0,0
933 (7).jpg,test\FAKE\933 (7).jpg,0.0,0
933 (8).jpg,test\FAKE\933 (8).jpg,0.005026877,0
933 (9).jpg,test\FAKE\933 (9).jpg,5.453825e-06,0
933.jpg,test\FAKE\933.jpg,9.834766e-07,0
934 (10).jpg,test\FAKE\934 (10).jpg,0.0,0
934 (2).jpg,test\FAKE\934 (2).jpg,0.0,0
934 (3).jpg,test\FAKE\934 (3).jpg,0.0,0
934 (4).jpg,test\FAKE\934 (4).jpg,0.0,0
934 (5).jpg,test\FAKE\934 (5).jpg,0.0,0
934 (6).jpg,test\FAKE\934 (6).jpg,5.9604645e-08,0
934 (7).jpg,test\FAKE\934 (7).jpg,0.0,0
934 (8).jpg,test\FAKE\934 (8).jpg,0.0,0
934 (9).jpg,test\FAKE\934 (9).jpg,0.087702185,0
934.jpg,test\FAKE\934.jpg,0.0,0
935 (10).jpg,test\FAKE\935 (10).jpg,0.0,0
935 (2).jpg,test\FAKE\935 (2).jpg,0.0,0
935 (3).jpg,test\FAKE\935 (3).jpg,0.3375956,0
935 (4).jpg,test\FAKE\935 (4).jpg,0.0,0
935 (5).jpg,test\FAKE\935 (5).jpg,0.0,0
935 (6).jpg,test\FAKE\935 (6).jpg,0.0,0
935 (7).jpg,test\FAKE\935 (7).jpg,0.0,0
935 (8).jpg,test\FAKE\935 (8).jpg,0.0,0
935 (9).jpg,test\FAKE\935 (9).jpg,0.0,0
935.jpg,test\FAKE\935.jpg,0.049814165,0
936 (10).jpg,test\FAKE\936 (10).jpg,0.0,0
936 (2).jpg,test\FAKE\936 (2).jpg,0.0,0
936 (3).jpg,test\FAKE\936 (3).jpg,3.132224e-05,0
936 (4).jpg,test\FAKE\936 (4).jpg,0.0,0
936 (5).jpg,test\FAKE\936 (5).jpg,0.0,0
936 (6).jpg,test\FAKE\936 (6).jpg,0.0001347363,0
936 (7).jpg,test\FAKE\936 (7).jpg,0.0,0
936 (8).jpg,test\FAKE\936 (8).jpg,0.0,0
936 (9).jpg,test\FAKE\936 (9).jpg,0.0,0
936.jpg,test\FAKE\936.jpg,0.0,0
937 (10).jpg,test\FAKE\937 (10).jpg,0.0,0
937 (2).jpg,test\FAKE\937 (2).jpg,5.2452087e-06,0
937 (3).jpg,test\FAKE\937 (3).jpg,0.00017678738,0
937 (4).jpg,test\FAKE\937 (4).jpg,0.0,0
937 (5).jpg,test\FAKE\937 (5).jpg,0.0006837547,0
937 (6).jpg,test\FAKE\937 (6).jpg,0.0,0
937 (7).jpg,test\FAKE\937 (7).jpg,0.0,0
937 (8).jpg,test\FAKE\937 (8).jpg,4.7683716e-07,0
937 (9).jpg,test\FAKE\937 (9).jpg,0.0,0
937.jpg,test\FAKE\937.jpg,0.48231226,0
938 (10).jpg,test\FAKE\938 (10).jpg,5.9962273e-05,0
938 (2).jpg,test\FAKE\938 (2).jpg,0.0,0
938 (3).jpg,test\FAKE\938 (3).jpg,0.0,0
938 (4).jpg,test\FAKE\938 (4).jpg,0.0,0
938 (5).jpg,test\FAKE\938 (5).jpg,0.0,0
938 (6).jpg,test\FAKE\938 (6).jpg,0.0,0
938 (7).jpg,test\FAKE\938 (7).jpg,0.0,0
938 (8).jpg,test\FAKE\938 (8).jpg,0.0,0
938 (9).jpg,test\FAKE\938 (9).jpg,8.940697e-08,0
938.jpg,test\FAKE\938.jpg,0.0,0
939 (10).jpg,test\FAKE\939 (10).jpg,5.9604645e-07,0
939 (2).jpg,test\FAKE\939 (2).jpg,5.9604645e-08,0
939 (3).jpg,test\FAKE\939 (3).jpg,0.0,0
939 (4).jpg,test\FAKE\939 (4).jpg,0.0,0
939 (5).jpg,test\FAKE\939 (5).jpg,0.0,0
939 (6).jpg,test\FAKE\939 (6).jpg,5.9604645e-07,0
939 (7).jpg,test\FAKE\939 (7).jpg,0.0,0
939 (8).jpg,test\FAKE\939 (8).jpg,2.9802322e-08,0
939 (9).jpg,test\FAKE\939 (9).jpg,0.0010846555,0
939.jpg,test\FAKE\939.jpg,0.008597106,0
94 (10).jpg,test\FAKE\94 (10).jpg,0.0,0
94 (2).jpg,test\FAKE\94 (2).jpg,0.0,0
94 (3).jpg,test\FAKE\94 (3).jpg,0.0,0
94 (4).jpg,test\FAKE\94 (4).jpg,0.0,0
94 (5).jpg,test\FAKE\94 (5).jpg,0.001080811,0
94 (6).jpg,test\FAKE\94 (6).jpg,2.9802322e-08,0
94 (7).jpg,test\FAKE\94 (7).jpg,0.0,0
94 (8).jpg,test\FAKE\94 (8).jpg,0.0,0
94 (9).jpg,test\FAKE\94 (9).jpg,4.172325e-07,0
94.jpg,test\FAKE\94.jpg,1.4007092e-06,0
940 (10).jpg,test\FAKE\940 (10).jpg,0.0,0
940 (2).jpg,test\FAKE\940 (2).jpg,0.0,0
940 (3).jpg,test\FAKE\940 (3).jpg,0.0,0
940 (4).jpg,test\FAKE\940 (4).jpg,5.662441e-07,0
940 (5).jpg,test\FAKE\940 (5).jpg,0.0,0
940 (6).jpg,test\FAKE\940 (6).jpg,0.0,0
940 (7).jpg,test\FAKE\940 (7).jpg,0.0,0
940 (8).jpg,test\FAKE\940 (8).jpg,0.0,0
940 (9).jpg,test\FAKE\940 (9).jpg,0.25606692,0
940.jpg,test\FAKE\940.jpg,0.0,0
941 (10).jpg,test\FAKE\941 (10).jpg,0.0,0
941 (2).jpg,test\FAKE\941 (2).jpg,0.0,0
941 (3).jpg,test\FAKE\941 (3).jpg,5.364418e-07,0
941 (4).jpg,test\FAKE\941 (4).jpg,0.0,0
941 (5).jpg,test\FAKE\941 (5).jpg,0.0,0
941 (6).jpg,test\FAKE\941 (6).jpg,0.0,0
941 (7).jpg,test\FAKE\941 (7).jpg,0.0,0
941 (8).jpg,test\FAKE\941 (8).jpg,0.0,0
941 (9).jpg,test\FAKE\941 (9).jpg,2.682209e-07,0
941.jpg,test\FAKE\941.jpg,5.066395e-07,0
942 (10).jpg,test\FAKE\942 (10).jpg,1.9043684e-05,0
942 (2).jpg,test\FAKE\942 (2).jpg,0.0,0
942 (3).jpg,test\FAKE\942 (3).jpg,0.0,0
942 (4).jpg,test\FAKE\942 (4).jpg,0.0,0
942 (5).jpg,test\FAKE\942 (5).jpg,0.0031356812,0
942 (6).jpg,test\FAKE\942 (6).jpg,0.0,0
942 (7).jpg,test\FAKE\942 (7).jpg,0.0,0
942 (8).jpg,test\FAKE\942 (8).jpg,0.0,0
942 (9).jpg,test\FAKE\942 (9).jpg,0.0,0
942.jpg,test\FAKE\942.jpg,0.0,0
943 (10).jpg,test\FAKE\943 (10).jpg,7.033348e-06,0
943 (2).jpg,test\FAKE\943 (2).jpg,0.0,0
943 (3).jpg,test\FAKE\943 (3).jpg,0.00022605062,0
943 (4).jpg,test\FAKE\943 (4).jpg,0.0,0
943 (5).jpg,test\FAKE\943 (5).jpg,0.0,0
943 (6).jpg,test\FAKE\943 (6).jpg,2.9802322e-08,0
943 (7).jpg,test\FAKE\943 (7).jpg,0.0,0
943 (8).jpg,test\FAKE\943 (8).jpg,0.0,0
943 (9).jpg,test\FAKE\943 (9).jpg,1.1920929e-07,0
943.jpg,test\FAKE\943.jpg,0.0,0
944 (10).jpg,test\FAKE\944 (10).jpg,0.0,0
944 (2).jpg,test\FAKE\944 (2).jpg,0.19197258,0
944 (3).jpg,test\FAKE\944 (3).jpg,0.00052562356,0
944 (4).jpg,test\FAKE\944 (4).jpg,8.499622e-05,0
944 (5).jpg,test\FAKE\944 (5).jpg,0.0,0
944 (6).jpg,test\FAKE\944 (6).jpg,1.2129545e-05,0
944 (7).jpg,test\FAKE\944 (7).jpg,0.0,0
944 (8).jpg,test\FAKE\944 (8).jpg,0.00010204315,0
944 (9).jpg,test\FAKE\944 (9).jpg,0.0,0
944.jpg,test\FAKE\944.jpg,0.0,0
945 (10).jpg,test\FAKE\945 (10).jpg,0.00020897388,0
945 (2).jpg,test\FAKE\945 (2).jpg,2.3841858e-07,0
945 (3).jpg,test\FAKE\945 (3).jpg,1.5437603e-05,0
945 (4).jpg,test\FAKE\945 (4).jpg,8.940697e-08,0
945 (5).jpg,test\FAKE\945 (5).jpg,9.23872e-07,0
945 (6).jpg,test\FAKE\945 (6).jpg,0.034088194,0
945 (7).jpg,test\FAKE\945 (7).jpg,0.0,0
945 (8).jpg,test\FAKE\945 (8).jpg,0.0,0
945 (9).jpg,test\FAKE\945 (9).jpg,0.0,0
945.jpg,test\FAKE\945.jpg,0.0,0
946 (10).jpg,test\FAKE\946 (10).jpg,0.0,0
946 (2).jpg,test\FAKE\946 (2).jpg,0.0,0
946 (3).jpg,test\FAKE\946 (3).jpg,0.0,0
946 (4).jpg,test\FAKE\946 (4).jpg,2.4735928e-05,0
946 (5).jpg,test\FAKE\946 (5).jpg,0.0,0
946 (6).jpg,test\FAKE\946 (6).jpg,5.9604645e-08,0
946 (7).jpg,test\FAKE\946 (7).jpg,0.0,0
946 (8).jpg,test\FAKE\946 (8).jpg,8.940697e-08,0
946 (9).jpg,test\FAKE\946 (9).jpg,0.11328572,0
946.jpg,test\FAKE\946.jpg,2.9802322e-07,0
947 (10).jpg,test\FAKE\947 (10).jpg,0.0,0
947 (2).jpg,test\FAKE\947 (2).jpg,0.0,0
947 (3).jpg,test\FAKE\947 (3).jpg,0.00041216612,0
947 (4).jpg,test\FAKE\947 (4).jpg,0.0,0
947 (5).jpg,test\FAKE\947 (5).jpg,0.0,0
947 (6).jpg,test\FAKE\947 (6).jpg,0.0,0
947 (7).jpg,test\FAKE\947 (7).jpg,0.0,0
947 (8).jpg,test\FAKE\947 (8).jpg,0.0,0
947 (9).jpg,test\FAKE\947 (9).jpg,0.0,0
947.jpg,test\FAKE\947.jpg,0.0,0
948 (10).jpg,test\FAKE\948 (10).jpg,0.0,0
948 (2).jpg,test\FAKE\948 (2).jpg,0.0,0
948 (3).jpg,test\FAKE\948 (3).jpg,0.008629501,0
948 (4).jpg,test\FAKE\948 (4).jpg,0.0,0
948 (5).jpg,test\FAKE\948 (5).jpg,0.0,0
948 (6).jpg,test\FAKE\948 (6).jpg,2.9802322e-08,0
948 (7).jpg,test\FAKE\948 (7).jpg,0.0,0
948 (8).jpg,test\FAKE\948 (8).jpg,1.2874603e-05,0
948 (9).jpg,test\FAKE\948 (9).jpg,0.0,0
948.jpg,test\FAKE\948.jpg,0.0,0
949 (10).jpg,test\FAKE\949 (10).jpg,0.0,0
949 (2).jpg,test\FAKE\949 (2).jpg,0.004604876,0
949 (3).jpg,test\FAKE\949 (3).jpg,0.0,0
949 (4).jpg,test\FAKE\949 (4).jpg,2.9802322e-07,0
949 (5).jpg,test\FAKE\949 (5).jpg,0.0,0
949 (6).jpg,test\FAKE\949 (6).jpg,1.475215e-05,0
949 (7).jpg,test\FAKE\949 (7).jpg,0.0,0
949 (8).jpg,test\FAKE\949 (8).jpg,0.0,0
949 (9).jpg,test\FAKE\949 (9).jpg,0.024965018,0
949.jpg,test\FAKE\949.jpg,0.0063070357,0
95 (10).jpg,test\FAKE\95 (10).jpg,0.0,0
95 (2).jpg,test\FAKE\95 (2).jpg,0.0,0
95 (3).jpg,test\FAKE\95 (3).jpg,0.1064896,0
95 (4).jpg,test\FAKE\95 (4).jpg,0.0,0
95 (5).jpg,test\FAKE\95 (5).jpg,0.010738552,0
95 (6).jpg,test\FAKE\95 (6).jpg,0.0,0
95 (7).jpg,test\FAKE\95 (7).jpg,0.0,0
95 (8).jpg,test\FAKE\95 (8).jpg,0.0,0
95 (9).jpg,test\FAKE\95 (9).jpg,0.0,0
95.jpg,test\FAKE\95.jpg,0.0,0
950 (10).jpg,test\FAKE\950 (10).jpg,4.3094158e-05,0
950 (2).jpg,test\FAKE\950 (2).jpg,0.0,0
950 (3).jpg,test\FAKE\950 (3).jpg,0.0,0
950 (4).jpg,test\FAKE\950 (4).jpg,0.0,0
950 (5).jpg,test\FAKE\950 (5).jpg,0.0,0
950 (6).jpg,test\FAKE\950 (6).jpg,0.0,0
950 (7).jpg,test\FAKE\950 (7).jpg,0.0,0
950 (8).jpg,test\FAKE\950 (8).jpg,0.0,0
950 (9).jpg,test\FAKE\950 (9).jpg,0.00030118227,0
950.jpg,test\FAKE\950.jpg,0.0,0
951 (10).jpg,test\FAKE\951 (10).jpg,6.6161156e-06,0
951 (2).jpg,test\FAKE\951 (2).jpg,0.0,0
951 (3).jpg,test\FAKE\951 (3).jpg,3.6507845e-05,0
951 (4).jpg,test\FAKE\951 (4).jpg,0.0,0
951 (5).jpg,test\FAKE\951 (5).jpg,0.0,0
951 (6).jpg,test\FAKE\951 (6).jpg,0.0,0
951 (7).jpg,test\FAKE\951 (7).jpg,0.0,0
951 (8).jpg,test\FAKE\951 (8).jpg,0.0,0
951 (9).jpg,test\FAKE\951 (9).jpg,6.5267086e-06,0
951.jpg,test\FAKE\951.jpg,0.0,0
952 (10).jpg,test\FAKE\952 (10).jpg,0.12554953,0
952 (2).jpg,test\FAKE\952 (2).jpg,0.0,0
952 (3).jpg,test\FAKE\952 (3).jpg,4.172325e-07,0
952 (4).jpg,test\FAKE\952 (4).jpg,0.0,0
952 (5).jpg,test\FAKE\952 (5).jpg,0.0,0
952 (6).jpg,test\FAKE\952 (6).jpg,0.0,0
952 (7).jpg,test\FAKE\952 (7).jpg,0.0,0
952 (8).jpg,test\FAKE\952 (8).jpg,0.0,0
952 (9).jpg,test\FAKE\952 (9).jpg,0.0012428164,0
952.jpg,test\FAKE\952.jpg,0.0,0
953 (10).jpg,test\FAKE\953 (10).jpg,0.0,0
953 (2).jpg,test\FAKE\953 (2).jpg,5.066395e-07,0
953 (3).jpg,test\FAKE\953 (3).jpg,1.0639429e-05,0
953 (4).jpg,test\FAKE\953 (4).jpg,0.0,0
953 (5).jpg,test\FAKE\953 (5).jpg,0.0,0
953 (6).jpg,test\FAKE\953 (6).jpg,0.0,0
953 (7).jpg,test\FAKE\953 (7).jpg,0.0,0
953 (8).jpg,test\FAKE\953 (8).jpg,0.0,0
953 (9).jpg,test\FAKE\953 (9).jpg,0.0,0
953.jpg,test\FAKE\953.jpg,0.0,0
954 (10).jpg,test\FAKE\954 (10).jpg,0.0,0
954 (2).jpg,test\FAKE\954 (2).jpg,0.0,0
954 (3).jpg,test\FAKE\954 (3).jpg,0.0,0
954 (4).jpg,test\FAKE\954 (4).jpg,0.0,0
954 (5).jpg,test\FAKE\954 (5).jpg,0.0,0
954 (6).jpg,test\FAKE\954 (6).jpg,0.0,0
954 (7).jpg,test\FAKE\954 (7).jpg,0.0,0
954 (8).jpg,test\FAKE\954 (8).jpg,0.0,0
954 (9).jpg,test\FAKE\954 (9).jpg,8.940697e-08,0
954.jpg,test\FAKE\954.jpg,2.682209e-07,0
955 (10).jpg,test\FAKE\955 (10).jpg,0.0,0
955 (2).jpg,test\FAKE\955 (2).jpg,0.0,0
955 (3).jpg,test\FAKE\955 (3).jpg,1.3411045e-06,0
955 (4).jpg,test\FAKE\955 (4).jpg,0.0,0
955 (5).jpg,test\FAKE\955 (5).jpg,0.0,0
955 (6).jpg,test\FAKE\955 (6).jpg,0.0,0
955 (7).jpg,test\FAKE\955 (7).jpg,0.0,0
955 (8).jpg,test\FAKE\955 (8).jpg,1.3113022e-06,0
955 (9).jpg,test\FAKE\955 (9).jpg,2.413988e-06,0
955.jpg,test\FAKE\955.jpg,0.0003924966,0
956 (10).jpg,test\FAKE\956 (10).jpg,0.00034746528,0
956 (2).jpg,test\FAKE\956 (2).jpg,0.0,0
956 (3).jpg,test\FAKE\956 (3).jpg,0.97061634,1
956 (4).jpg,test\FAKE\956 (4).jpg,0.000987947,0
956 (5).jpg,test\FAKE\956 (5).jpg,0.0,0
956 (6).jpg,test\FAKE\956 (6).jpg,0.0,0
956 (7).jpg,test\FAKE\956 (7).jpg,0.0,0
956 (8).jpg,test\FAKE\956 (8).jpg,0.0,0
956 (9).jpg,test\FAKE\956 (9).jpg,0.0,0
956.jpg,test\FAKE\956.jpg,0.0,0
957 (10).jpg,test\FAKE\957 (10).jpg,0.0,0
957 (2).jpg,test\FAKE\957 (2).jpg,0.0,0
957 (3).jpg,test\FAKE\957 (3).jpg,0.16056156,0
957 (4).jpg,test\FAKE\957 (4).jpg,0.0,0
957 (5).jpg,test\FAKE\957 (5).jpg,0.025755227,0
957 (6).jpg,test\FAKE\957 (6).jpg,0.0,0
957 (7).jpg,test\FAKE\957 (7).jpg,0.0,0
957 (8).jpg,test\FAKE\957 (8).jpg,6.2584877e-07,0
957 (9).jpg,test\FAKE\957 (9).jpg,0.0,0
957.jpg,test\FAKE\957.jpg,0.0,0
958 (10).jpg,test\FAKE\958 (10).jpg,0.0,0
958 (2).jpg,test\FAKE\958 (2).jpg,0.0,0
958 (3).jpg,test\FAKE\958 (3).jpg,0.0,0
958 (4).jpg,test\FAKE\958 (4).jpg,0.0002580583,0
958 (5).jpg,test\FAKE\958 (5).jpg,0.0,0
958 (6).jpg,test\FAKE\958 (6).jpg,4.6491623e-06,0
958 (7).jpg,test\FAKE\958 (7).jpg,0.0,0
958 (8).jpg,test\FAKE\958 (8).jpg,0.0,0
958 (9).jpg,test\FAKE\958 (9).jpg,0.0,0
958.jpg,test\FAKE\958.jpg,0.0,0
959 (10).jpg,test\FAKE\959 (10).jpg,0.0,0
959 (2).jpg,test\FAKE\959 (2).jpg,0.0,0
959 (3).jpg,test\FAKE\959 (3).jpg,5.236268e-05,0
959 (4).jpg,test\FAKE\959 (4).jpg,0.0,0
959 (5).jpg,test\FAKE\959 (5).jpg,2.9802322e-08,0
959 (6).jpg,test\FAKE\959 (6).jpg,0.0,0
959 (7).jpg,test\FAKE\959 (7).jpg,0.63543975,1
959 (8).jpg,test\FAKE\959 (8).jpg,0.0,0
959 (9).jpg,test\FAKE\959 (9).jpg,0.0,0
959.jpg,test\FAKE\959.jpg,0.0,0
96 (10).jpg,test\FAKE\96 (10).jpg,0.0,0
96 (2).jpg,test\FAKE\96 (2).jpg,0.0,0
96 (3).jpg,test\FAKE\96 (3).jpg,0.0,0
96 (4).jpg,test\FAKE\96 (4).jpg,0.0,0
96 (5).jpg,test\FAKE\96 (5).jpg,0.0,0
96 (6).jpg,test\FAKE\96 (6).jpg,0.0,0
96 (7).jpg,test\FAKE\96 (7).jpg,0.0,0
96 (8).jpg,test\FAKE\96 (8).jpg,0.0,0
96 (9).jpg,test\FAKE\96 (9).jpg,0.0,0
96.jpg,test\FAKE\96.jpg,0.0,0
960 (10).jpg,test\FAKE\960 (10).jpg,0.0,0
960 (2).jpg,test\FAKE\960 (2).jpg,0.0,0
960 (3).jpg,test\FAKE\960 (3).jpg,0.0,0
960 (4).jpg,test\FAKE\960 (4).jpg,0.0,0
960 (5).jpg,test\FAKE\960 (5).jpg,0.0,0
960 (6).jpg,test\FAKE\960 (6).jpg,6.854534e-07,0
960 (7).jpg,test\FAKE\960 (7).jpg,0.0,0
960 (8).jpg,test\FAKE\960 (8).jpg,0.0,0
960 (9).jpg,test\FAKE\960 (9).jpg,0.0,0
960.jpg,test\FAKE\960.jpg,1.7881393e-06,0
961 (10).jpg,test\FAKE\961 (10).jpg,0.0,0
961 (2).jpg,test\FAKE\961 (2).jpg,0.0,0
961 (3).jpg,test\FAKE\961 (3).jpg,0.0,0
961 (4).jpg,test\FAKE\961 (4).jpg,0.9997823,1
961 (5).jpg,test\FAKE\961 (5).jpg,0.0,0
961 (6).jpg,test\FAKE\961 (6).jpg,0.0,0
961 (7).jpg,test\FAKE\961 (7).jpg,0.0,0
961 (8).jpg,test\FAKE\961 (8).jpg,0.0,0
961 (9).jpg,test\FAKE\961 (9).jpg,0.0,0
961.jpg,test\FAKE\961.jpg,0.0,0
962 (10).jpg,test\FAKE\962 (10).jpg,0.0,0
962 (2).jpg,test\FAKE\962 (2).jpg,0.0,0
962 (3).jpg,test\FAKE\962 (3).jpg,0.0,0
962 (4).jpg,test\FAKE\962 (4).jpg,0.0,0
962 (5).jpg,test\FAKE\962 (5).jpg,0.0,0
962 (6).jpg,test\FAKE\962 (6).jpg,0.0032581687,0
962 (7).jpg,test\FAKE\962 (7).jpg,0.0,0
962 (8).jpg,test\FAKE\962 (8).jpg,0.011730313,0
962 (9).jpg,test\FAKE\962 (9).jpg,0.0,0
962.jpg,test\FAKE\962.jpg,9.62615e-06,0
963 (10).jpg,test\FAKE\963 (10).jpg,0.0,0
963 (2).jpg,test\FAKE\963 (2).jpg,0.0,0
963 (3).jpg,test\FAKE\963 (3).jpg,0.03198287,0
963 (4).jpg,test\FAKE\963 (4).jpg,0.0,0
963 (5).jpg,test\FAKE\963 (5).jpg,0.0,0
963 (6).jpg,test\FAKE\963 (6).jpg,0.0,0
963 (7).jpg,test\FAKE\963 (7).jpg,0.0,0
963 (8).jpg,test\FAKE\963 (8).jpg,0.0,0
963 (9).jpg,test\FAKE\963 (9).jpg,0.0,0
963.jpg,test\FAKE\963.jpg,0.0,0
964 (10).jpg,test\FAKE\964 (10).jpg,0.0,0
964 (2).jpg,test\FAKE\964 (2).jpg,8.940697e-08,0
964 (3).jpg,test\FAKE\964 (3).jpg,0.05165711,0
964 (4).jpg,test\FAKE\964 (4).jpg,3.5762787e-06,0
964 (5).jpg,test\FAKE\964 (5).jpg,0.0,0
964 (6).jpg,test\FAKE\964 (6).jpg,1.7881393e-07,0
964 (7).jpg,test\FAKE\964 (7).jpg,0.0,0
964 (8).jpg,test\FAKE\964 (8).jpg,0.0,0
964 (9).jpg,test\FAKE\964 (9).jpg,0.0,0
964.jpg,test\FAKE\964.jpg,0.001719892,0
965 (10).jpg,test\FAKE\965 (10).jpg,0.0,0
965 (2).jpg,test\FAKE\965 (2).jpg,0.0013281107,0
965 (3).jpg,test\FAKE\965 (3).jpg,0.0,0
965 (4).jpg,test\FAKE\965 (4).jpg,0.0,0
965 (5).jpg,test\FAKE\965 (5).jpg,3.2782555e-06,0
965 (6).jpg,test\FAKE\965 (6).jpg,0.0,0
965 (7).jpg,test\FAKE\965 (7).jpg,0.024737835,0
965 (8).jpg,test\FAKE\965 (8).jpg,0.0,0
965 (9).jpg,test\FAKE\965 (9).jpg,0.0,0
965.jpg,test\FAKE\965.jpg,0.039100736,0
966 (10).jpg,test\FAKE\966 (10).jpg,0.0,0
966 (2).jpg,test\FAKE\966 (2).jpg,0.0,0
966 (3).jpg,test\FAKE\966 (3).jpg,0.0,0
966 (4).jpg,test\FAKE\966 (4).jpg,0.0003106594,0
966 (5).jpg,test\FAKE\966 (5).jpg,0.0,0
966 (6).jpg,test\FAKE\966 (6).jpg,0.0,0
966 (7).jpg,test\FAKE\966 (7).jpg,8.940697e-08,0
966 (8).jpg,test\FAKE\966 (8).jpg,0.0,0
966 (9).jpg,test\FAKE\966 (9).jpg,0.0,0
966.jpg,test\FAKE\966.jpg,0.004669845,0
967 (10).jpg,test\FAKE\967 (10).jpg,0.0,0
967 (2).jpg,test\FAKE\967 (2).jpg,0.0,0
967 (3).jpg,test\FAKE\967 (3).jpg,1.7911196e-05,0
967 (4).jpg,test\FAKE\967 (4).jpg,0.0,0
967 (5).jpg,test\FAKE\967 (5).jpg,0.0,0
967 (6).jpg,test\FAKE\967 (6).jpg,0.0,0
967 (7).jpg,test\FAKE\967 (7).jpg,0.0,0
967 (8).jpg,test\FAKE\967 (8).jpg,0.0,0
967 (9).jpg,test\FAKE\967 (9).jpg,2.3841858e-06,0
967.jpg,test\FAKE\967.jpg,0.005772412,0
968 (10).jpg,test\FAKE\968 (10).jpg,0.0,0
968 (2).jpg,test\FAKE\968 (2).jpg,1.7881393e-06,0
968 (3).jpg,test\FAKE\968 (3).jpg,6.765127e-06,0
968 (4).jpg,test\FAKE\968 (4).jpg,0.0,0
968 (5).jpg,test\FAKE\968 (5).jpg,0.0,0
968 (6).jpg,test\FAKE\968 (6).jpg,0.0,0
968 (7).jpg,test\FAKE\968 (7).jpg,0.0,0
968 (8).jpg,test\FAKE\968 (8).jpg,0.0,0
968 (9).jpg,test\FAKE\968 (9).jpg,5.364418e-07,0
968.jpg,test\FAKE\968.jpg,2.7418137e-06,0
969 (10).jpg,test\FAKE\969 (10).jpg,0.00035363436,0
969 (2).jpg,test\FAKE\969 (2).jpg,0.0,0
969 (3).jpg,test\FAKE\969 (3).jpg,0.0,0
969 (4).jpg,test\FAKE\969 (4).jpg,0.0066791475,0
969 (5).jpg,test\FAKE\969 (5).jpg,0.0,0
969 (6).jpg,test\FAKE\969 (6).jpg,0.0,0
969 (7).jpg,test\FAKE\969 (7).jpg,0.0,0
969 (8).jpg,test\FAKE\969 (8).jpg,0.0,0
969 (9).jpg,test\FAKE\969 (9).jpg,5.9604645e-08,0
969.jpg,test\FAKE\969.jpg,0.0,0
97 (10).jpg,test\FAKE\97 (10).jpg,0.0048640966,0
97 (2).jpg,test\FAKE\97 (2).jpg,0.0034655333,0
97 (3).jpg,test\FAKE\97 (3).jpg,0.00010845065,0
97 (4).jpg,test\FAKE\97 (4).jpg,0.0,0
97 (5).jpg,test\FAKE\97 (5).jpg,0.0,0
97 (6).jpg,test\FAKE\97 (6).jpg,0.0,0
97 (7).jpg,test\FAKE\97 (7).jpg,0.0,0
97 (8).jpg,test\FAKE\97 (8).jpg,0.0,0
97 (9).jpg,test\FAKE\97 (9).jpg,0.0012255013,0
97.jpg,test\FAKE\97.jpg,0.0,0
970 (10).jpg,test\FAKE\970 (10).jpg,0.0,0
970 (2).jpg,test\FAKE\970 (2).jpg,8.940697e-08,0
970 (3).jpg,test\FAKE\970 (3).jpg,0.010087818,0
970 (4).jpg,test\FAKE\970 (4).jpg,0.0,0
970 (5).jpg,test\FAKE\970 (5).jpg,0.0005299151,0
970 (6).jpg,test\FAKE\970 (6).jpg,0.0,0
970 (7).jpg,test\FAKE\970 (7).jpg,0.0,0
970 (8).jpg,test\FAKE\970 (8).jpg,0.0,0
970 (9).jpg,test\FAKE\970 (9).jpg,0.0,0
970.jpg,test\FAKE\970.jpg,1.3411045e-06,0
971 (10).jpg,test\FAKE\971 (10).jpg,0.03636068,0
971 (2).jpg,test\FAKE\971 (2).jpg,0.0,0
971 (3).jpg,test\FAKE\971 (3).jpg,0.0,0
971 (4).jpg,test\FAKE\971 (4).jpg,0.0,0
971 (5).jpg,test\FAKE\971 (5).jpg,0.0,0
971 (6).jpg,test\FAKE\971 (6).jpg,0.0,0
971 (7).jpg,test\FAKE\971 (7).jpg,0.0,0
971 (8).jpg,test\FAKE\971 (8).jpg,0.0025895536,0
971 (9).jpg,test\FAKE\971 (9).jpg,3.3825636e-05,0
971.jpg,test\FAKE\971.jpg,0.0,0
972 (10).jpg,test\FAKE\972 (10).jpg,0.0,0
972 (2).jpg,test\FAKE\972 (2).jpg,0.0,0
972 (3).jpg,test\FAKE\972 (3).jpg,2.3245811e-06,0
972 (4).jpg,test\FAKE\972 (4).jpg,0.00087592006,0
972 (5).jpg,test\FAKE\972 (5).jpg,0.0,0
972 (6).jpg,test\FAKE\972 (6).jpg,2.0861626e-07,0
972 (7).jpg,test\FAKE\972 (7).jpg,0.0,0
972 (8).jpg,test\FAKE\972 (8).jpg,0.0,0
972 (9).jpg,test\FAKE\972 (9).jpg,0.0,0
972.jpg,test\FAKE\972.jpg,0.19803718,0
973 (10).jpg,test\FAKE\973 (10).jpg,0.0,0
973 (2).jpg,test\FAKE\973 (2).jpg,0.0,0
973 (3).jpg,test\FAKE\973 (3).jpg,8.940697e-08,0
973 (4).jpg,test\FAKE\973 (4).jpg,0.0,0
973 (5).jpg,test\FAKE\973 (5).jpg,0.0,0
973 (6).jpg,test\FAKE\973 (6).jpg,0.0,0
973 (7).jpg,test\FAKE\973 (7).jpg,0.0,0
973 (8).jpg,test\FAKE\973 (8).jpg,8.6426735e-07,0
973 (9).jpg,test\FAKE\973 (9).jpg,0.037932694,0
973.jpg,test\FAKE\973.jpg,0.0,0
974 (10).jpg,test\FAKE\974 (10).jpg,0.0,0
974 (2).jpg,test\FAKE\974 (2).jpg,0.0,0
974 (3).jpg,test\FAKE\974 (3).jpg,1.2993813e-05,0
974 (4).jpg,test\FAKE\974 (4).jpg,1.2516975e-06,0
974 (5).jpg,test\FAKE\974 (5).jpg,0.0,0
974 (6).jpg,test\FAKE\974 (6).jpg,0.0,0
974 (7).jpg,test\FAKE\974 (7).jpg,0.0,0
974 (8).jpg,test\FAKE\974 (8).jpg,0.0,0
974 (9).jpg,test\FAKE\974 (9).jpg,0.0,0
974.jpg,test\FAKE\974.jpg,0.0,0
975 (10).jpg,test\FAKE\975 (10).jpg,0.0,0
975 (2).jpg,test\FAKE\975 (2).jpg,0.0,0
975 (3).jpg,test\FAKE\975 (3).jpg,0.0040374994,0
975 (4).jpg,test\FAKE\975 (4).jpg,0.0,0
975 (5).jpg,test\FAKE\975 (5).jpg,0.0,0
975 (6).jpg,test\FAKE\975 (6).jpg,2.9802322e-08,0
975 (7).jpg,test\FAKE\975 (7).jpg,0.0,0
975 (8).jpg,test\FAKE\975 (8).jpg,0.0,0
975 (9).jpg,test\FAKE\975 (9).jpg,0.003592819,0
975.jpg,test\FAKE\975.jpg,0.99624586,1
976 (10).jpg,test\FAKE\976 (10).jpg,0.0,0
976 (2).jpg,test\FAKE\976 (2).jpg,1.1920929e-07,0
976 (3).jpg,test\FAKE\976 (3).jpg,0.0,0
976 (4).jpg,test\FAKE\976 (4).jpg,0.0,0
976 (5).jpg,test\FAKE\976 (5).jpg,0.0,0
976 (6).jpg,test\FAKE\976 (6).jpg,0.0,0
976 (7).jpg,test\FAKE\976 (7).jpg,2.9802322e-07,0
976 (8).jpg,test\FAKE\976 (8).jpg,0.0,0
976 (9).jpg,test\FAKE\976 (9).jpg,0.0,0
976.jpg,test\FAKE\976.jpg,2.849102e-05,0
977 (10).jpg,test\FAKE\977 (10).jpg,2.1368265e-05,0
977 (2).jpg,test\FAKE\977 (2).jpg,0.0,0
977 (3).jpg,test\FAKE\977 (3).jpg,3.5762787e-07,0
977 (4).jpg,test\FAKE\977 (4).jpg,0.0,0
977 (5).jpg,test\FAKE\977 (5).jpg,0.0,0
977 (6).jpg,test\FAKE\977 (6).jpg,0.0,0
977 (7).jpg,test\FAKE\977 (7).jpg,0.0,0
977 (8).jpg,test\FAKE\977 (8).jpg,0.0,0
977 (9).jpg,test\FAKE\977 (9).jpg,0.0020295382,0
977.jpg,test\FAKE\977.jpg,0.0,0
978 (10).jpg,test\FAKE\978 (10).jpg,0.0,0
978 (2).jpg,test\FAKE\978 (2).jpg,0.0,0
978 (3).jpg,test\FAKE\978 (3).jpg,0.0,0
978 (4).jpg,test\FAKE\978 (4).jpg,0.0,0
978 (5).jpg,test\FAKE\978 (5).jpg,0.0,0
978 (6).jpg,test\FAKE\978 (6).jpg,0.0,0
978 (7).jpg,test\FAKE\978 (7).jpg,0.0,0
978 (8).jpg,test\FAKE\978 (8).jpg,0.0,0
978 (9).jpg,test\FAKE\978 (9).jpg,0.0,0
978.jpg,test\FAKE\978.jpg,0.06710824,0
979 (10).jpg,test\FAKE\979 (10).jpg,0.0041091144,0
979 (2).jpg,test\FAKE\979 (2).jpg,0.0,0
979 (3).jpg,test\FAKE\979 (3).jpg,0.0011036992,0
979 (4).jpg,test\FAKE\979 (4).jpg,1.7881393e-07,0
979 (5).jpg,test\FAKE\979 (5).jpg,0.005035162,0
979 (6).jpg,test\FAKE\979 (6).jpg,4.172325e-07,0
979 (7).jpg,test\FAKE\979 (7).jpg,0.0,0
979 (8).jpg,test\FAKE\979 (8).jpg,0.0,0
979 (9).jpg,test\FAKE\979 (9).jpg,0.0,0
979.jpg,test\FAKE\979.jpg,2.6464462e-05,0
98 (10).jpg,test\FAKE\98 (10).jpg,0.011675894,0
98 (2).jpg,test\FAKE\98 (2).jpg,0.0,0
98 (3).jpg,test\FAKE\98 (3).jpg,0.0,0
98 (4).jpg,test\FAKE\98 (4).jpg,0.0,0
98 (5).jpg,test\FAKE\98 (5).jpg,0.0,0
98 (6).jpg,test\FAKE\98 (6).jpg,1.7464161e-05,0
98 (7).jpg,test\FAKE\98 (7).jpg,0.0,0
98 (8).jpg,test\FAKE\98 (8).jpg,0.0,0
98 (9).jpg,test\FAKE\98 (9).jpg,6.3180923e-06,0
98.jpg,test\FAKE\98.jpg,0.0,0
980 (10).jpg,test\FAKE\980 (10).jpg,0.0,0
980 (2).jpg,test\FAKE\980 (2).jpg,0.00043305755,0
980 (3).jpg,test\FAKE\980 (3).jpg,8.6426735e-07,0
980 (4).jpg,test\FAKE\980 (4).jpg,0.0030279756,0
980 (5).jpg,test\FAKE\980 (5).jpg,0.0,0
980 (6).jpg,test\FAKE\980 (6).jpg,0.0,0
980 (7).jpg,test\FAKE\980 (7).jpg,0.0,0
980 (8).jpg,test\FAKE\980 (8).jpg,1.1920929e-07,0
980 (9).jpg,test\FAKE\980 (9).jpg,4.053116e-06,0
980.jpg,test\FAKE\980.jpg,0.0073111355,0
981 (10).jpg,test\FAKE\981 (10).jpg,3.1292439e-06,0
981 (2).jpg,test\FAKE\981 (2).jpg,0.0,0
981 (3).jpg,test\FAKE\981 (3).jpg,0.0,0
981 (4).jpg,test\FAKE\981 (4).jpg,0.0,0
981 (5).jpg,test\FAKE\981 (5).jpg,0.0,0
981 (6).jpg,test\FAKE\981 (6).jpg,2.2947788e-06,0
981 (7).jpg,test\FAKE\981 (7).jpg,0.0,0
981 (8).jpg,test\FAKE\981 (8).jpg,0.0,0
981 (9).jpg,test\FAKE\981 (9).jpg,0.0,0
981.jpg,test\FAKE\981.jpg,0.0,0
982 (10).jpg,test\FAKE\982 (10).jpg,0.0,0
982 (2).jpg,test\FAKE\982 (2).jpg,0.0,0
982 (3).jpg,test\FAKE\982 (3).jpg,0.21627885,0
982 (4).jpg,test\FAKE\982 (4).jpg,0.0,0
982 (5).jpg,test\FAKE\982 (5).jpg,0.0,0
982 (6).jpg,test\FAKE\982 (6).jpg,0.0025630891,0
982 (7).jpg,test\FAKE\982 (7).jpg,0.0,0
982 (8).jpg,test\FAKE\982 (8).jpg,3.2782555e-07,0
982 (9).jpg,test\FAKE\982 (9).jpg,0.0,0
982.jpg,test\FAKE\982.jpg,0.0,0
983 (10).jpg,test\FAKE\983 (10).jpg,0.0,0
983 (2).jpg,test\FAKE\983 (2).jpg,0.0,0
983 (3).jpg,test\FAKE\983 (3).jpg,0.0,0
983 (4).jpg,test\FAKE\983 (4).jpg,1.8179417e-06,0
983 (5).jpg,test\FAKE\983 (5).jpg,0.0,0
983 (6).jpg,test\FAKE\983 (6).jpg,2.0861626e-07,0
983 (7).jpg,test\FAKE\983 (7).jpg,0.0,0
983 (8).jpg,test\FAKE\983 (8).jpg,1.013279e-06,0
983 (9).jpg,test\FAKE\983 (9).jpg,0.024124563,0
983.jpg,test\FAKE\983.jpg,0.0,0
984 (10).jpg,test\FAKE\984 (10).jpg,0.0,0
984 (2).jpg,test\FAKE\984 (2).jpg,0.0,0
984 (3).jpg,test\FAKE\984 (3).jpg,1.1920929e-07,0
984 (4).jpg,test\FAKE\984 (4).jpg,8.940697e-07,0
984 (5).jpg,test\FAKE\984 (5).jpg,1.4901161e-07,0
984 (6).jpg,test\FAKE\984 (6).jpg,0.0,0
984 (7).jpg,test\FAKE\984 (7).jpg,0.0,0
984 (8).jpg,test\FAKE\984 (8).jpg,0.0,0
984 (9).jpg,test\FAKE\984 (9).jpg,0.09888294,0
984.jpg,test\FAKE\984.jpg,3.0696392e-05,0
985 (10).jpg,test\FAKE\985 (10).jpg,0.0,0
985 (2).jpg,test\FAKE\985 (2).jpg,0.0,0
985 (3).jpg,test\FAKE\985 (3).jpg,3.516674e-06,0
985 (4).jpg,test\FAKE\985 (4).jpg,4.2021275e-06,0
985 (5).jpg,test\FAKE\985 (5).jpg,0.0,0
985 (6).jpg,test\FAKE\985 (6).jpg,0.0,0
985 (7).jpg,test\FAKE\985 (7).jpg,0.0,0
985 (8).jpg,test\FAKE\985 (8).jpg,0.06746453,0
985 (9).jpg,test\FAKE\985 (9).jpg,0.0,0
985.jpg,test\FAKE\985.jpg,0.0,0
986 (10).jpg,test\FAKE\986 (10).jpg,0.0,0
986 (2).jpg,test\FAKE\986 (2).jpg,0.0,0
986 (3).jpg,test\FAKE\986 (3).jpg,2.2649765e-06,0
986 (4).jpg,test\FAKE\986 (4).jpg,0.0,0
986 (5).jpg,test\FAKE\986 (5).jpg,4.8577785e-06,0
986 (6).jpg,test\FAKE\986 (6).jpg,0.0,0
986 (7).jpg,test\FAKE\986 (7).jpg,0.0,0
986 (8).jpg,test\FAKE\986 (8).jpg,0.0,0
986 (9).jpg,test\FAKE\986 (9).jpg,1.2397766e-05,0
986.jpg,test\FAKE\986.jpg,0.0,0
987 (10).jpg,test\FAKE\987 (10).jpg,0.0,0
987 (2).jpg,test\FAKE\987 (2).jpg,0.0,0
987 (3).jpg,test\FAKE\987 (3).jpg,0.0,0
987 (4).jpg,test\FAKE\987 (4).jpg,0.0,0
987 (5).jpg,test\FAKE\987 (5).jpg,2.0861626e-07,0
987 (6).jpg,test\FAKE\987 (6).jpg,0.0,0
987 (7).jpg,test\FAKE\987 (7).jpg,0.0,0
987 (8).jpg,test\FAKE\987 (8).jpg,3.7670135e-05,0
987 (9).jpg,test\FAKE\987 (9).jpg,0.0,0
987.jpg,test\FAKE\987.jpg,0.0054856837,0
988 (10).jpg,test\FAKE\988 (10).jpg,0.0,0
988 (2).jpg,test\FAKE\988 (2).jpg,0.0,0
988 (3).jpg,test\FAKE\988 (3).jpg,0.0,0
988 (4).jpg,test\FAKE\988 (4).jpg,0.0,0
988 (5).jpg,test\FAKE\988 (5).jpg,0.0,0
988 (6).jpg,test\FAKE\988 (6).jpg,0.0,0
988 (7).jpg,test\FAKE\988 (7).jpg,0.0,0
988 (8).jpg,test\FAKE\988 (8).jpg,0.0,0
988 (9).jpg,test\FAKE\988 (9).jpg,0.0,0
988.jpg,test\FAKE\988.jpg,2.6524067e-06,0
989 (10).jpg,test\FAKE\989 (10).jpg,0.0,0
989 (2).jpg,test\FAKE\989 (2).jpg,0.0,0
989 (3).jpg,test\FAKE\989 (3).jpg,0.0,0
989 (4).jpg,test\FAKE\989 (4).jpg,0.0,0
989 (5).jpg,test\FAKE\989 (5).jpg,0.0,0
989 (6).jpg,test\FAKE\989 (6).jpg,0.1497891,0
989 (7).jpg,test\FAKE\989 (7).jpg,0.0,0
989 (8).jpg,test\FAKE\989 (8).jpg,0.0,0
989 (9).jpg,test\FAKE\989 (9).jpg,0.0,0
989.jpg,test\FAKE\989.jpg,6.145239e-05,0
99 (10).jpg,test\FAKE\99 (10).jpg,2.9802322e-07,0
99 (2).jpg,test\FAKE\99 (2).jpg,0.0,0
99 (3).jpg,test\FAKE\99 (3).jpg,0.0,0
99 (4).jpg,test\FAKE\99 (4).jpg,0.0,0
99 (5).jpg,test\FAKE\99 (5).jpg,0.0,0
99 (6).jpg,test\FAKE\99 (6).jpg,0.0,0
99 (7).jpg,test\FAKE\99 (7).jpg,0.0,0
99 (8).jpg,test\FAKE\99 (8).jpg,2.0861626e-07,0
99 (9).jpg,test\FAKE\99 (9).jpg,0.8851551,1
99.jpg,test\FAKE\99.jpg,2.9802322e-07,0
990 (10).jpg,test\FAKE\990 (10).jpg,0.0,0
990 (2).jpg,test\FAKE\990 (2).jpg,0.0,0
990 (3).jpg,test\FAKE\990 (3).jpg,0.00548172,0
990 (4).jpg,test\FAKE\990 (4).jpg,0.0,0
990 (5).jpg,test\FAKE\990 (5).jpg,0.0,0
990 (6).jpg,test\FAKE\990 (6).jpg,0.0,0
990 (7).jpg,test\FAKE\990 (7).jpg,0.0,0
990 (8).jpg,test\FAKE\990 (8).jpg,0.0,0
990 (9).jpg,test\FAKE\990 (9).jpg,0.0,0
990.jpg,test\FAKE\990.jpg,0.0,0
991 (10).jpg,test\FAKE\991 (10).jpg,2.0563602e-05,0
991 (2).jpg,test\FAKE\991 (2).jpg,0.0,0
991 (3).jpg,test\FAKE\991 (3).jpg,0.03397253,0
991 (4).jpg,test\FAKE\991 (4).jpg,7.748604e-07,0
991 (5).jpg,test\FAKE\991 (5).jpg,0.0,0
991 (6).jpg,test\FAKE\991 (6).jpg,0.0,0
991 (7).jpg,test\FAKE\991 (7).jpg,0.0,0
991 (8).jpg,test\FAKE\991 (8).jpg,0.0,0
991 (9).jpg,test\FAKE\991 (9).jpg,8.940697e-08,0
991.jpg,test\FAKE\991.jpg,0.0,0
992 (10).jpg,test\FAKE\992 (10).jpg,0.0,0
992 (2).jpg,test\FAKE\992 (2).jpg,0.0,0
992 (3).jpg,test\FAKE\992 (3).jpg,0.00079870224,0
992 (4).jpg,test\FAKE\992 (4).jpg,0.0,0
992 (5).jpg,test\FAKE\992 (5).jpg,0.0,0
992 (6).jpg,test\FAKE\992 (6).jpg,0.0,0
992 (7).jpg,test\FAKE\992 (7).jpg,0.0,0
992 (8).jpg,test\FAKE\992 (8).jpg,0.0,0
992 (9).jpg,test\FAKE\992 (9).jpg,2.9802322e-07,0
992.jpg,test\FAKE\992.jpg,2.5331974e-06,0
993 (10).jpg,test\FAKE\993 (10).jpg,0.0,0
993 (2).jpg,test\FAKE\993 (2).jpg,1.1920929e-07,0
993 (3).jpg,test\FAKE\993 (3).jpg,5.9604645e-08,0
993 (4).jpg,test\FAKE\993 (4).jpg,1.1920929e-07,0
993 (5).jpg,test\FAKE\993 (5).jpg,1.758337e-06,0
993 (6).jpg,test\FAKE\993 (6).jpg,0.0,0
993 (7).jpg,test\FAKE\993 (7).jpg,0.0,0
993 (8).jpg,test\FAKE\993 (8).jpg,0.12527859,0
993 (9).jpg,test\FAKE\993 (9).jpg,5.4836273e-06,0
993.jpg,test\FAKE\993.jpg,0.0,0
994 (10).jpg,test\FAKE\994 (10).jpg,0.00019851327,0
994 (2).jpg,test\FAKE\994 (2).jpg,8.940697e-08,0
994 (3).jpg,test\FAKE\994 (3).jpg,8.940697e-08,0
994 (4).jpg,test\FAKE\994 (4).jpg,0.0,0
994 (5).jpg,test\FAKE\994 (5).jpg,0.0,0
994 (6).jpg,test\FAKE\994 (6).jpg,0.0,0
994 (7).jpg,test\FAKE\994 (7).jpg,0.0,0
994 (8).jpg,test\FAKE\994 (8).jpg,5.9604645e-08,0
994 (9).jpg,test\FAKE\994 (9).jpg,0.0,0
994.jpg,test\FAKE\994.jpg,0.00096803904,0
995 (10).jpg,test\FAKE\995 (10).jpg,0.0,0
995 (2).jpg,test\FAKE\995 (2).jpg,0.0,0
995 (3).jpg,test\FAKE\995 (3).jpg,4.172325e-07,0
995 (4).jpg,test\FAKE\995 (4).jpg,0.0,0
995 (5).jpg,test\FAKE\995 (5).jpg,0.0,0
995 (6).jpg,test\FAKE\995 (6).jpg,0.00032487512,0
995 (7).jpg,test\FAKE\995 (7).jpg,0.0,0
995 (8).jpg,test\FAKE\995 (8).jpg,0.0,0
995 (9).jpg,test\FAKE\995 (9).jpg,0.014023334,0
995.jpg,test\FAKE\995.jpg,0.0,0
996 (10).jpg,test\FAKE\996 (10).jpg,0.0,0
996 (2).jpg,test\FAKE\996 (2).jpg,0.0,0
996 (3).jpg,test\FAKE\996 (3).jpg,0.026150763,0
996 (4).jpg,test\FAKE\996 (4).jpg,0.3343179,0
996 (5).jpg,test\FAKE\996 (5).jpg,0.0,0
996 (6).jpg,test\FAKE\996 (6).jpg,0.0,0
996 (7).jpg,test\FAKE\996 (7).jpg,0.0,0
996 (8).jpg,test\FAKE\996 (8).jpg,0.0,0
996 (9).jpg,test\FAKE\996 (9).jpg,0.0,0
996.jpg,test\FAKE\996.jpg,0.0,0
997 (10).jpg,test\FAKE\997 (10).jpg,0.0,0
997 (2).jpg,test\FAKE\997 (2).jpg,1.0728836e-06,0
997 (3).jpg,test\FAKE\997 (3).jpg,0.0,0
997 (4).jpg,test\FAKE\997 (4).jpg,0.0,0
997 (5).jpg,test\FAKE\997 (5).jpg,0.0,0
997 (6).jpg,test\FAKE\997 (6).jpg,0.0,0
997 (7).jpg,test\FAKE\997 (7).jpg,0.0,0
997 (8).jpg,test\FAKE\997 (8).jpg,0.0,0
997 (9).jpg,test\FAKE\997 (9).jpg,0.0,0
997.jpg,test\FAKE\997.jpg,0.0,0
998 (10).jpg,test\FAKE\998 (10).jpg,0.0,0
998 (2).jpg,test\FAKE\998 (2).jpg,0.00028005242,0
998 (3).jpg,test\FAKE\998 (3).jpg,2.9802322e-07,0
998 (4).jpg,test\FAKE\998 (4).jpg,0.0,0
998 (5).jpg,test\FAKE\998 (5).jpg,0.0,0
998 (6).jpg,test\FAKE\998 (6).jpg,0.0,0
998 (7).jpg,test\FAKE\998 (7).jpg,0.0,0
998 (8).jpg,test\FAKE\998 (8).jpg,0.0,0
998 (9).jpg,test\FAKE\998 (9).jpg,0.0,0
998.jpg,test\FAKE\998.jpg,0.0,0
999 (10).jpg,test\FAKE\999 (10).jpg,1.2129545e-05,0
999 (2).jpg,test\FAKE\999 (2).jpg,0.0,0
999 (3).jpg,test\FAKE\999 (3).jpg,2.3841858e-07,0
999 (4).jpg,test\FAKE\999 (4).jpg,0.0,0
999 (5).jpg,test\FAKE\999 (5).jpg,0.0,0
999 (6).jpg,test\FAKE\999 (6).jpg,2.9802322e-08,0
999 (7).jpg,test\FAKE\999 (7).jpg,0.0,0
999 (8).jpg,test\FAKE\999 (8).jpg,0.0,0
999 (9).jpg,test\FAKE\999 (9).jpg,1.5586615e-05,0
999.jpg,test\FAKE\999.jpg,0.0,0
0000 (10).jpg,test\REAL\0000 (10).jpg,0.9999988,1
0000 (2).jpg,test\REAL\0000 (2).jpg,0.9999997,1
0000 (3).jpg,test\REAL\0000 (3).jpg,0.9369038,1
0000 (4).jpg,test\REAL\0000 (4).jpg,0.596388,1
0000 (5).jpg,test\REAL\0000 (5).jpg,0.99761415,1
0000 (6).jpg,test\REAL\0000 (6).jpg,1.0,1
0000 (7).jpg,test\REAL\0000 (7).jpg,1.0,1
0000 (8).jpg,test\REAL\0000 (8).jpg,0.9954138,1
0000 (9).jpg,test\REAL\0000 (9).jpg,1.0,1
0000.jpg,test\REAL\0000.jpg,1.0,1
0001 (10).jpg,test\REAL\0001 (10).jpg,0.9914227,1
0001 (2).jpg,test\REAL\0001 (2).jpg,1.0,1
0001 (3).jpg,test\REAL\0001 (3).jpg,0.08409032,0
0001 (4).jpg,test\REAL\0001 (4).jpg,1.0,1
0001 (5).jpg,test\REAL\0001 (5).jpg,0.9999997,1
0001 (6).jpg,test\REAL\0001 (6).jpg,0.999965,1
0001 (7).jpg,test\REAL\0001 (7).jpg,0.99896544,1
0001 (8).jpg,test\REAL\0001 (8).jpg,1.0,1
0001 (9).jpg,test\REAL\0001 (9).jpg,0.99901927,1
0001.jpg,test\REAL\0001.jpg,1.0,1
0002 (10).jpg,test\REAL\0002 (10).jpg,0.0002232194,0
0002 (2).jpg,test\REAL\0002 (2).jpg,1.0,1
0002 (3).jpg,test\REAL\0002 (3).jpg,0.99996734,1
0002 (4).jpg,test\REAL\0002 (4).jpg,0.9999876,1
0002 (5).jpg,test\REAL\0002 (5).jpg,0.9999999,1
0002 (6).jpg,test\REAL\0002 (6).jpg,0.9999999,1
0002 (7).jpg,test\REAL\0002 (7).jpg,2.2560358e-05,0
0002 (8).jpg,test\REAL\0002 (8).jpg,0.99863404,1
0002 (9).jpg,test\REAL\0002 (9).jpg,1.0,1
0002.jpg,test\REAL\0002.jpg,1.0,1
0003 (10).jpg,test\REAL\0003 (10).jpg,1.0,1
0003 (2).jpg,test\REAL\0003 (2).jpg,0.9965644,1
0003 (3).jpg,test\REAL\0003 (3).jpg,0.95331043,1
0003 (4).jpg,test\REAL\0003 (4).jpg,0.99999917,1
0003 (5).jpg,test\REAL\0003 (5).jpg,0.99978864,1
0003 (6).jpg,test\REAL\0003 (6).jpg,0.9999994,1
0003 (7).jpg,test\REAL\0003 (7).jpg,1.0,1
0003 (8).jpg,test\REAL\0003 (8).jpg,0.99999595,1
0003 (9).jpg,test\REAL\0003 (9).jpg,1.0,1
0003.jpg,test\REAL\0003.jpg,1.0,1
0004 (10).jpg,test\REAL\0004 (10).jpg,0.998032,1
0004 (2).jpg,test\REAL\0004 (2).jpg,0.8351923,1
0004 (3).jpg,test\REAL\0004 (3).jpg,0.9999994,1
0004 (4).jpg,test\REAL\0004 (4).jpg,1.0,1
0004 (5).jpg,test\REAL\0004 (5).jpg,1.0,1
0004 (6).jpg,test\REAL\0004 (6).jpg,1.0,1
0004 (7).jpg,test\REAL\0004 (7).jpg,0.9998287,1
0004 (8).jpg,test\REAL\0004 (8).jpg,1.3828278e-05,0
0004 (9).jpg,test\REAL\0004 (9).jpg,0.99999464,1
0004.jpg,test\REAL\0004.jpg,1.0,1
0005 (10).jpg,test\REAL\0005 (10).jpg,1.0,1
0005 (2).jpg,test\REAL\0005 (2).jpg,0.9986484,1
0005 (3).jpg,test\REAL\0005 (3).jpg,1.0,1
0005 (4).jpg,test\REAL\0005 (4).jpg,0.010846853,0
0005 (5).jpg,test\REAL\0005 (5).jpg,1.0,1
0005 (6).jpg,test\REAL\0005 (6).jpg,1.0,1
0005 (7).jpg,test\REAL\0005 (7).jpg,0.9999988,1
0005 (8).jpg,test\REAL\0005 (8).jpg,1.0,1
0005 (9).jpg,test\REAL\0005 (9).jpg,0.45720795,0
0005.jpg,test\REAL\0005.jpg,0.9999999,1
0006 (10).jpg,test\REAL\0006 (10).jpg,1.0,1
0006 (2).jpg,test\REAL\0006 (2).jpg,0.9999249,1
0006 (3).jpg,test\REAL\0006 (3).jpg,1.0,1
0006 (4).jpg,test\REAL\0006 (4).jpg,0.99979365,1
0006 (5).jpg,test\REAL\0006 (5).jpg,0.99992657,1
0006 (6).jpg,test\REAL\0006 (6).jpg,0.9999728,1
0006 (7).jpg,test\REAL\0006 (7).jpg,0.8761734,1
0006 (8).jpg,test\REAL\0006 (8).jpg,1.0,1
0006 (9).jpg,test\REAL\0006 (9).jpg,0.82001644,1
0006.jpg,test\REAL\0006.jpg,0.01780802,0
0007 (10).jpg,test\REAL\0007 (10).jpg,1.0,1
0007 (2).jpg,test\REAL\0007 (2).jpg,1.0,1
0007 (3).jpg,test\REAL\0007 (3).jpg,0.9998913,1
0007 (4).jpg,test\REAL\0007 (4).jpg,1.0,1
0007 (5).jpg,test\REAL\0007 (5).jpg,1.0,1
0007 (6).jpg,test\REAL\0007 (6).jpg,1.0,1
0007 (7).jpg,test\REAL\0007 (7).jpg,0.99754274,1
0007 (8).jpg,test\REAL\0007 (8).jpg,1.0,1
0007 (9).jpg,test\REAL\0007 (9).jpg,0.0007468462,0
0007.jpg,test\REAL\0007.jpg,0.10542178,0
0008 (10).jpg,test\REAL\0008 (10).jpg,1.0,1
0008 (2).jpg,test\REAL\0008 (2).jpg,1.0,1
0008 (3).jpg,test\REAL\0008 (3).jpg,0.13357225,0
0008 (4).jpg,test\REAL\0008 (4).jpg,1.0,1
0008 (5).jpg,test\REAL\0008 (5).jpg,0.999992,1
0008 (6).jpg,test\REAL\0008 (6).jpg,1.0,1
0008 (7).jpg,test\REAL\0008 (7).jpg,0.99998677,1
0008 (8).jpg,test\REAL\0008 (8).jpg,1.0,1
0008 (9).jpg,test\REAL\0008 (9).jpg,0.5615846,1
0008.jpg,test\REAL\0008.jpg,0.35229528,0
0009 (10).jpg,test\REAL\0009 (10).jpg,1.0,1
0009 (2).jpg,test\REAL\0009 (2).jpg,1.0,1
0009 (3).jpg,test\REAL\0009 (3).jpg,1.0,1
0009 (4).jpg,test\REAL\0009 (4).jpg,0.9236626,1
0009 (5).jpg,test\REAL\0009 (5).jpg,0.9981923,1
0009 (6).jpg,test\REAL\0009 (6).jpg,0.9999967,1
0009 (7).jpg,test\REAL\0009 (7).jpg,1.0,1
0009 (8).jpg,test\REAL\0009 (8).jpg,1.0,1
0009 (9).jpg,test\REAL\0009 (9).jpg,1.0,1
0009.jpg,test\REAL\0009.jpg,1.0,1
0010 (10).jpg,test\REAL\0010 (10).jpg,0.99951756,1
0010 (2).jpg,test\REAL\0010 (2).jpg,1.0,1
0010 (3).jpg,test\REAL\0010 (3).jpg,1.0,1
0010 (4).jpg,test\REAL\0010 (4).jpg,0.93189275,1
0010 (5).jpg,test\REAL\0010 (5).jpg,1.0,1
0010 (6).jpg,test\REAL\0010 (6).jpg,1.0,1
0010 (7).jpg,test\REAL\0010 (7).jpg,1.0,1
0010 (8).jpg,test\REAL\0010 (8).jpg,1.0,1
0010 (9).jpg,test\REAL\0010 (9).jpg,1.0,1
0010.jpg,test\REAL\0010.jpg,0.97659516,1
0011 (10).jpg,test\REAL\0011 (10).jpg,0.74662685,1
0011 (2).jpg,test\REAL\0011 (2).jpg,1.0,1
0011 (3).jpg,test\REAL\0011 (3).jpg,1.0,1
0011 (4).jpg,test\REAL\0011 (4).jpg,0.22167644,0
0011 (5).jpg,test\REAL\0011 (5).jpg,0.99999976,1
0011 (6).jpg,test\REAL\0011 (6).jpg,1.0,1
0011 (7).jpg,test\REAL\0011 (7).jpg,0.99994373,1
0011 (8).jpg,test\REAL\0011 (8).jpg,0.9999676,1
0011 (9).jpg,test\REAL\0011 (9).jpg,1.0,1
0011.jpg,test\REAL\0011.jpg,0.99999285,1
0012 (10).jpg,test\REAL\0012 (10).jpg,1.0,1
0012 (2).jpg,test\REAL\0012 (2).jpg,0.9999913,1
0012 (3).jpg,test\REAL\0012 (3).jpg,1.0,1
0012 (4).jpg,test\REAL\0012 (4).jpg,0.99997616,1
0012 (5).jpg,test\REAL\0012 (5).jpg,0.99907327,1
0012 (6).jpg,test\REAL\0012 (6).jpg,1.0,1
0012 (7).jpg,test\REAL\0012 (7).jpg,0.99981356,1
0012 (8).jpg,test\REAL\0012 (8).jpg,0.00087824464,0
0012 (9).jpg,test\REAL\0012 (9).jpg,0.99999964,1
0012.jpg,test\REAL\0012.jpg,0.20642963,0
0013 (10).jpg,test\REAL\0013 (10).jpg,1.0728836e-06,0
0013 (2).jpg,test\REAL\0013 (2).jpg,0.3943643,0
0013 (3).jpg,test\REAL\0013 (3).jpg,0.8339126,1
0013 (4).jpg,test\REAL\0013 (4).jpg,0.39453936,0
0013 (5).jpg,test\REAL\0013 (5).jpg,0.99988204,1
0013 (6).jpg,test\REAL\0013 (6).jpg,0.9923092,1
0013 (7).jpg,test\REAL\0013 (7).jpg,0.9997684,1
0013 (8).jpg,test\REAL\0013 (8).jpg,0.9999913,1
0013 (9).jpg,test\REAL\0013 (9).jpg,0.99825424,1
0013.jpg,test\REAL\0013.jpg,1.7881393e-07,0
0014 (10).jpg,test\REAL\0014 (10).jpg,0.98386884,1
0014 (2).jpg,test\REAL\0014 (2).jpg,0.9771138,1
0014 (3).jpg,test\REAL\0014 (3).jpg,1.0,1
0014 (4).jpg,test\REAL\0014 (4).jpg,0.99999726,1
0014 (5).jpg,test\REAL\0014 (5).jpg,1.0,1
0014 (6).jpg,test\REAL\0014 (6).jpg,1.0,1
0014 (7).jpg,test\REAL\0014 (7).jpg,1.0,1
0014 (8).jpg,test\REAL\0014 (8).jpg,1.0,1
0014 (9).jpg,test\REAL\0014 (9).jpg,0.74897027,1
0014.jpg,test\REAL\0014.jpg,0.9999926,1
0015 (10).jpg,test\REAL\0015 (10).jpg,0.99949247,1
0015 (2).jpg,test\REAL\0015 (2).jpg,0.9995642,1
0015 (3).jpg,test\REAL\0015 (3).jpg,0.9954483,1
0015 (4).jpg,test\REAL\0015 (4).jpg,0.99999595,1
0015 (5).jpg,test\REAL\0015 (5).jpg,0.8705374,1
0015 (6).jpg,test\REAL\0015 (6).jpg,0.95171225,1
0015 (7).jpg,test\REAL\0015 (7).jpg,0.9680662,1
0015 (8).jpg,test\REAL\0015 (8).jpg,0.99565005,1
0015 (9).jpg,test\REAL\0015 (9).jpg,1.0,1
0015.jpg,test\REAL\0015.jpg,1.0,1
0016 (10).jpg,test\REAL\0016 (10).jpg,1.0,1
0016 (2).jpg,test\REAL\0016 (2).jpg,1.0,1
0016 (3).jpg,test\REAL\0016 (3).jpg,1.0,1
0016 (4).jpg,test\REAL\0016 (4).jpg,1.0,1
0016 (5).jpg,test\REAL\0016 (5).jpg,1.0,1
0016 (6).jpg,test\REAL\0016 (6).jpg,1.0,1
0016 (7).jpg,test\REAL\0016 (7).jpg,1.0,1
0016 (8).jpg,test\REAL\0016 (8).jpg,1.0,1
0016 (9).jpg,test\REAL\0016 (9).jpg,0.98792744,1
0016.jpg,test\REAL\0016.jpg,1.0,1
0017 (10).jpg,test\REAL\0017 (10).jpg,0.008792222,0
0017 (2).jpg,test\REAL\0017 (2).jpg,0.976323,1
0017 (3).jpg,test\REAL\0017 (3).jpg,0.99999964,1
0017 (4).jpg,test\REAL\0017 (4).jpg,1.0,1
0017 (5).jpg,test\REAL\0017 (5).jpg,1.0,1
0017 (6).jpg,test\REAL\0017 (6).jpg,1.0,1
0017 (7).jpg,test\REAL\0017 (7).jpg,1.0,1
0017 (8).jpg,test\REAL\0017 (8).jpg,0.98260456,1
0017 (9).jpg,test\REAL\0017 (9).jpg,1.0,1
0017.jpg,test\REAL\0017.jpg,0.9999999,1
0018 (10).jpg,test\REAL\0018 (10).jpg,0.99999905,1
0018 (2).jpg,test\REAL\0018 (2).jpg,1.0,1
0018 (3).jpg,test\REAL\0018 (3).jpg,1.0,1
0018 (4).jpg,test\REAL\0018 (4).jpg,0.9991742,1
0018 (5).jpg,test\REAL\0018 (5).jpg,0.99926215,1
0018 (6).jpg,test\REAL\0018 (6).jpg,1.0,1
0018 (7).jpg,test\REAL\0018 (7).jpg,1.0,1
0018 (8).jpg,test\REAL\0018 (8).jpg,0.740339,1
0018 (9).jpg,test\REAL\0018 (9).jpg,0.9999998,1
0018.jpg,test\REAL\0018.jpg,0.13671127,0
0019 (10).jpg,test\REAL\0019 (10).jpg,2.9802322e-08,0
0019 (2).jpg,test\REAL\0019 (2).jpg,0.99989676,1
0019 (3).jpg,test\REAL\0019 (3).jpg,0.9998649,1
0019 (4).jpg,test\REAL\0019 (4).jpg,1.0,1
0019 (5).jpg,test\REAL\0019 (5).jpg,1.0,1
0019 (6).jpg,test\REAL\0019 (6).jpg,0.99999315,1
0019 (7).jpg,test\REAL\0019 (7).jpg,0.9999191,1
0019 (8).jpg,test\REAL\0019 (8).jpg,0.9999982,1
0019 (9).jpg,test\REAL\0019 (9).jpg,3.7252903e-06,0
0019.jpg,test\REAL\0019.jpg,0.17249289,0
0020 (10).jpg,test\REAL\0020 (10).jpg,1.0,1
0020 (2).jpg,test\REAL\0020 (2).jpg,1.0,1
0020 (3).jpg,test\REAL\0020 (3).jpg,0.9997908,1
0020 (4).jpg,test\REAL\0020 (4).jpg,0.99970746,1
0020 (5).jpg,test\REAL\0020 (5).jpg,0.9999999,1
0020 (6).jpg,test\REAL\0020 (6).jpg,1.0,1
0020 (7).jpg,test\REAL\0020 (7).jpg,1.0,1
0020 (8).jpg,test\REAL\0020 (8).jpg,1.0,1
0020 (9).jpg,test\REAL\0020 (9).jpg,1.0,1
0020.jpg,test\REAL\0020.jpg,1.0,1
0021 (10).jpg,test\REAL\0021 (10).jpg,1.0,1
0021 (2).jpg,test\REAL\0021 (2).jpg,1.0,1
0021 (3).jpg,test\REAL\0021 (3).jpg,0.9986502,1
0021 (4).jpg,test\REAL\0021 (4).jpg,1.0,1
0021 (5).jpg,test\REAL\0021 (5).jpg,1.0,1
0021 (6).jpg,test\REAL\0021 (6).jpg,1.0,1
0021 (7).jpg,test\REAL\0021 (7).jpg,1.0,1
0021 (8).jpg,test\REAL\0021 (8).jpg,0.999994,1
0021 (9).jpg,test\REAL\0021 (9).jpg,0.9999997,1
0021.jpg,test\REAL\0021.jpg,1.0,1
0022 (10).jpg,test\REAL\0022 (10).jpg,1.0,1
0022 (2).jpg,test\REAL\0022 (2).jpg,1.0,1
0022 (3).jpg,test\REAL\0022 (3).jpg,0.9970616,1
0022 (4).jpg,test\REAL\0022 (4).jpg,1.0,1
0022 (5).jpg,test\REAL\0022 (5).jpg,0.9913754,1
0022 (6).jpg,test\REAL\0022 (6).jpg,0.9999974,1
0022 (7).jpg,test\REAL\0022 (7).jpg,1.0,1
0022 (8).jpg,test\REAL\0022 (8).jpg,1.0,1
0022 (9).jpg,test\REAL\0022 (9).jpg,0.28860253,0
0022.jpg,test\REAL\0022.jpg,0.23926789,0
0023 (10).jpg,test\REAL\0023 (10).jpg,1.0,1
0023 (2).jpg,test\REAL\0023 (2).jpg,0.9998491,1
0023 (3).jpg,test\REAL\0023 (3).jpg,0.45585775,0
0023 (4).jpg,test\REAL\0023 (4).jpg,0.9999924,1
0023 (5).jpg,test\REAL\0023 (5).jpg,1.0,1
0023 (6).jpg,test\REAL\0023 (6).jpg,1.0,1
0023 (7).jpg,test\REAL\0023 (7).jpg,0.99446046,1
0023 (8).jpg,test\REAL\0023 (8).jpg,1.0,1
0023 (9).jpg,test\REAL\0023 (9).jpg,0.97809076,1
0023.jpg,test\REAL\0023.jpg,0.9863541,1
0024 (10).jpg,test\REAL\0024 (10).jpg,0.94299483,1
0024 (2).jpg,test\REAL\0024 (2).jpg,0.3301456,0
0024 (3).jpg,test\REAL\0024 (3).jpg,1.0,1
0024 (4).jpg,test\REAL\0024 (4).jpg,1.0,1
0024 (5).jpg,test\REAL\0024 (5).jpg,0.73455274,1
0024 (6).jpg,test\REAL\0024 (6).jpg,1.0,1
0024 (7).jpg,test\REAL\0024 (7).jpg,0.9998889,1
0024 (8).jpg,test\REAL\0024 (8).jpg,0.9998338,1
0024 (9).jpg,test\REAL\0024 (9).jpg,1.0,1
0024.jpg,test\REAL\0024.jpg,1.0,1
0025 (10).jpg,test\REAL\0025 (10).jpg,0.9999927,1
0025 (2).jpg,test\REAL\0025 (2).jpg,0.99969643,1
0025 (3).jpg,test\REAL\0025 (3).jpg,0.99999946,1
0025 (4).jpg,test\REAL\0025 (4).jpg,1.0,1
0025 (5).jpg,test\REAL\0025 (5).jpg,0.9957236,1
0025 (6).jpg,test\REAL\0025 (6).jpg,1.0,1
0025 (7).jpg,test\REAL\0025 (7).jpg,0.9999987,1
0025 (8).jpg,test\REAL\0025 (8).jpg,1.0,1
0025 (9).jpg,test\REAL\0025 (9).jpg,0.99999666,1
0025.jpg,test\REAL\0025.jpg,1.0,1
0026 (10).jpg,test\REAL\0026 (10).jpg,1.0,1
0026 (2).jpg,test\REAL\0026 (2).jpg,1.0,1
0026 (3).jpg,test\REAL\0026 (3).jpg,0.23824543,0
0026 (4).jpg,test\REAL\0026 (4).jpg,0.999148,1
0026 (5).jpg,test\REAL\0026 (5).jpg,1.0,1
0026 (6).jpg,test\REAL\0026 (6).jpg,0.90011704,1
0026 (7).jpg,test\REAL\0026 (7).jpg,1.0,1
0026 (8).jpg,test\REAL\0026 (8).jpg,0.45865208,0
0026 (9).jpg,test\REAL\0026 (9).jpg,1.0,1
0026.jpg,test\REAL\0026.jpg,0.9812989,1
0027 (10).jpg,test\REAL\0027 (10).jpg,0.95528054,1
0027 (2).jpg,test\REAL\0027 (2).jpg,1.0,1
0027 (3).jpg,test\REAL\0027 (3).jpg,0.25583988,0
0027 (4).jpg,test\REAL\0027 (4).jpg,1.0,1
0027 (5).jpg,test\REAL\0027 (5).jpg,1.0,1
0027 (6).jpg,test\REAL\0027 (6).jpg,1.0,1
0027 (7).jpg,test\REAL\0027 (7).jpg,0.22811091,0
0027 (8).jpg,test\REAL\0027 (8).jpg,1.0,1
0027 (9).jpg,test\REAL\0027 (9).jpg,1.0,1
0027.jpg,test\REAL\0027.jpg,1.0,1
0028 (10).jpg,test\REAL\0028 (10).jpg,1.0,1
0028 (2).jpg,test\REAL\0028 (2).jpg,1.0,1
0028 (3).jpg,test\REAL\0028 (3).jpg,1.0,1
0028 (4).jpg,test\REAL\0028 (4).jpg,1.0,1
0028 (5).jpg,test\REAL\0028 (5).jpg,1.0,1
0028 (6).jpg,test\REAL\0028 (6).jpg,1.0,1
0028 (7).jpg,test\REAL\0028 (7).jpg,1.0,1
0028 (8).jpg,test\REAL\0028 (8).jpg,1.0,1
0028 (9).jpg,test\REAL\0028 (9).jpg,0.37742633,0
0028.jpg,test\REAL\0028.jpg,0.99934894,1
0029 (10).jpg,test\REAL\0029 (10).jpg,0.7203225,1
0029 (2).jpg,test\REAL\0029 (2).jpg,0.99998367,1
0029 (3).jpg,test\REAL\0029 (3).jpg,0.9878525,1
0029 (4).jpg,test\REAL\0029 (4).jpg,1.0,1
0029 (5).jpg,test\REAL\0029 (5).jpg,0.99999595,1
0029 (6).jpg,test\REAL\0029 (6).jpg,1.0,1
0029 (7).jpg,test\REAL\0029 (7).jpg,0.92143685,1
0029 (8).jpg,test\REAL\0029 (8).jpg,1.0,1
0029 (9).jpg,test\REAL\0029 (9).jpg,0.9967929,1
0029.jpg,test\REAL\0029.jpg,1.0,1
0030 (10).jpg,test\REAL\0030 (10).jpg,0.99772,1
0030 (2).jpg,test\REAL\0030 (2).jpg,1.0,1
0030 (3).jpg,test\REAL\0030 (3).jpg,0.49738714,0
0030 (4).jpg,test\REAL\0030 (4).jpg,0.9999908,1
0030 (5).jpg,test\REAL\0030 (5).jpg,1.0,1
0030 (6).jpg,test\REAL\0030 (6).jpg,1.0,1
0030 (7).jpg,test\REAL\0030 (7).jpg,1.0,1
0030 (8).jpg,test\REAL\0030 (8).jpg,0.9999999,1
0030 (9).jpg,test\REAL\0030 (9).jpg,1.0,1
0030.jpg,test\REAL\0030.jpg,0.0059017837,0
0031 (10).jpg,test\REAL\0031 (10).jpg,1.7881393e-07,0
0031 (2).jpg,test\REAL\0031 (2).jpg,1.0,1
0031 (3).jpg,test\REAL\0031 (3).jpg,0.9989797,1
0031 (4).jpg,test\REAL\0031 (4).jpg,0.9995321,1
0031 (5).jpg,test\REAL\0031 (5).jpg,0.9999967,1
0031 (6).jpg,test\REAL\0031 (6).jpg,0.9982749,1
0031 (7).jpg,test\REAL\0031 (7).jpg,0.9998821,1
0031 (8).jpg,test\REAL\0031 (8).jpg,0.9999997,1
0031 (9).jpg,test\REAL\0031 (9).jpg,0.36969835,0
0031.jpg,test\REAL\0031.jpg,0.010610759,0
0032 (10).jpg,test\REAL\0032 (10).jpg,1.0,1
0032 (2).jpg,test\REAL\0032 (2).jpg,1.0,1
0032 (3).jpg,test\REAL\0032 (3).jpg,0.9999997,1
0032 (4).jpg,test\REAL\0032 (4).jpg,0.99977386,1
0032 (5).jpg,test\REAL\0032 (5).jpg,0.9999964,1
0032 (6).jpg,test\REAL\0032 (6).jpg,0.9999988,1
0032 (7).jpg,test\REAL\0032 (7).jpg,0.8126878,1
0032 (8).jpg,test\REAL\0032 (8).jpg,0.9968807,1
0032 (9).jpg,test\REAL\0032 (9).jpg,0.99999464,1
0032.jpg,test\REAL\0032.jpg,0.99688625,1
0033 (10).jpg,test\REAL\0033 (10).jpg,0.9998412,1
0033 (2).jpg,test\REAL\0033 (2).jpg,0.9232292,1
0033 (3).jpg,test\REAL\0033 (3).jpg,1.0,1
0033 (4).jpg,test\REAL\0033 (4).jpg,0.9999459,1
0033 (5).jpg,test\REAL\0033 (5).jpg,0.99975973,1
0033 (6).jpg,test\REAL\0033 (6).jpg,0.8671633,1
0033 (7).jpg,test\REAL\0033 (7).jpg,0.9997598,1
0033 (8).jpg,test\REAL\0033 (8).jpg,0.99932253,1
0033 (9).jpg,test\REAL\0033 (9).jpg,0.9999997,1
0033.jpg,test\REAL\0033.jpg,0.9999951,1
0034 (10).jpg,test\REAL\0034 (10).jpg,1.0,1
0034 (2).jpg,test\REAL\0034 (2).jpg,1.0,1
0034 (3).jpg,test\REAL\0034 (3).jpg,0.48564103,0
0034 (4).jpg,test\REAL\0034 (4).jpg,1.0,1
0034 (5).jpg,test\REAL\0034 (5).jpg,1.0,1
0034 (6).jpg,test\REAL\0034 (6).jpg,1.0,1
0034 (7).jpg,test\REAL\0034 (7).jpg,0.9997072,1
0034 (8).jpg,test\REAL\0034 (8).jpg,0.9999907,1
0034 (9).jpg,test\REAL\0034 (9).jpg,0.9999949,1
0034.jpg,test\REAL\0034.jpg,0.9999998,1
0035 (10).jpg,test\REAL\0035 (10).jpg,1.0,1
0035 (2).jpg,test\REAL\0035 (2).jpg,0.99837774,1
0035 (3).jpg,test\REAL\0035 (3).jpg,0.0084270835,0
0035 (4).jpg,test\REAL\0035 (4).jpg,1.0,1
0035 (5).jpg,test\REAL\0035 (5).jpg,0.9996376,1
0035 (6).jpg,test\REAL\0035 (6).jpg,1.0,1
0035 (7).jpg,test\REAL\0035 (7).jpg,1.0,1
0035 (8).jpg,test\REAL\0035 (8).jpg,1.0,1
0035 (9).jpg,test\REAL\0035 (9).jpg,0.98930556,1
0035.jpg,test\REAL\0035.jpg,0.02809155,0
0036 (10).jpg,test\REAL\0036 (10).jpg,1.0,1
0036 (2).jpg,test\REAL\0036 (2).jpg,0.9985741,1
0036 (3).jpg,test\REAL\0036 (3).jpg,0.9999954,1
0036 (4).jpg,test\REAL\0036 (4).jpg,0.9991536,1
0036 (5).jpg,test\REAL\0036 (5).jpg,0.4582589,0
0036 (6).jpg,test\REAL\0036 (6).jpg,1.0,1
0036 (7).jpg,test\REAL\0036 (7).jpg,0.8804984,1
0036 (8).jpg,test\REAL\0036 (8).jpg,1.0,1
0036 (9).jpg,test\REAL\0036 (9).jpg,0.6716083,1
0036.jpg,test\REAL\0036.jpg,1.0,1
0037 (10).jpg,test\REAL\0037 (10).jpg,0.022387505,0
0037 (2).jpg,test\REAL\0037 (2).jpg,0.99510586,1
0037 (3).jpg,test\REAL\0037 (3).jpg,0.839287,1
0037 (4).jpg,test\REAL\0037 (4).jpg,1.0,1
0037 (5).jpg,test\REAL\0037 (5).jpg,1.0,1
0037 (6).jpg,test\REAL\0037 (6).jpg,1.0,1
0037 (7).jpg,test\REAL\0037 (7).jpg,0.8824232,1
0037 (8).jpg,test\REAL\0037 (8).jpg,0.9999999,1
0037 (9).jpg,test\REAL\0037 (9).jpg,0.99999905,1
0037.jpg,test\REAL\0037.jpg,1.0,1
0038 (10).jpg,test\REAL\0038 (10).jpg,0.030221134,0
0038 (2).jpg,test\REAL\0038 (2).jpg,0.9997716,1
0038 (3).jpg,test\REAL\0038 (3).jpg,1.0,1
0038 (4).jpg,test\REAL\0038 (4).jpg,0.88082135,1
0038 (5).jpg,test\REAL\0038 (5).jpg,1.0,1
0038 (6).jpg,test\REAL\0038 (6).jpg,0.99999994,1
0038 (7).jpg,test\REAL\0038 (7).jpg,0.30199218,0
0038 (8).jpg,test\REAL\0038 (8).jpg,1.0,1
0038 (9).jpg,test\REAL\0038 (9).jpg,0.99999774,1
0038.jpg,test\REAL\0038.jpg,0.9999999,1
0039 (10).jpg,test\REAL\0039 (10).jpg,0.93005043,1
0039 (2).jpg,test\REAL\0039 (2).jpg,0.79993427,1
0039 (3).jpg,test\REAL\0039 (3).jpg,0.9999907,1
0039 (4).jpg,test\REAL\0039 (4).jpg,0.9999975,1
0039 (5).jpg,test\REAL\0039 (5).jpg,0.7278502,1
0039 (6).jpg,test\REAL\0039 (6).jpg,1.0,1
0039 (7).jpg,test\REAL\0039 (7).jpg,1.0,1
0039 (8).jpg,test\REAL\0039 (8).jpg,0.999984,1
0039 (9).jpg,test\REAL\0039 (9).jpg,0.97007453,1
0039.jpg,test\REAL\0039.jpg,1.0,1
0040 (10).jpg,test\REAL\0040 (10).jpg,0.53063726,1
0040 (2).jpg,test\REAL\0040 (2).jpg,1.0,1
0040 (3).jpg,test\REAL\0040 (3).jpg,0.999993,1
0040 (4).jpg,test\REAL\0040 (4).jpg,0.99999356,1
0040 (5).jpg,test\REAL\0040 (5).jpg,1.0,1
0040 (6).jpg,test\REAL\0040 (6).jpg,0.9999937,1
0040 (7).jpg,test\REAL\0040 (7).jpg,1.0,1
0040 (8).jpg,test\REAL\0040 (8).jpg,0.9989258,1
0040 (9).jpg,test\REAL\0040 (9).jpg,0.99972284,1
0040.jpg,test\REAL\0040.jpg,0.43182412,0
0041 (10).jpg,test\REAL\0041 (10).jpg,0.99999505,1
0041 (2).jpg,test\REAL\0041 (2).jpg,1.0,1
0041 (3).jpg,test\REAL\0041 (3).jpg,0.97105676,1
0041 (4).jpg,test\REAL\0041 (4).jpg,0.9999966,1
0041 (5).jpg,test\REAL\0041 (5).jpg,0.8461615,1
0041 (6).jpg,test\REAL\0041 (6).jpg,0.9999999,1
0041 (7).jpg,test\REAL\0041 (7).jpg,0.9732778,1
0041 (8).jpg,test\REAL\0041 (8).jpg,0.786711,1
0041 (9).jpg,test\REAL\0041 (9).jpg,0.9999999,1
0041.jpg,test\REAL\0041.jpg,1.0,1
0042 (10).jpg,test\REAL\0042 (10).jpg,1.0,1
0042 (2).jpg,test\REAL\0042 (2).jpg,0.9955105,1
0042 (3).jpg,test\REAL\0042 (3).jpg,0.99999845,1
0042 (4).jpg,test\REAL\0042 (4).jpg,0.99918234,1
0042 (5).jpg,test\REAL\0042 (5).jpg,1.0,1
0042 (6).jpg,test\REAL\0042 (6).jpg,0.0014024675,0
0042 (7).jpg,test\REAL\0042 (7).jpg,0.99826694,1
0042 (8).jpg,test\REAL\0042 (8).jpg,1.0,1
0042 (9).jpg,test\REAL\0042 (9).jpg,0.9423206,1
0042.jpg,test\REAL\0042.jpg,1.0,1
0043 (10).jpg,test\REAL\0043 (10).jpg,0.9992356,1
0043 (2).jpg,test\REAL\0043 (2).jpg,0.99999,1
0043 (3).jpg,test\REAL\0043 (3).jpg,0.99810183,1
0043 (4).jpg,test\REAL\0043 (4).jpg,0.99927735,1
0043 (5).jpg,test\REAL\0043 (5).jpg,0.9999995,1
0043 (6).jpg,test\REAL\0043 (6).jpg,0.15224546,0
0043 (7).jpg,test\REAL\0043 (7).jpg,0.99999774,1
0043 (8).jpg,test\REAL\0043 (8).jpg,1.0,1
0043 (9).jpg,test\REAL\0043 (9).jpg,0.9459055,1
0043.jpg,test\REAL\0043.jpg,1.0,1
0044 (10).jpg,test\REAL\0044 (10).jpg,1.0,1
0044 (2).jpg,test\REAL\0044 (2).jpg,0.9999807,1
0044 (3).jpg,test\REAL\0044 (3).jpg,1.0,1
0044 (4).jpg,test\REAL\0044 (4).jpg,1.0,1
0044 (5).jpg,test\REAL\0044 (5).jpg,0.9990301,1
0044 (6).jpg,test\REAL\0044 (6).jpg,0.9999652,1
0044 (7).jpg,test\REAL\0044 (7).jpg,0.9999993,1
0044 (8).jpg,test\REAL\0044 (8).jpg,0.9999976,1
0044 (9).jpg,test\REAL\0044 (9).jpg,0.9999993,1
0044.jpg,test\REAL\0044.jpg,0.99184084,1
0045 (10).jpg,test\REAL\0045 (10).jpg,1.0,1
0045 (2).jpg,test\REAL\0045 (2).jpg,1.0,1
0045 (3).jpg,test\REAL\0045 (3).jpg,1.0,1
0045 (4).jpg,test\REAL\0045 (4).jpg,0.9999989,1
0045 (5).jpg,test\REAL\0045 (5).jpg,0.9999847,1
0045 (6).jpg,test\REAL\0045 (6).jpg,0.9999994,1
0045 (7).jpg,test\REAL\0045 (7).jpg,0.9999895,1
0045 (8).jpg,test\REAL\0045 (8).jpg,1.0,1
0045 (9).jpg,test\REAL\0045 (9).jpg,0.9923106,1
0045.jpg,test\REAL\0045.jpg,0.991405,1
0046 (10).jpg,test\REAL\0046 (10).jpg,0.9999678,1
0046 (2).jpg,test\REAL\0046 (2).jpg,0.9402242,1
0046 (3).jpg,test\REAL\0046 (3).jpg,1.0,1
0046 (4).jpg,test\REAL\0046 (4).jpg,1.0,1
0046 (5).jpg,test\REAL\0046 (5).jpg,0.9999324,1
0046 (6).jpg,test\REAL\0046 (6).jpg,1.0,1
0046 (7).jpg,test\REAL\0046 (7).jpg,0.84400576,1
0046 (8).jpg,test\REAL\0046 (8).jpg,1.0,1
0046 (9).jpg,test\REAL\0046 (9).jpg,1.0,1
0046.jpg,test\REAL\0046.jpg,1.0,1
0047 (10).jpg,test\REAL\0047 (10).jpg,1.0,1
0047 (2).jpg,test\REAL\0047 (2).jpg,1.0,1
0047 (3).jpg,test\REAL\0047 (3).jpg,0.81928813,1
0047 (4).jpg,test\REAL\0047 (4).jpg,1.0,1
0047 (5).jpg,test\REAL\0047 (5).jpg,0.99933165,1
0047 (6).jpg,test\REAL\0047 (6).jpg,1.0,1
0047 (7).jpg,test\REAL\0047 (7).jpg,1.0,1
0047 (8).jpg,test\REAL\0047 (8).jpg,0.9911138,1
0047 (9).jpg,test\REAL\0047 (9).jpg,0.99572134,1
0047.jpg,test\REAL\0047.jpg,0.00035971403,0
0048 (10).jpg,test\REAL\0048 (10).jpg,1.0,1
0048 (2).jpg,test\REAL\0048 (2).jpg,1.0,1
0048 (3).jpg,test\REAL\0048 (3).jpg,0.8415005,1
0048 (4).jpg,test\REAL\0048 (4).jpg,0.9999895,1
0048 (5).jpg,test\REAL\0048 (5).jpg,1.0,1
0048 (6).jpg,test\REAL\0048 (6).jpg,0.9999984,1
0048 (7).jpg,test\REAL\0048 (7).jpg,0.003479898,0
0048 (8).jpg,test\REAL\0048 (8).jpg,1.0,1
0048 (9).jpg,test\REAL\0048 (9).jpg,1.0,1
0048.jpg,test\REAL\0048.jpg,0.9999999,1
0049 (10).jpg,test\REAL\0049 (10).jpg,1.0,1
0049 (2).jpg,test\REAL\0049 (2).jpg,6.720424e-05,0
0049 (3).jpg,test\REAL\0049 (3).jpg,2.7120113e-05,0
0049 (4).jpg,test\REAL\0049 (4).jpg,0.9999992,1
0049 (5).jpg,test\REAL\0049 (5).jpg,1.0,1
0049 (6).jpg,test\REAL\0049 (6).jpg,1.0,1
0049 (7).jpg,test\REAL\0049 (7).jpg,1.0,1
0049 (8).jpg,test\REAL\0049 (8).jpg,1.0,1
0049 (9).jpg,test\REAL\0049 (9).jpg,0.99996555,1
0049.jpg,test\REAL\0049.jpg,1.0,1
0050 (10).jpg,test\REAL\0050 (10).jpg,0.95966876,1
0050 (2).jpg,test\REAL\0050 (2).jpg,1.0,1
0050 (3).jpg,test\REAL\0050 (3).jpg,0.50458443,1
0050 (4).jpg,test\REAL\0050 (4).jpg,0.020264119,0
0050 (5).jpg,test\REAL\0050 (5).jpg,0.99619305,1
0050 (6).jpg,test\REAL\0050 (6).jpg,1.0,1
0050 (7).jpg,test\REAL\0050 (7).jpg,0.545231,1
0050 (8).jpg,test\REAL\0050 (8).jpg,1.0,1
0050 (9).jpg,test\REAL\0050 (9).jpg,1.0,1
0050.jpg,test\REAL\0050.jpg,0.5694612,1
0051 (10).jpg,test\REAL\0051 (10).jpg,0.5894875,1
0051 (2).jpg,test\REAL\0051 (2).jpg,1.0,1
0051 (3).jpg,test\REAL\0051 (3).jpg,0.92969036,1
0051 (4).jpg,test\REAL\0051 (4).jpg,1.0,1
0051 (5).jpg,test\REAL\0051 (5).jpg,1.0,1
0051 (6).jpg,test\REAL\0051 (6).jpg,1.0,1
0051 (7).jpg,test\REAL\0051 (7).jpg,0.9819056,1
0051 (8).jpg,test\REAL\0051 (8).jpg,0.99639577,1
0051 (9).jpg,test\REAL\0051 (9).jpg,0.9999981,1
0051.jpg,test\REAL\0051.jpg,0.70417905,1
0052 (10).jpg,test\REAL\0052 (10).jpg,0.99999976,1
0052 (2).jpg,test\REAL\0052 (2).jpg,1.0,1
0052 (3).jpg,test\REAL\0052 (3).jpg,0.29711896,0
0052 (4).jpg,test\REAL\0052 (4).jpg,1.0,1
0052 (5).jpg,test\REAL\0052 (5).jpg,1.0,1
0052 (6).jpg,test\REAL\0052 (6).jpg,0.99411345,1
0052 (7).jpg,test\REAL\0052 (7).jpg,0.99999964,1
0052 (8).jpg,test\REAL\0052 (8).jpg,0.9996207,1
0052 (9).jpg,test\REAL\0052 (9).jpg,0.012601405,0
0052.jpg,test\REAL\0052.jpg,1.0,1
0053 (10).jpg,test\REAL\0053 (10).jpg,0.99921614,1
0053 (2).jpg,test\REAL\0053 (2).jpg,0.00037890673,0
0053 (3).jpg,test\REAL\0053 (3).jpg,0.005666524,0
0053 (4).jpg,test\REAL\0053 (4).jpg,0.99179375,1
0053 (5).jpg,test\REAL\0053 (5).jpg,0.90401745,1
0053 (6).jpg,test\REAL\0053 (6).jpg,0.99999976,1
0053 (7).jpg,test\REAL\0053 (7).jpg,1.0,1
0053 (8).jpg,test\REAL\0053 (8).jpg,0.9999918,1
0053 (9).jpg,test\REAL\0053 (9).jpg,1.0,1
0053.jpg,test\REAL\0053.jpg,0.12801239,0
0054 (10).jpg,test\REAL\0054 (10).jpg,0.9999534,1
0054 (2).jpg,test\REAL\0054 (2).jpg,1.0,1
0054 (3).jpg,test\REAL\0054 (3).jpg,0.99915665,1
0054 (4).jpg,test\REAL\0054 (4).jpg,0.9483611,1
0054 (5).jpg,test\REAL\0054 (5).jpg,1.0,1
0054 (6).jpg,test\REAL\0054 (6).jpg,1.0,1
0054 (7).jpg,test\REAL\0054 (7).jpg,1.0,1
0054 (8).jpg,test\REAL\0054 (8).jpg,1.0,1
0054 (9).jpg,test\REAL\0054 (9).jpg,0.9986814,1
0054.jpg,test\REAL\0054.jpg,0.0106499195,0
0055 (10).jpg,test\REAL\0055 (10).jpg,0.99928725,1
0055 (2).jpg,test\REAL\0055 (2).jpg,1.0,1
0055 (3).jpg,test\REAL\0055 (3).jpg,0.9999968,1
0055 (4).jpg,test\REAL\0055 (4).jpg,1.0,1
0055 (5).jpg,test\REAL\0055 (5).jpg,0.99999994,1
0055 (6).jpg,test\REAL\0055 (6).jpg,0.0019097626,0
0055 (7).jpg,test\REAL\0055 (7).jpg,0.999999,1
0055 (8).jpg,test\REAL\0055 (8).jpg,1.0,1
0055 (9).jpg,test\REAL\0055 (9).jpg,0.9999999,1
0055.jpg,test\REAL\0055.jpg,0.9999997,1
0056 (10).jpg,test\REAL\0056 (10).jpg,0.99999976,1
0056 (2).jpg,test\REAL\0056 (2).jpg,1.0,1
0056 (3).jpg,test\REAL\0056 (3).jpg,0.9988104,1
0056 (4).jpg,test\REAL\0056 (4).jpg,0.00054240227,0
0056 (5).jpg,test\REAL\0056 (5).jpg,0.99995565,1
0056 (6).jpg,test\REAL\0056 (6).jpg,1.0,1
0056 (7).jpg,test\REAL\0056 (7).jpg,0.99860024,1
0056 (8).jpg,test\REAL\0056 (8).jpg,1.0,1
0056 (9).jpg,test\REAL\0056 (9).jpg,0.99999523,1
0056.jpg,test\REAL\0056.jpg,1.0,1
0057 (10).jpg,test\REAL\0057 (10).jpg,0.9999999,1
0057 (2).jpg,test\REAL\0057 (2).jpg,0.9889895,1
0057 (3).jpg,test\REAL\0057 (3).jpg,1.0,1
0057 (4).jpg,test\REAL\0057 (4).jpg,0.60376567,1
0057 (5).jpg,test\REAL\0057 (5).jpg,1.0,1
0057 (6).jpg,test\REAL\0057 (6).jpg,0.99395037,1
0057 (7).jpg,test\REAL\0057 (7).jpg,1.0,1
0057 (8).jpg,test\REAL\0057 (8).jpg,0.45648658,0
0057 (9).jpg,test\REAL\0057 (9).jpg,1.0,1
0057.jpg,test\REAL\0057.jpg,1.0,1
0058 (10).jpg,test\REAL\0058 (10).jpg,1.0,1
0058 (2).jpg,test\REAL\0058 (2).jpg,0.9999985,1
0058 (3).jpg,test\REAL\0058 (3).jpg,0.61053884,1
0058 (4).jpg,test\REAL\0058 (4).jpg,1.0,1
0058 (5).jpg,test\REAL\0058 (5).jpg,0.9999949,1
0058 (6).jpg,test\REAL\0058 (6).jpg,0.9999856,1
0058 (7).jpg,test\REAL\0058 (7).jpg,0.999904,1
0058 (8).jpg,test\REAL\0058 (8).jpg,0.8414712,1
0058 (9).jpg,test\REAL\0058 (9).jpg,0.9997852,1
0058.jpg,test\REAL\0058.jpg,1.0,1
0059 (10).jpg,test\REAL\0059 (10).jpg,1.0,1
0059 (2).jpg,test\REAL\0059 (2).jpg,1.0,1
0059 (3).jpg,test\REAL\0059 (3).jpg,0.9999839,1
0059 (4).jpg,test\REAL\0059 (4).jpg,0.5589217,1
0059 (5).jpg,test\REAL\0059 (5).jpg,1.0,1
0059 (6).jpg,test\REAL\0059 (6).jpg,0.9999999,1
0059 (7).jpg,test\REAL\0059 (7).jpg,1.0,1
0059 (8).jpg,test\REAL\0059 (8).jpg,0.3048297,0
0059 (9).jpg,test\REAL\0059 (9).jpg,0.9999572,1
0059.jpg,test\REAL\0059.jpg,0.9783155,1
0060 (10).jpg,test\REAL\0060 (10).jpg,0.3138315,0
0060 (2).jpg,test\REAL\0060 (2).jpg,1.0,1
0060 (3).jpg,test\REAL\0060 (3).jpg,1.0,1
0060 (4).jpg,test\REAL\0060 (4).jpg,0.99999964,1
0060 (5).jpg,test\REAL\0060 (5).jpg,0.9998963,1
0060 (6).jpg,test\REAL\0060 (6).jpg,0.9999964,1
0060 (7).jpg,test\REAL\0060 (7).jpg,0.99999994,1
0060 (8).jpg,test\REAL\0060 (8).jpg,0.91806877,1
0060 (9).jpg,test\REAL\0060 (9).jpg,1.0,1
0060.jpg,test\REAL\0060.jpg,4.172325e-07,0
0061 (10).jpg,test\REAL\0061 (10).jpg,0.9999998,1
0061 (2).jpg,test\REAL\0061 (2).jpg,0.009532303,0
0061 (3).jpg,test\REAL\0061 (3).jpg,0.010209709,0
0061 (4).jpg,test\REAL\0061 (4).jpg,0.9703306,1
0061 (5).jpg,test\REAL\0061 (5).jpg,0.98218215,1
0061 (6).jpg,test\REAL\0061 (6).jpg,0.8772975,1
0061 (7).jpg,test\REAL\0061 (7).jpg,1.0,1
0061 (8).jpg,test\REAL\0061 (8).jpg,0.9999919,1
0061 (9).jpg,test\REAL\0061 (9).jpg,1.0,1
0061.jpg,test\REAL\0061.jpg,0.8565581,1
0062 (10).jpg,test\REAL\0062 (10).jpg,1.0,1
0062 (2).jpg,test\REAL\0062 (2).jpg,0.013862342,0
0062 (3).jpg,test\REAL\0062 (3).jpg,0.99991,1
0062 (4).jpg,test\REAL\0062 (4).jpg,0.9990581,1
0062 (5).jpg,test\REAL\0062 (5).jpg,0.99995196,1
0062 (6).jpg,test\REAL\0062 (6).jpg,1.0,1
0062 (7).jpg,test\REAL\0062 (7).jpg,0.99957836,1
0062 (8).jpg,test\REAL\0062 (8).jpg,0.9999997,1
0062 (9).jpg,test\REAL\0062 (9).jpg,0.9999958,1
0062.jpg,test\REAL\0062.jpg,0.0031561255,0
0063 (10).jpg,test\REAL\0063 (10).jpg,1.0,1
0063 (2).jpg,test\REAL\0063 (2).jpg,0.6366859,1
0063 (3).jpg,test\REAL\0063 (3).jpg,0.1685656,0
0063 (4).jpg,test\REAL\0063 (4).jpg,1.0,1
0063 (5).jpg,test\REAL\0063 (5).jpg,1.0,1
0063 (6).jpg,test\REAL\0063 (6).jpg,0.16695324,0
0063 (7).jpg,test\REAL\0063 (7).jpg,0.99947524,1
0063 (8).jpg,test\REAL\0063 (8).jpg,1.0,1
0063 (9).jpg,test\REAL\0063 (9).jpg,1.0,1
0063.jpg,test\REAL\0063.jpg,0.9972183,1
0064 (10).jpg,test\REAL\0064 (10).jpg,0.98786145,1
0064 (2).jpg,test\REAL\0064 (2).jpg,0.99992687,1
0064 (3).jpg,test\REAL\0064 (3).jpg,1.0,1
0064 (4).jpg,test\REAL\0064 (4).jpg,0.99999994,1
0064 (5).jpg,test\REAL\0064 (5).jpg,1.0,1
0064 (6).jpg,test\REAL\0064 (6).jpg,0.99952066,1
0064 (7).jpg,test\REAL\0064 (7).jpg,0.9999291,1
0064 (8).jpg,test\REAL\0064 (8).jpg,0.99924064,1
0064 (9).jpg,test\REAL\0064 (9).jpg,0.3704376,0
0064.jpg,test\REAL\0064.jpg,1.0,1
0065 (10).jpg,test\REAL\0065 (10).jpg,0.9999932,1
0065 (2).jpg,test\REAL\0065 (2).jpg,0.012339026,0
0065 (3).jpg,test\REAL\0065 (3).jpg,1.0,1
0065 (4).jpg,test\REAL\0065 (4).jpg,0.99997246,1
0065 (5).jpg,test\REAL\0065 (5).jpg,0.9999913,1
0065 (6).jpg,test\REAL\0065 (6).jpg,0.94052327,1
0065 (7).jpg,test\REAL\0065 (7).jpg,0.99999964,1
0065 (8).jpg,test\REAL\0065 (8).jpg,1.0,1
0065 (9).jpg,test\REAL\0065 (9).jpg,0.99999946,1
0065.jpg,test\REAL\0065.jpg,0.21926689,0
0066 (10).jpg,test\REAL\0066 (10).jpg,1.0,1
0066 (2).jpg,test\REAL\0066 (2).jpg,0.014691472,0
0066 (3).jpg,test\REAL\0066 (3).jpg,0.0011141896,0
0066 (4).jpg,test\REAL\0066 (4).jpg,0.7590011,1
0066 (5).jpg,test\REAL\0066 (5).jpg,1.0,1
0066 (6).jpg,test\REAL\0066 (6).jpg,0.9999995,1
0066 (7).jpg,test\REAL\0066 (7).jpg,1.0,1
0066 (8).jpg,test\REAL\0066 (8).jpg,0.9999893,1
0066 (9).jpg,test\REAL\0066 (9).jpg,0.9999998,1
0066.jpg,test\REAL\0066.jpg,1.0,1
0067 (10).jpg,test\REAL\0067 (10).jpg,1.0,1
0067 (2).jpg,test\REAL\0067 (2).jpg,0.0,0
0067 (3).jpg,test\REAL\0067 (3).jpg,0.9665946,1
0067 (4).jpg,test\REAL\0067 (4).jpg,0.99841726,1
0067 (5).jpg,test\REAL\0067 (5).jpg,1.0,1
0067 (6).jpg,test\REAL\0067 (6).jpg,0.7946335,1
0067 (7).jpg,test\REAL\0067 (7).jpg,1.0,1
0067 (8).jpg,test\REAL\0067 (8).jpg,0.99999505,1
0067 (9).jpg,test\REAL\0067 (9).jpg,0.9999999,1
0067.jpg,test\REAL\0067.jpg,1.0,1
0068 (10).jpg,test\REAL\0068 (10).jpg,0.9999485,1
0068 (2).jpg,test\REAL\0068 (2).jpg,0.9999998,1
0068 (3).jpg,test\REAL\0068 (3).jpg,0.016586244,0
0068 (4).jpg,test\REAL\0068 (4).jpg,0.9997503,1
0068 (5).jpg,test\REAL\0068 (5).jpg,1.0,1
0068 (6).jpg,test\REAL\0068 (6).jpg,1.0,1
0068 (7).jpg,test\REAL\0068 (7).jpg,0.9999968,1
0068 (8).jpg,test\REAL\0068 (8).jpg,1.0,1
0068 (9).jpg,test\REAL\0068 (9).jpg,0.99994695,1
0068.jpg,test\REAL\0068.jpg,1.6093254e-06,0
0069 (10).jpg,test\REAL\0069 (10).jpg,0.9808936,1
0069 (2).jpg,test\REAL\0069 (2).jpg,0.09896973,0
0069 (3).jpg,test\REAL\0069 (3).jpg,0.07378116,0
0069 (4).jpg,test\REAL\0069 (4).jpg,0.9434062,1
0069 (5).jpg,test\REAL\0069 (5).jpg,0.9999957,1
0069 (6).jpg,test\REAL\0069 (6).jpg,0.99999994,1
0069 (7).jpg,test\REAL\0069 (7).jpg,0.99999815,1
0069 (8).jpg,test\REAL\0069 (8).jpg,0.93012786,1
0069 (9).jpg,test\REAL\0069 (9).jpg,0.9999953,1
0069.jpg,test\REAL\0069.jpg,0.9947443,1
0070 (10).jpg,test\REAL\0070 (10).jpg,0.99998975,1
0070 (2).jpg,test\REAL\0070 (2).jpg,1.0,1
0070 (3).jpg,test\REAL\0070 (3).jpg,9.268522e-06,0
0070 (4).jpg,test\REAL\0070 (4).jpg,0.999936,1
0070 (5).jpg,test\REAL\0070 (5).jpg,1.0,1
0070 (6).jpg,test\REAL\0070 (6).jpg,1.0,1
0070 (7).jpg,test\REAL\0070 (7).jpg,0.9999974,1
0070 (8).jpg,test\REAL\0070 (8).jpg,0.00020542741,0
0070 (9).jpg,test\REAL\0070 (9).jpg,0.99993503,1
0070.jpg,test\REAL\0070.jpg,0.4724337,0
0071 (10).jpg,test\REAL\0071 (10).jpg,1.0,1
0071 (2).jpg,test\REAL\0071 (2).jpg,0.99999964,1
0071 (3).jpg,test\REAL\0071 (3).jpg,0.00014388561,0
0071 (4).jpg,test\REAL\0071 (4).jpg,0.029590726,0
0071 (5).jpg,test\REAL\0071 (5).jpg,0.34350717,0
0071 (6).jpg,test\REAL\0071 (6).jpg,0.9998847,1
0071 (7).jpg,test\REAL\0071 (7).jpg,1.0,1
0071 (8).jpg,test\REAL\0071 (8).jpg,1.0,1
0071 (9).jpg,test\REAL\0071 (9).jpg,0.9538995,1
0071.jpg,test\REAL\0071.jpg,1.0,1
0072 (10).jpg,test\REAL\0072 (10).jpg,1.0,1
0072 (2).jpg,test\REAL\0072 (2).jpg,0.13741258,0
0072 (3).jpg,test\REAL\0072 (3).jpg,1.0,1
0072 (4).jpg,test\REAL\0072 (4).jpg,1.0,1
0072 (5).jpg,test\REAL\0072 (5).jpg,0.9999999,1
0072 (6).jpg,test\REAL\0072 (6).jpg,1.0,1
0072 (7).jpg,test\REAL\0072 (7).jpg,0.96536773,1
0072 (8).jpg,test\REAL\0072 (8).jpg,0.99926555,1
0072 (9).jpg,test\REAL\0072 (9).jpg,0.999998,1
0072.jpg,test\REAL\0072.jpg,0.9998691,1
0073 (10).jpg,test\REAL\0073 (10).jpg,1.0,1
0073 (2).jpg,test\REAL\0073 (2).jpg,1.0,1
0073 (3).jpg,test\REAL\0073 (3).jpg,0.98338985,1
0073 (4).jpg,test\REAL\0073 (4).jpg,0.9869274,1
0073 (5).jpg,test\REAL\0073 (5).jpg,0.99964243,1
0073 (6).jpg,test\REAL\0073 (6).jpg,0.99999595,1
0073 (7).jpg,test\REAL\0073 (7).jpg,1.0,1
0073 (8).jpg,test\REAL\0073 (8).jpg,0.0002798438,0
0073 (9).jpg,test\REAL\0073 (9).jpg,0.9999999,1
0073.jpg,test\REAL\0073.jpg,0.7512288,1
0074 (10).jpg,test\REAL\0074 (10).jpg,1.0,1
0074 (2).jpg,test\REAL\0074 (2).jpg,0.1513513,0
0074 (3).jpg,test\REAL\0074 (3).jpg,0.9108255,1
0074 (4).jpg,test\REAL\0074 (4).jpg,0.9999995,1
0074 (5).jpg,test\REAL\0074 (5).jpg,1.0,1
0074 (6).jpg,test\REAL\0074 (6).jpg,0.9991677,1
0074 (7).jpg,test\REAL\0074 (7).jpg,0.12222272,0
0074 (8).jpg,test\REAL\0074 (8).jpg,1.0,1
0074 (9).jpg,test\REAL\0074 (9).jpg,1.0,1
0074.jpg,test\REAL\0074.jpg,1.8835068e-05,0
0075 (10).jpg,test\REAL\0075 (10).jpg,0.9999998,1
0075 (2).jpg,test\REAL\0075 (2).jpg,0.8423287,1
0075 (3).jpg,test\REAL\0075 (3).jpg,0.993554,1
0075 (4).jpg,test\REAL\0075 (4).jpg,1.0,1
0075 (5).jpg,test\REAL\0075 (5).jpg,1.0,1
0075 (6).jpg,test\REAL\0075 (6).jpg,0.0,0
0075 (7).jpg,test\REAL\0075 (7).jpg,1.0,1
0075 (8).jpg,test\REAL\0075 (8).jpg,0.99999905,1
0075 (9).jpg,test\REAL\0075 (9).jpg,0.44255716,0
0075.jpg,test\REAL\0075.jpg,1.0,1
0076 (10).jpg,test\REAL\0076 (10).jpg,0.9716854,1
0076 (2).jpg,test\REAL\0076 (2).jpg,0.032414943,0
0076 (3).jpg,test\REAL\0076 (3).jpg,0.96071064,1
0076 (4).jpg,test\REAL\0076 (4).jpg,1.0,1
0076 (5).jpg,test\REAL\0076 (5).jpg,0.73302096,1
0076 (6).jpg,test\REAL\0076 (6).jpg,1.0,1
0076 (7).jpg,test\REAL\0076 (7).jpg,0.034307897,0
0076 (8).jpg,test\REAL\0076 (8).jpg,9.536743e-07,0
0076 (9).jpg,test\REAL\0076 (9).jpg,0.99999976,1
0076.jpg,test\REAL\0076.jpg,0.9999999,1
0077 (10).jpg,test\REAL\0077 (10).jpg,0.9999188,1
0077 (2).jpg,test\REAL\0077 (2).jpg,0.9788927,1
0077 (3).jpg,test\REAL\0077 (3).jpg,1.0,1
0077 (4).jpg,test\REAL\0077 (4).jpg,1.0,1
0077 (5).jpg,test\REAL\0077 (5).jpg,1.0,1
0077 (6).jpg,test\REAL\0077 (6).jpg,1.0,1
0077 (7).jpg,test\REAL\0077 (7).jpg,4.4703484e-07,0
0077 (8).jpg,test\REAL\0077 (8).jpg,0.9999997,1
0077 (9).jpg,test\REAL\0077 (9).jpg,0.99997926,1
0077.jpg,test\REAL\0077.jpg,0.00018933415,0
0078 (10).jpg,test\REAL\0078 (10).jpg,1.0,1
0078 (2).jpg,test\REAL\0078 (2).jpg,1.0,1
0078 (3).jpg,test\REAL\0078 (3).jpg,1.0,1
0078 (4).jpg,test\REAL\0078 (4).jpg,1.0,1
0078 (5).jpg,test\REAL\0078 (5).jpg,1.0,1
0078 (6).jpg,test\REAL\0078 (6).jpg,1.0,1
0078 (7).jpg,test\REAL\0078 (7).jpg,1.0,1
0078 (8).jpg,test\REAL\0078 (8).jpg,1.0,1
0078 (9).jpg,test\REAL\0078 (9).jpg,1.0,1
0078.jpg,test\REAL\0078.jpg,0.9993631,1
0079 (10).jpg,test\REAL\0079 (10).jpg,0.99999875,1
0079 (2).jpg,test\REAL\0079 (2).jpg,1.0,1
0079 (3).jpg,test\REAL\0079 (3).jpg,0.99998176,1
0079 (4).jpg,test\REAL\0079 (4).jpg,0.094539285,0
0079 (5).jpg,test\REAL\0079 (5).jpg,0.9708625,1
0079 (6).jpg,test\REAL\0079 (6).jpg,0.9999951,1
0079 (7).jpg,test\REAL\0079 (7).jpg,0.9999958,1
0079 (8).jpg,test\REAL\0079 (8).jpg,1.0,1
0079 (9).jpg,test\REAL\0079 (9).jpg,0.17910653,0
0079.jpg,test\REAL\0079.jpg,1.0,1
0080 (10).jpg,test\REAL\0080 (10).jpg,0.21693525,0
0080 (2).jpg,test\REAL\0080 (2).jpg,1.0,1
0080 (3).jpg,test\REAL\0080 (3).jpg,0.9982325,1
0080 (4).jpg,test\REAL\0080 (4).jpg,0.99999994,1
0080 (5).jpg,test\REAL\0080 (5).jpg,1.0,1
0080 (6).jpg,test\REAL\0080 (6).jpg,1.0,1
0080 (7).jpg,test\REAL\0080 (7).jpg,0.9999998,1
0080 (8).jpg,test\REAL\0080 (8).jpg,1.0,1
0080 (9).jpg,test\REAL\0080 (9).jpg,1.0,1
0080.jpg,test\REAL\0080.jpg,1.0,1
0081 (10).jpg,test\REAL\0081 (10).jpg,1.0,1
0081 (2).jpg,test\REAL\0081 (2).jpg,0.6501249,1
0081 (3).jpg,test\REAL\0081 (3).jpg,0.92204076,1
0081 (4).jpg,test\REAL\0081 (4).jpg,1.0,1
0081 (5).jpg,test\REAL\0081 (5).jpg,0.77971935,1
0081 (6).jpg,test\REAL\0081 (6).jpg,0.00015801191,0
0081 (7).jpg,test\REAL\0081 (7).jpg,0.99892974,1
0081 (8).jpg,test\REAL\0081 (8).jpg,0.69699574,1
0081 (9).jpg,test\REAL\0081 (9).jpg,0.9647149,1
0081.jpg,test\REAL\0081.jpg,3.2365322e-05,0
0082 (10).jpg,test\REAL\0082 (10).jpg,0.48561752,0
0082 (2).jpg,test\REAL\0082 (2).jpg,1.0,1
0082 (3).jpg,test\REAL\0082 (3).jpg,0.9917031,1
0082 (4).jpg,test\REAL\0082 (4).jpg,1.0,1
0082 (5).jpg,test\REAL\0082 (5).jpg,1.0,1
0082 (6).jpg,test\REAL\0082 (6).jpg,1.0,1
0082 (7).jpg,test\REAL\0082 (7).jpg,1.0,1
0082 (8).jpg,test\REAL\0082 (8).jpg,1.0,1
0082 (9).jpg,test\REAL\0082 (9).jpg,0.31046385,0
0082.jpg,test\REAL\0082.jpg,0.9814363,1
0083 (10).jpg,test\REAL\0083 (10).jpg,1.0,1
0083 (2).jpg,test\REAL\0083 (2).jpg,0.9998364,1
0083 (3).jpg,test\REAL\0083 (3).jpg,1.0,1
0083 (4).jpg,test\REAL\0083 (4).jpg,0.9316469,1
0083 (5).jpg,test\REAL\0083 (5).jpg,0.999999,1
0083 (6).jpg,test\REAL\0083 (6).jpg,0.9856924,1
0083 (7).jpg,test\REAL\0083 (7).jpg,0.9954003,1
0083 (8).jpg,test\REAL\0083 (8).jpg,0.99992484,1
0083 (9).jpg,test\REAL\0083 (9).jpg,1.0,1
0083.jpg,test\REAL\0083.jpg,1.0,1
0084 (10).jpg,test\REAL\0084 (10).jpg,1.0,1
0084 (2).jpg,test\REAL\0084 (2).jpg,0.9998878,1
0084 (3).jpg,test\REAL\0084 (3).jpg,0.9999629,1
0084 (4).jpg,test\REAL\0084 (4).jpg,1.0,1
0084 (5).jpg,test\REAL\0084 (5).jpg,1.0,1
0084 (6).jpg,test\REAL\0084 (6).jpg,0.07760194,0
0084 (7).jpg,test\REAL\0084 (7).jpg,0.98401487,1
0084 (8).jpg,test\REAL\0084 (8).jpg,0.91413176,1
0084 (9).jpg,test\REAL\0084 (9).jpg,0.0028651655,0
0084.jpg,test\REAL\0084.jpg,0.99999994,1
0085 (10).jpg,test\REAL\0085 (10).jpg,1.0,1
0085 (2).jpg,test\REAL\0085 (2).jpg,0.9987153,1
0085 (3).jpg,test\REAL\0085 (3).jpg,1.0,1
0085 (4).jpg,test\REAL\0085 (4).jpg,1.0,1
0085 (5).jpg,test\REAL\0085 (5).jpg,0.034710675,0
0085 (6).jpg,test\REAL\0085 (6).jpg,0.99973214,1
0085 (7).jpg,test\REAL\0085 (7).jpg,0.8784348,1
0085 (8).jpg,test\REAL\0085 (8).jpg,1.0,1
0085 (9).jpg,test\REAL\0085 (9).jpg,1.0,1
0085.jpg,test\REAL\0085.jpg,0.91449666,1
0086 (10).jpg,test\REAL\0086 (10).jpg,0.8098985,1
0086 (2).jpg,test\REAL\0086 (2).jpg,0.9999999,1
0086 (3).jpg,test\REAL\0086 (3).jpg,0.99999255,1
0086 (4).jpg,test\REAL\0086 (4).jpg,1.0,1
0086 (5).jpg,test\REAL\0086 (5).jpg,0.99999976,1
0086 (6).jpg,test\REAL\0086 (6).jpg,0.9997552,1
0086 (7).jpg,test\REAL\0086 (7).jpg,1.0,1
0086 (8).jpg,test\REAL\0086 (8).jpg,0.9999896,1
0086 (9).jpg,test\REAL\0086 (9).jpg,0.99997365,1
0086.jpg,test\REAL\0086.jpg,1.0,1
0087 (10).jpg,test\REAL\0087 (10).jpg,0.39668924,0
0087 (2).jpg,test\REAL\0087 (2).jpg,0.028761715,0
0087 (3).jpg,test\REAL\0087 (3).jpg,0.1933425,0
0087 (4).jpg,test\REAL\0087 (4).jpg,1.0,1
0087 (5).jpg,test\REAL\0087 (5).jpg,0.79613453,1
0087 (6).jpg,test\REAL\0087 (6).jpg,1.0,1
0087 (7).jpg,test\REAL\0087 (7).jpg,0.9889499,1
0087 (8).jpg,test\REAL\0087 (8).jpg,0.5518163,1
0087 (9).jpg,test\REAL\0087 (9).jpg,0.9999259,1
0087.jpg,test\REAL\0087.jpg,1.5079975e-05,0
0088 (10).jpg,test\REAL\0088 (10).jpg,0.9999994,1
0088 (2).jpg,test\REAL\0088 (2).jpg,0.20742151,0
0088 (3).jpg,test\REAL\0088 (3).jpg,0.010067672,0
0088 (4).jpg,test\REAL\0088 (4).jpg,0.04884869,0
0088 (5).jpg,test\REAL\0088 (5).jpg,0.99973834,1
0088 (6).jpg,test\REAL\0088 (6).jpg,1.0,1
0088 (7).jpg,test\REAL\0088 (7).jpg,1.0,1
0088 (8).jpg,test\REAL\0088 (8).jpg,1.0,1
0088 (9).jpg,test\REAL\0088 (9).jpg,1.0,1
0088.jpg,test\REAL\0088.jpg,1.0,1
0089 (10).jpg,test\REAL\0089 (10).jpg,0.99999225,1
0089 (2).jpg,test\REAL\0089 (2).jpg,1.0,1
0089 (3).jpg,test\REAL\0089 (3).jpg,0.5737116,1
0089 (4).jpg,test\REAL\0089 (4).jpg,0.9999807,1
0089 (5).jpg,test\REAL\0089 (5).jpg,0.99997455,1
0089 (6).jpg,test\REAL\0089 (6).jpg,0.88015056,1
0089 (7).jpg,test\REAL\0089 (7).jpg,1.0,1
0089 (8).jpg,test\REAL\0089 (8).jpg,0.9162334,1
0089 (9).jpg,test\REAL\0089 (9).jpg,0.9999889,1
0089.jpg,test\REAL\0089.jpg,1.0,1
0090 (10).jpg,test\REAL\0090 (10).jpg,0.9972842,1
0090 (2).jpg,test\REAL\0090 (2).jpg,0.999998,1
0090 (3).jpg,test\REAL\0090 (3).jpg,0.65761006,1
0090 (4).jpg,test\REAL\0090 (4).jpg,0.99885476,1
0090 (5).jpg,test\REAL\0090 (5).jpg,1.0,1
0090 (6).jpg,test\REAL\0090 (6).jpg,1.0,1
0090 (7).jpg,test\REAL\0090 (7).jpg,0.6266142,1
0090 (8).jpg,test\REAL\0090 (8).jpg,0.9938994,1
0090 (9).jpg,test\REAL\0090 (9).jpg,1.0,1
0090.jpg,test\REAL\0090.jpg,0.9999995,1
0091 (10).jpg,test\REAL\0091 (10).jpg,1.0,1
0091 (2).jpg,test\REAL\0091 (2).jpg,0.99999565,1
0091 (3).jpg,test\REAL\0091 (3).jpg,0.9906693,1
0091 (4).jpg,test\REAL\0091 (4).jpg,0.9998401,1
0091 (5).jpg,test\REAL\0091 (5).jpg,0.99999994,1
0091 (6).jpg,test\REAL\0091 (6).jpg,0.99999917,1
0091 (7).jpg,test\REAL\0091 (7).jpg,0.996857,1
0091 (8).jpg,test\REAL\0091 (8).jpg,1.0,1
0091 (9).jpg,test\REAL\0091 (9).jpg,0.9999999,1
0091.jpg,test\REAL\0091.jpg,0.99958766,1
0092 (10).jpg,test\REAL\0092 (10).jpg,0.9996483,1
0092 (2).jpg,test\REAL\0092 (2).jpg,0.9999757,1
0092 (3).jpg,test\REAL\0092 (3).jpg,1.0,1
0092 (4).jpg,test\REAL\0092 (4).jpg,0.6703146,1
0092 (5).jpg,test\REAL\0092 (5).jpg,1.0,1
0092 (6).jpg,test\REAL\0092 (6).jpg,1.0,1
0092 (7).jpg,test\REAL\0092 (7).jpg,0.99999964,1
0092 (8).jpg,test\REAL\0092 (8).jpg,1.0,1
0092 (9).jpg,test\REAL\0092 (9).jpg,1.0,1
0092.jpg,test\REAL\0092.jpg,1.0,1
0093 (10).jpg,test\REAL\0093 (10).jpg,0.516058,1
0093 (2).jpg,test\REAL\0093 (2).jpg,0.99999994,1
0093 (3).jpg,test\REAL\0093 (3).jpg,0.22481084,0
0093 (4).jpg,test\REAL\0093 (4).jpg,0.99999726,1
0093 (5).jpg,test\REAL\0093 (5).jpg,0.9996537,1
0093 (6).jpg,test\REAL\0093 (6).jpg,1.0,1
0093 (7).jpg,test\REAL\0093 (7).jpg,1.0,1
0093 (8).jpg,test\REAL\0093 (8).jpg,0.43650526,0
0093 (9).jpg,test\REAL\0093 (9).jpg,0.7901113,1
0093.jpg,test\REAL\0093.jpg,0.006925732,0
0094 (10).jpg,test\REAL\0094 (10).jpg,1.0,1
0094 (2).jpg,test\REAL\0094 (2).jpg,0.9998367,1
0094 (3).jpg,test\REAL\0094 (3).jpg,0.93852234,1
0094 (4).jpg,test\REAL\0094 (4).jpg,0.9999989,1
0094 (5).jpg,test\REAL\0094 (5).jpg,0.8463019,1
0094 (6).jpg,test\REAL\0094 (6).jpg,0.99983865,1
0094 (7).jpg,test\REAL\0094 (7).jpg,1.0,1
0094 (8).jpg,test\REAL\0094 (8).jpg,0.9786892,1
0094 (9).jpg,test\REAL\0094 (9).jpg,0.26413167,0
0094.jpg,test\REAL\0094.jpg,0.99999654,1
0095 (10).jpg,test\REAL\0095 (10).jpg,0.95326376,1
0095 (2).jpg,test\REAL\0095 (2).jpg,1.0,1
0095 (3).jpg,test\REAL\0095 (3).jpg,1.0,1
0095 (4).jpg,test\REAL\0095 (4).jpg,0.99916404,1
0095 (5).jpg,test\REAL\0095 (5).jpg,0.9987881,1
0095 (6).jpg,test\REAL\0095 (6).jpg,1.0,1
0095 (7).jpg,test\REAL\0095 (7).jpg,1.0,1
0095 (8).jpg,test\REAL\0095 (8).jpg,0.99187046,1
0095 (9).jpg,test\REAL\0095 (9).jpg,0.99999976,1
0095.jpg,test\REAL\0095.jpg,1.0,1
0096 (10).jpg,test\REAL\0096 (10).jpg,1.0,1
0096 (2).jpg,test\REAL\0096 (2).jpg,0.13757783,0
0096 (3).jpg,test\REAL\0096 (3).jpg,0.99999976,1
0096 (4).jpg,test\REAL\0096 (4).jpg,1.0,1
0096 (5).jpg,test\REAL\0096 (5).jpg,0.99999416,1
0096 (6).jpg,test\REAL\0096 (6).jpg,0.5699319,1
0096 (7).jpg,test\REAL\0096 (7).jpg,0.076919496,0
0096 (8).jpg,test\REAL\0096 (8).jpg,2.026558e-05,0
0096 (9).jpg,test\REAL\0096 (9).jpg,0.9999868,1
0096.jpg,test\REAL\0096.jpg,0.9999969,1
0097 (10).jpg,test\REAL\0097 (10).jpg,0.99999994,1
0097 (2).jpg,test\REAL\0097 (2).jpg,1.0,1
0097 (3).jpg,test\REAL\0097 (3).jpg,0.9988405,1
0097 (4).jpg,test\REAL\0097 (4).jpg,0.9962735,1
0097 (5).jpg,test\REAL\0097 (5).jpg,0.9999999,1
0097 (6).jpg,test\REAL\0097 (6).jpg,0.77672434,1
0097 (7).jpg,test\REAL\0097 (7).jpg,0.9999999,1
0097 (8).jpg,test\REAL\0097 (8).jpg,0.054998517,0
0097 (9).jpg,test\REAL\0097 (9).jpg,1.0,1
0097.jpg,test\REAL\0097.jpg,0.06547272,0
0098 (10).jpg,test\REAL\0098 (10).jpg,1.0,1
0098 (2).jpg,test\REAL\0098 (2).jpg,1.0,1
0098 (3).jpg,test\REAL\0098 (3).jpg,0.01052013,0
0098 (4).jpg,test\REAL\0098 (4).jpg,0.24158382,0
0098 (5).jpg,test\REAL\0098 (5).jpg,1.0,1
0098 (6).jpg,test\REAL\0098 (6).jpg,0.9999848,1
0098 (7).jpg,test\REAL\0098 (7).jpg,0.4575482,0
0098 (8).jpg,test\REAL\0098 (8).jpg,0.5656865,1
0098 (9).jpg,test\REAL\0098 (9).jpg,0.9996605,1
0098.jpg,test\REAL\0098.jpg,1.0,1
0099 (10).jpg,test\REAL\0099 (10).jpg,0.9747571,1
0099 (2).jpg,test\REAL\0099 (2).jpg,8.106232e-06,0
0099 (3).jpg,test\REAL\0099 (3).jpg,0.9998819,1
0099 (4).jpg,test\REAL\0099 (4).jpg,0.9999993,1
0099 (5).jpg,test\REAL\0099 (5).jpg,0.99999976,1
0099 (6).jpg,test\REAL\0099 (6).jpg,1.0,1
0099 (7).jpg,test\REAL\0099 (7).jpg,1.0,1
0099 (8).jpg,test\REAL\0099 (8).jpg,1.0,1
0099 (9).jpg,test\REAL\0099 (9).jpg,0.22973186,0
0099.jpg,test\REAL\0099.jpg,0.0,0
0100 (10).jpg,test\REAL\0100 (10).jpg,1.0,1
0100 (2).jpg,test\REAL\0100 (2).jpg,1.0,1
0100 (3).jpg,test\REAL\0100 (3).jpg,1.0,1
0100 (4).jpg,test\REAL\0100 (4).jpg,0.9991711,1
0100 (5).jpg,test\REAL\0100 (5).jpg,1.0,1
0100 (6).jpg,test\REAL\0100 (6).jpg,0.9546506,1
0100 (7).jpg,test\REAL\0100 (7).jpg,0.9673933,1
0100 (8).jpg,test\REAL\0100 (8).jpg,0.9985955,1
0100 (9).jpg,test\REAL\0100 (9).jpg,0.9933516,1
0100.jpg,test\REAL\0100.jpg,1.0,1
0101 (10).jpg,test\REAL\0101 (10).jpg,0.15366215,0
0101 (2).jpg,test\REAL\0101 (2).jpg,0.9999995,1
0101 (3).jpg,test\REAL\0101 (3).jpg,0.053236604,0
0101 (4).jpg,test\REAL\0101 (4).jpg,0.99997866,1
0101 (5).jpg,test\REAL\0101 (5).jpg,1.0,1
0101 (6).jpg,test\REAL\0101 (6).jpg,0.541221,1
0101 (7).jpg,test\REAL\0101 (7).jpg,0.94391143,1
0101 (8).jpg,test\REAL\0101 (8).jpg,0.9789103,1
0101 (9).jpg,test\REAL\0101 (9).jpg,0.14910662,0
0101.jpg,test\REAL\0101.jpg,1.0,1
0102 (10).jpg,test\REAL\0102 (10).jpg,0.9953801,1
0102 (2).jpg,test\REAL\0102 (2).jpg,1.0,1
0102 (3).jpg,test\REAL\0102 (3).jpg,0.99999726,1
0102 (4).jpg,test\REAL\0102 (4).jpg,0.72755575,1
0102 (5).jpg,test\REAL\0102 (5).jpg,0.99749506,1
0102 (6).jpg,test\REAL\0102 (6).jpg,0.00017917156,0
0102 (7).jpg,test\REAL\0102 (7).jpg,1.0,1
0102 (8).jpg,test\REAL\0102 (8).jpg,1.0,1
0102 (9).jpg,test\REAL\0102 (9).jpg,0.9999999,1
0102.jpg,test\REAL\0102.jpg,0.98557794,1
0103 (10).jpg,test\REAL\0103 (10).jpg,0.99237376,1
0103 (2).jpg,test\REAL\0103 (2).jpg,1.0,1
0103 (3).jpg,test\REAL\0103 (3).jpg,0.9999933,1
0103 (4).jpg,test\REAL\0103 (4).jpg,0.999807,1
0103 (5).jpg,test\REAL\0103 (5).jpg,0.9977231,1
0103 (6).jpg,test\REAL\0103 (6).jpg,1.0,1
0103 (7).jpg,test\REAL\0103 (7).jpg,1.0,1
0103 (8).jpg,test\REAL\0103 (8).jpg,0.99999976,1
0103 (9).jpg,test\REAL\0103 (9).jpg,0.8932874,1
0103.jpg,test\REAL\0103.jpg,0.41971487,0
0104 (10).jpg,test\REAL\0104 (10).jpg,1.0,1
0104 (2).jpg,test\REAL\0104 (2).jpg,0.9999999,1
0104 (3).jpg,test\REAL\0104 (3).jpg,0.33706498,0
0104 (4).jpg,test\REAL\0104 (4).jpg,1.0,1
0104 (5).jpg,test\REAL\0104 (5).jpg,0.0018512905,0
0104 (6).jpg,test\REAL\0104 (6).jpg,1.0,1
0104 (7).jpg,test\REAL\0104 (7).jpg,0.9999943,1
0104 (8).jpg,test\REAL\0104 (8).jpg,1.0,1
0104 (9).jpg,test\REAL\0104 (9).jpg,0.58173144,1
0104.jpg,test\REAL\0104.jpg,0.78246546,1
0105 (10).jpg,test\REAL\0105 (10).jpg,0.4048562,0
0105 (2).jpg,test\REAL\0105 (2).jpg,0.00031164289,0
0105 (3).jpg,test\REAL\0105 (3).jpg,0.30360454,0
0105 (4).jpg,test\REAL\0105 (4).jpg,1.0,1
0105 (5).jpg,test\REAL\0105 (5).jpg,0.9999987,1
0105 (6).jpg,test\REAL\0105 (6).jpg,1.0,1
0105 (7).jpg,test\REAL\0105 (7).jpg,0.999999,1
0105 (8).jpg,test\REAL\0105 (8).jpg,1.0,1
0105 (9).jpg,test\REAL\0105 (9).jpg,1.0,1
0105.jpg,test\REAL\0105.jpg,0.3570844,0
0106 (10).jpg,test\REAL\0106 (10).jpg,0.9987792,1
0106 (2).jpg,test\REAL\0106 (2).jpg,1.0,1
0106 (3).jpg,test\REAL\0106 (3).jpg,1.0,1
0106 (4).jpg,test\REAL\0106 (4).jpg,0.99957293,1
0106 (5).jpg,test\REAL\0106 (5).jpg,0.9972714,1
0106 (6).jpg,test\REAL\0106 (6).jpg,0.99999976,1
0106 (7).jpg,test\REAL\0106 (7).jpg,1.0,1
0106 (8).jpg,test\REAL\0106 (8).jpg,1.0,1
0106 (9).jpg,test\REAL\0106 (9).jpg,0.9999999,1
0106.jpg,test\REAL\0106.jpg,1.0,1
0107 (10).jpg,test\REAL\0107 (10).jpg,1.0,1
0107 (2).jpg,test\REAL\0107 (2).jpg,1.0,1
0107 (3).jpg,test\REAL\0107 (3).jpg,0.99821913,1
0107 (4).jpg,test\REAL\0107 (4).jpg,0.9631673,1
0107 (5).jpg,test\REAL\0107 (5).jpg,0.3977757,0
0107 (6).jpg,test\REAL\0107 (6).jpg,1.0,1
0107 (7).jpg,test\REAL\0107 (7).jpg,1.0,1
0107 (8).jpg,test\REAL\0107 (8).jpg,0.99999976,1
0107 (9).jpg,test\REAL\0107 (9).jpg,0.9999906,1
0107.jpg,test\REAL\0107.jpg,1.0,1
0108 (10).jpg,test\REAL\0108 (10).jpg,1.0,1
0108 (2).jpg,test\REAL\0108 (2).jpg,0.009289712,0
0108 (3).jpg,test\REAL\0108 (3).jpg,0.9714383,1
0108 (4).jpg,test\REAL\0108 (4).jpg,0.063973874,0
0108 (5).jpg,test\REAL\0108 (5).jpg,1.0,1
0108 (6).jpg,test\REAL\0108 (6).jpg,0.99973375,1
0108 (7).jpg,test\REAL\0108 (7).jpg,0.98642886,1
0108 (8).jpg,test\REAL\0108 (8).jpg,0.9992181,1
0108 (9).jpg,test\REAL\0108 (9).jpg,0.23988,0
0108.jpg,test\REAL\0108.jpg,0.024984628,0
0109 (10).jpg,test\REAL\0109 (10).jpg,0.96499664,1
0109 (2).jpg,test\REAL\0109 (2).jpg,0.9999896,1
0109 (3).jpg,test\REAL\0109 (3).jpg,1.0,1
0109 (4).jpg,test\REAL\0109 (4).jpg,1.0,1
0109 (5).jpg,test\REAL\0109 (5).jpg,0.9999993,1
0109 (6).jpg,test\REAL\0109 (6).jpg,0.9996294,1
0109 (7).jpg,test\REAL\0109 (7).jpg,1.0,1
0109 (8).jpg,test\REAL\0109 (8).jpg,0.9999763,1
0109 (9).jpg,test\REAL\0109 (9).jpg,0.99999976,1
0109.jpg,test\REAL\0109.jpg,1.0,1
0110 (10).jpg,test\REAL\0110 (10).jpg,0.9580816,1
0110 (2).jpg,test\REAL\0110 (2).jpg,0.0021859705,0
0110 (3).jpg,test\REAL\0110 (3).jpg,0.2193417,0
0110 (4).jpg,test\REAL\0110 (4).jpg,1.0,1
0110 (5).jpg,test\REAL\0110 (5).jpg,0.9999968,1
0110 (6).jpg,test\REAL\0110 (6).jpg,0.76680773,1
0110 (7).jpg,test\REAL\0110 (7).jpg,1.0,1
0110 (8).jpg,test\REAL\0110 (8).jpg,1.0,1
0110 (9).jpg,test\REAL\0110 (9).jpg,1.0,1
0110.jpg,test\REAL\0110.jpg,0.3830214,0
0111 (10).jpg,test\REAL\0111 (10).jpg,0.99998033,1
0111 (2).jpg,test\REAL\0111 (2).jpg,0.999994,1
0111 (3).jpg,test\REAL\0111 (3).jpg,0.9999999,1
0111 (4).jpg,test\REAL\0111 (4).jpg,0.00016778708,0
0111 (5).jpg,test\REAL\0111 (5).jpg,0.9998123,1
0111 (6).jpg,test\REAL\0111 (6).jpg,1.0,1
0111 (7).jpg,test\REAL\0111 (7).jpg,0.6587145,1
0111 (8).jpg,test\REAL\0111 (8).jpg,1.0,1
0111 (9).jpg,test\REAL\0111 (9).jpg,0.99997246,1
0111.jpg,test\REAL\0111.jpg,0.4010444,0
0112 (10).jpg,test\REAL\0112 (10).jpg,1.0,1
0112 (2).jpg,test\REAL\0112 (2).jpg,0.9999932,1
0112 (3).jpg,test\REAL\0112 (3).jpg,0.00037413836,0
0112 (4).jpg,test\REAL\0112 (4).jpg,0.9999995,1
0112 (5).jpg,test\REAL\0112 (5).jpg,0.99999905,1
0112 (6).jpg,test\REAL\0112 (6).jpg,1.0,1
0112 (7).jpg,test\REAL\0112 (7).jpg,0.99973303,1
0112 (8).jpg,test\REAL\0112 (8).jpg,0.9989896,1
0112 (9).jpg,test\REAL\0112 (9).jpg,1.0,1
0112.jpg,test\REAL\0112.jpg,0.9999577,1
0113 (10).jpg,test\REAL\0113 (10).jpg,1.0,1
0113 (2).jpg,test\REAL\0113 (2).jpg,1.0,1
0113 (3).jpg,test\REAL\0113 (3).jpg,0.9999958,1
0113 (4).jpg,test\REAL\0113 (4).jpg,1.0,1
0113 (5).jpg,test\REAL\0113 (5).jpg,1.0,1
0113 (6).jpg,test\REAL\0113 (6).jpg,1.0,1
0113 (7).jpg,test\REAL\0113 (7).jpg,0.0,0
0113 (8).jpg,test\REAL\0113 (8).jpg,1.0,1
0113 (9).jpg,test\REAL\0113 (9).jpg,0.99971724,1
0113.jpg,test\REAL\0113.jpg,0.95671046,1
0114 (10).jpg,test\REAL\0114 (10).jpg,1.0,1
0114 (2).jpg,test\REAL\0114 (2).jpg,0.99999994,1
0114 (3).jpg,test\REAL\0114 (3).jpg,0.041799337,0
0114 (4).jpg,test\REAL\0114 (4).jpg,0.07709721,0
0114 (5).jpg,test\REAL\0114 (5).jpg,0.99999774,1
0114 (6).jpg,test\REAL\0114 (6).jpg,1.0,1
0114 (7).jpg,test\REAL\0114 (7).jpg,0.9999999,1
0114 (8).jpg,test\REAL\0114 (8).jpg,0.99624145,1
0114 (9).jpg,test\REAL\0114 (9).jpg,1.0,1
0114.jpg,test\REAL\0114.jpg,1.0,1
0115 (10).jpg,test\REAL\0115 (10).jpg,1.0,1
0115 (2).jpg,test\REAL\0115 (2).jpg,0.9693162,1
0115 (3).jpg,test\REAL\0115 (3).jpg,0.049229383,0
0115 (4).jpg,test\REAL\0115 (4).jpg,1.0,1
0115 (5).jpg,test\REAL\0115 (5).jpg,1.0,1
0115 (6).jpg,test\REAL\0115 (6).jpg,0.99956524,1
0115 (7).jpg,test\REAL\0115 (7).jpg,0.999999,1
0115 (8).jpg,test\REAL\0115 (8).jpg,1.0,1
0115 (9).jpg,test\REAL\0115 (9).jpg,0.9994899,1
0115.jpg,test\REAL\0115.jpg,0.99999946,1
0116 (10).jpg,test\REAL\0116 (10).jpg,0.9962127,1
0116 (2).jpg,test\REAL\0116 (2).jpg,0.998363,1
0116 (3).jpg,test\REAL\0116 (3).jpg,1.0,1
0116 (4).jpg,test\REAL\0116 (4).jpg,0.9997723,1
0116 (5).jpg,test\REAL\0116 (5).jpg,0.9999962,1
0116 (6).jpg,test\REAL\0116 (6).jpg,0.9999863,1
0116 (7).jpg,test\REAL\0116 (7).jpg,0.9999994,1
0116 (8).jpg,test\REAL\0116 (8).jpg,0.95771027,1
0116 (9).jpg,test\REAL\0116 (9).jpg,1.0,1
0116.jpg,test\REAL\0116.jpg,1.0,1
0117 (10).jpg,test\REAL\0117 (10).jpg,1.0,1
0117 (2).jpg,test\REAL\0117 (2).jpg,1.0,1
0117 (3).jpg,test\REAL\0117 (3).jpg,0.6704926,1
0117 (4).jpg,test\REAL\0117 (4).jpg,0.9999999,1
0117 (5).jpg,test\REAL\0117 (5).jpg,1.0,1
0117 (6).jpg,test\REAL\0117 (6).jpg,0.9999999,1
0117 (7).jpg,test\REAL\0117 (7).jpg,0.976813,1
0117 (8).jpg,test\REAL\0117 (8).jpg,0.9999119,1
0117 (9).jpg,test\REAL\0117 (9).jpg,1.0,1
0117.jpg,test\REAL\0117.jpg,0.99999064,1
0118 (10).jpg,test\REAL\0118 (10).jpg,1.0,1
0118 (2).jpg,test\REAL\0118 (2).jpg,1.0,1
0118 (3).jpg,test\REAL\0118 (3).jpg,0.023590565,0
0118 (4).jpg,test\REAL\0118 (4).jpg,0.9975455,1
0118 (5).jpg,test\REAL\0118 (5).jpg,1.0,1
0118 (6).jpg,test\REAL\0118 (6).jpg,1.0,1
0118 (7).jpg,test\REAL\0118 (7).jpg,1.0,1
0118 (8).jpg,test\REAL\0118 (8).jpg,1.0,1
0118 (9).jpg,test\REAL\0118 (9).jpg,0.9979706,1
0118.jpg,test\REAL\0118.jpg,1.0,1
0119 (10).jpg,test\REAL\0119 (10).jpg,1.0,1
0119 (2).jpg,test\REAL\0119 (2).jpg,1.0,1
0119 (3).jpg,test\REAL\0119 (3).jpg,0.99998826,1
0119 (4).jpg,test\REAL\0119 (4).jpg,1.0,1
0119 (5).jpg,test\REAL\0119 (5).jpg,1.4513731e-05,0
0119 (6).jpg,test\REAL\0119 (6).jpg,0.9566914,1
0119 (7).jpg,test\REAL\0119 (7).jpg,0.99999964,1
0119 (8).jpg,test\REAL\0119 (8).jpg,0.9998112,1
0119 (9).jpg,test\REAL\0119 (9).jpg,0.99669313,1
0119.jpg,test\REAL\0119.jpg,1.0,1
0120 (10).jpg,test\REAL\0120 (10).jpg,0.9999999,1
0120 (2).jpg,test\REAL\0120 (2).jpg,0.9999982,1
0120 (3).jpg,test\REAL\0120 (3).jpg,0.99992824,1
0120 (4).jpg,test\REAL\0120 (4).jpg,0.99999994,1
0120 (5).jpg,test\REAL\0120 (5).jpg,0.99786365,1
0120 (6).jpg,test\REAL\0120 (6).jpg,0.9995323,1
0120 (7).jpg,test\REAL\0120 (7).jpg,0.99983275,1
0120 (8).jpg,test\REAL\0120 (8).jpg,1.0,1
0120 (9).jpg,test\REAL\0120 (9).jpg,1.0,1
0120.jpg,test\REAL\0120.jpg,0.99733174,1
0121 (10).jpg,test\REAL\0121 (10).jpg,0.50920767,1
0121 (2).jpg,test\REAL\0121 (2).jpg,1.0,1
0121 (3).jpg,test\REAL\0121 (3).jpg,0.15765935,0
0121 (4).jpg,test\REAL\0121 (4).jpg,0.9999974,1
0121 (5).jpg,test\REAL\0121 (5).jpg,0.83322036,1
0121 (6).jpg,test\REAL\0121 (6).jpg,0.99999213,1
0121 (7).jpg,test\REAL\0121 (7).jpg,0.997985,1
0121 (8).jpg,test\REAL\0121 (8).jpg,0.6333606,1
0121 (9).jpg,test\REAL\0121 (9).jpg,0.9999713,1
0121.jpg,test\REAL\0121.jpg,0.9999999,1
0122 (10).jpg,test\REAL\0122 (10).jpg,0.99999976,1
0122 (2).jpg,test\REAL\0122 (2).jpg,0.99713033,1
0122 (3).jpg,test\REAL\0122 (3).jpg,0.99988246,1
0122 (4).jpg,test\REAL\0122 (4).jpg,1.0,1
0122 (5).jpg,test\REAL\0122 (5).jpg,0.9999999,1
0122 (6).jpg,test\REAL\0122 (6).jpg,0.1994887,0
0122 (7).jpg,test\REAL\0122 (7).jpg,0.95347506,1
0122 (8).jpg,test\REAL\0122 (8).jpg,0.0057429373,0
0122 (9).jpg,test\REAL\0122 (9).jpg,1.0,1
0122.jpg,test\REAL\0122.jpg,0.04753369,0
0123 (10).jpg,test\REAL\0123 (10).jpg,0.9959651,1
0123 (2).jpg,test\REAL\0123 (2).jpg,1.0,1
0123 (3).jpg,test\REAL\0123 (3).jpg,0.24265626,0
0123 (4).jpg,test\REAL\0123 (4).jpg,1.0,1
0123 (5).jpg,test\REAL\0123 (5).jpg,0.89209175,1
0123 (6).jpg,test\REAL\0123 (6).jpg,1.0,1
0123 (7).jpg,test\REAL\0123 (7).jpg,1.0,1
0123 (8).jpg,test\REAL\0123 (8).jpg,1.0,1
0123 (9).jpg,test\REAL\0123 (9).jpg,1.0,1
0123.jpg,test\REAL\0123.jpg,0.999787,1
0124 (10).jpg,test\REAL\0124 (10).jpg,1.0,1
0124 (2).jpg,test\REAL\0124 (2).jpg,0.9028534,1
0124 (3).jpg,test\REAL\0124 (3).jpg,0.9999504,1
0124 (4).jpg,test\REAL\0124 (4).jpg,0.9999984,1
0124 (5).jpg,test\REAL\0124 (5).jpg,1.0,1
0124 (6).jpg,test\REAL\0124 (6).jpg,0.99997926,1
0124 (7).jpg,test\REAL\0124 (7).jpg,1.0,1
0124 (8).jpg,test\REAL\0124 (8).jpg,0.9999993,1
0124 (9).jpg,test\REAL\0124 (9).jpg,0.99999994,1
0124.jpg,test\REAL\0124.jpg,1.0,1
0125 (10).jpg,test\REAL\0125 (10).jpg,0.056233317,0
0125 (2).jpg,test\REAL\0125 (2).jpg,0.037663132,0
0125 (3).jpg,test\REAL\0125 (3).jpg,1.0,1
0125 (4).jpg,test\REAL\0125 (4).jpg,0.99999374,1
0125 (5).jpg,test\REAL\0125 (5).jpg,0.99999976,1
0125 (6).jpg,test\REAL\0125 (6).jpg,0.99994975,1
0125 (7).jpg,test\REAL\0125 (7).jpg,0.9991033,1
0125 (8).jpg,test\REAL\0125 (8).jpg,0.9999989,1
0125 (9).jpg,test\REAL\0125 (9).jpg,1.0,1
0125.jpg,test\REAL\0125.jpg,1.0,1
0126 (10).jpg,test\REAL\0126 (10).jpg,0.9999986,1
0126 (2).jpg,test\REAL\0126 (2).jpg,1.0,1
0126 (3).jpg,test\REAL\0126 (3).jpg,0.044163615,0
0126 (4).jpg,test\REAL\0126 (4).jpg,0.9999456,1
0126 (5).jpg,test\REAL\0126 (5).jpg,1.0,1
0126 (6).jpg,test\REAL\0126 (6).jpg,0.9993646,1
0126 (7).jpg,test\REAL\0126 (7).jpg,1.0,1
0126 (8).jpg,test\REAL\0126 (8).jpg,1.0,1
0126 (9).jpg,test\REAL\0126 (9).jpg,1.0,1
0126.jpg,test\REAL\0126.jpg,0.9056593,1
0127 (10).jpg,test\REAL\0127 (10).jpg,1.0,1
0127 (2).jpg,test\REAL\0127 (2).jpg,1.0,1
0127 (3).jpg,test\REAL\0127 (3).jpg,1.0,1
0127 (4).jpg,test\REAL\0127 (4).jpg,0.99989915,1
0127 (5).jpg,test\REAL\0127 (5).jpg,0.99949634,1
0127 (6).jpg,test\REAL\0127 (6).jpg,1.0,1
0127 (7).jpg,test\REAL\0127 (7).jpg,1.0,1
0127 (8).jpg,test\REAL\0127 (8).jpg,1.0,1
0127 (9).jpg,test\REAL\0127 (9).jpg,1.0,1
0127.jpg,test\REAL\0127.jpg,0.9992862,1
0128 (10).jpg,test\REAL\0128 (10).jpg,1.0,1
0128 (2).jpg,test\REAL\0128 (2).jpg,1.0,1
0128 (3).jpg,test\REAL\0128 (3).jpg,1.0,1
0128 (4).jpg,test\REAL\0128 (4).jpg,0.99996316,1
0128 (5).jpg,test\REAL\0128 (5).jpg,1.0,1
0128 (6).jpg,test\REAL\0128 (6).jpg,0.9892292,1
0128 (7).jpg,test\REAL\0128 (7).jpg,0.063494176,0
0128 (8).jpg,test\REAL\0128 (8).jpg,1.0,1
0128 (9).jpg,test\REAL\0128 (9).jpg,1.0,1
0128.jpg,test\REAL\0128.jpg,1.0,1
0129 (10).jpg,test\REAL\0129 (10).jpg,0.0004451573,0
0129 (2).jpg,test\REAL\0129 (2).jpg,1.0,1
0129 (3).jpg,test\REAL\0129 (3).jpg,0.99846756,1
0129 (4).jpg,test\REAL\0129 (4).jpg,1.0,1
0129 (5).jpg,test\REAL\0129 (5).jpg,0.8238733,1
0129 (6).jpg,test\REAL\0129 (6).jpg,0.9998786,1
0129 (7).jpg,test\REAL\0129 (7).jpg,0.997648,1
0129 (8).jpg,test\REAL\0129 (8).jpg,1.0,1
0129 (9).jpg,test\REAL\0129 (9).jpg,1.0,1
0129.jpg,test\REAL\0129.jpg,1.0,1
0130 (10).jpg,test\REAL\0130 (10).jpg,1.0,1
0130 (2).jpg,test\REAL\0130 (2).jpg,1.0,1
0130 (3).jpg,test\REAL\0130 (3).jpg,1.0,1
0130 (4).jpg,test\REAL\0130 (4).jpg,0.99885225,1
0130 (5).jpg,test\REAL\0130 (5).jpg,0.99998456,1
0130 (6).jpg,test\REAL\0130 (6).jpg,0.99999994,1
0130 (7).jpg,test\REAL\0130 (7).jpg,0.9999969,1
0130 (8).jpg,test\REAL\0130 (8).jpg,0.9997928,1
0130 (9).jpg,test\REAL\0130 (9).jpg,1.0,1
0130.jpg,test\REAL\0130.jpg,1.0,1
0131 (10).jpg,test\REAL\0131 (10).jpg,1.0,1
0131 (2).jpg,test\REAL\0131 (2).jpg,8.940697e-08,0
0131 (3).jpg,test\REAL\0131 (3).jpg,0.9998455,1
0131 (4).jpg,test\REAL\0131 (4).jpg,0.9999999,1
0131 (5).jpg,test\REAL\0131 (5).jpg,1.0,1
0131 (6).jpg,test\REAL\0131 (6).jpg,0.99999964,1
0131 (7).jpg,test\REAL\0131 (7).jpg,0.99990207,1
0131 (8).jpg,test\REAL\0131 (8).jpg,1.0,1
0131 (9).jpg,test\REAL\0131 (9).jpg,0.9097284,1
0131.jpg,test\REAL\0131.jpg,0.99992573,1
0132 (10).jpg,test\REAL\0132 (10).jpg,0.9999998,1
0132 (2).jpg,test\REAL\0132 (2).jpg,0.9999931,1
0132 (3).jpg,test\REAL\0132 (3).jpg,1.0,1
0132 (4).jpg,test\REAL\0132 (4).jpg,0.999738,1
0132 (5).jpg,test\REAL\0132 (5).jpg,1.0,1
0132 (6).jpg,test\REAL\0132 (6).jpg,1.0,1
0132 (7).jpg,test\REAL\0132 (7).jpg,1.0,1
0132 (8).jpg,test\REAL\0132 (8).jpg,0.9990281,1
0132 (9).jpg,test\REAL\0132 (9).jpg,0.9997041,1
0132.jpg,test\REAL\0132.jpg,1.0,1
0133 (10).jpg,test\REAL\0133 (10).jpg,1.0,1
0133 (2).jpg,test\REAL\0133 (2).jpg,0.99999654,1
0133 (3).jpg,test\REAL\0133 (3).jpg,1.0,1
0133 (4).jpg,test\REAL\0133 (4).jpg,0.6484716,1
0133 (5).jpg,test\REAL\0133 (5).jpg,0.99999976,1
0133 (6).jpg,test\REAL\0133 (6).jpg,0.99999666,1
0133 (7).jpg,test\REAL\0133 (7).jpg,0.92847264,1
0133 (8).jpg,test\REAL\0133 (8).jpg,1.0,1
0133 (9).jpg,test\REAL\0133 (9).jpg,1.0,1
0133.jpg,test\REAL\0133.jpg,0.99999636,1
0134 (10).jpg,test\REAL\0134 (10).jpg,0.8207798,1
0134 (2).jpg,test\REAL\0134 (2).jpg,0.9996983,1
0134 (3).jpg,test\REAL\0134 (3).jpg,0.962942,1
0134 (4).jpg,test\REAL\0134 (4).jpg,0.9999839,1
0134 (5).jpg,test\REAL\0134 (5).jpg,0.99999976,1
0134 (6).jpg,test\REAL\0134 (6).jpg,0.9999104,1
0134 (7).jpg,test\REAL\0134 (7).jpg,1.0,1
0134 (8).jpg,test\REAL\0134 (8).jpg,0.9289832,1
0134 (9).jpg,test\REAL\0134 (9).jpg,0.96803737,1
0134.jpg,test\REAL\0134.jpg,1.0,1
0135 (10).jpg,test\REAL\0135 (10).jpg,0.00018110871,0
0135 (2).jpg,test\REAL\0135 (2).jpg,1.0,1
0135 (3).jpg,test\REAL\0135 (3).jpg,0.012582302,0
0135 (4).jpg,test\REAL\0135 (4).jpg,0.9999988,1
0135 (5).jpg,test\REAL\0135 (5).jpg,0.99999964,1
0135 (6).jpg,test\REAL\0135 (6).jpg,0.9987674,1
0135 (7).jpg,test\REAL\0135 (7).jpg,1.0,1
0135 (8).jpg,test\REAL\0135 (8).jpg,0.99994826,1
0135 (9).jpg,test\REAL\0135 (9).jpg,0.9999999,1
0135.jpg,test\REAL\0135.jpg,0.019909084,0
0136 (10).jpg,test\REAL\0136 (10).jpg,0.9581358,1
0136 (2).jpg,test\REAL\0136 (2).jpg,0.9705963,1
0136 (3).jpg,test\REAL\0136 (3).jpg,1.0,1
0136 (4).jpg,test\REAL\0136 (4).jpg,0.999989,1
0136 (5).jpg,test\REAL\0136 (5).jpg,0.632568,1
0136 (6).jpg,test\REAL\0136 (6).jpg,0.9999982,1
0136 (7).jpg,test\REAL\0136 (7).jpg,0.9999891,1
0136 (8).jpg,test\REAL\0136 (8).jpg,0.9999695,1
0136 (9).jpg,test\REAL\0136 (9).jpg,0.9999802,1
0136.jpg,test\REAL\0136.jpg,1.0,1
0137 (10).jpg,test\REAL\0137 (10).jpg,1.0,1
0137 (2).jpg,test\REAL\0137 (2).jpg,0.9951833,1
0137 (3).jpg,test\REAL\0137 (3).jpg,1.0,1
0137 (4).jpg,test\REAL\0137 (4).jpg,0.16140622,0
0137 (5).jpg,test\REAL\0137 (5).jpg,1.0,1
0137 (6).jpg,test\REAL\0137 (6).jpg,1.0,1
0137 (7).jpg,test\REAL\0137 (7).jpg,0.99999994,1
0137 (8).jpg,test\REAL\0137 (8).jpg,1.0,1
0137 (9).jpg,test\REAL\0137 (9).jpg,0.9001849,1
0137.jpg,test\REAL\0137.jpg,0.99997044,1
0138 (10).jpg,test\REAL\0138 (10).jpg,1.0,1
0138 (2).jpg,test\REAL\0138 (2).jpg,0.99998903,1
0138 (3).jpg,test\REAL\0138 (3).jpg,0.99997675,1
0138 (4).jpg,test\REAL\0138 (4).jpg,1.0,1
0138 (5).jpg,test\REAL\0138 (5).jpg,1.0,1
0138 (6).jpg,test\REAL\0138 (6).jpg,0.999998,1
0138 (7).jpg,test\REAL\0138 (7).jpg,0.99999905,1
0138 (8).jpg,test\REAL\0138 (8).jpg,1.0,1
0138 (9).jpg,test\REAL\0138 (9).jpg,0.092971265,0
0138.jpg,test\REAL\0138.jpg,5.662441e-07,0
0139 (10).jpg,test\REAL\0139 (10).jpg,0.14485648,0
0139 (2).jpg,test\REAL\0139 (2).jpg,0.98593414,1
0139 (3).jpg,test\REAL\0139 (3).jpg,0.05001098,0
0139 (4).jpg,test\REAL\0139 (4).jpg,1.0,1
0139 (5).jpg,test\REAL\0139 (5).jpg,1.0,1
0139 (6).jpg,test\REAL\0139 (6).jpg,0.23446473,0
0139 (7).jpg,test\REAL\0139 (7).jpg,1.0,1
0139 (8).jpg,test\REAL\0139 (8).jpg,0.9742884,1
0139 (9).jpg,test\REAL\0139 (9).jpg,1.0,1
0139.jpg,test\REAL\0139.jpg,0.999609,1
0140 (10).jpg,test\REAL\0140 (10).jpg,1.0,1
0140 (2).jpg,test\REAL\0140 (2).jpg,0.9999999,1
0140 (3).jpg,test\REAL\0140 (3).jpg,0.03867218,0
0140 (4).jpg,test\REAL\0140 (4).jpg,1.0,1
0140 (5).jpg,test\REAL\0140 (5).jpg,1.0,1
0140 (6).jpg,test\REAL\0140 (6).jpg,1.0,1
0140 (7).jpg,test\REAL\0140 (7).jpg,1.0,1
0140 (8).jpg,test\REAL\0140 (8).jpg,1.0,1
0140 (9).jpg,test\REAL\0140 (9).jpg,0.55637264,1
0140.jpg,test\REAL\0140.jpg,0.93728554,1
0141 (10).jpg,test\REAL\0141 (10).jpg,1.0,1
0141 (2).jpg,test\REAL\0141 (2).jpg,1.0,1
0141 (3).jpg,test\REAL\0141 (3).jpg,0.9996449,1
0141 (4).jpg,test\REAL\0141 (4).jpg,0.9994653,1
0141 (5).jpg,test\REAL\0141 (5).jpg,1.0,1
0141 (6).jpg,test\REAL\0141 (6).jpg,0.9996142,1
0141 (7).jpg,test\REAL\0141 (7).jpg,0.6840513,1
0141 (8).jpg,test\REAL\0141 (8).jpg,1.0,1
0141 (9).jpg,test\REAL\0141 (9).jpg,0.98203766,1
0141.jpg,test\REAL\0141.jpg,0.07814813,0
0142 (10).jpg,test\REAL\0142 (10).jpg,0.9999978,1
0142 (2).jpg,test\REAL\0142 (2).jpg,1.0,1
0142 (3).jpg,test\REAL\0142 (3).jpg,0.9999963,1
0142 (4).jpg,test\REAL\0142 (4).jpg,0.9994853,1
0142 (5).jpg,test\REAL\0142 (5).jpg,0.99980414,1
0142 (6).jpg,test\REAL\0142 (6).jpg,1.0,1
0142 (7).jpg,test\REAL\0142 (7).jpg,0.9675645,1
0142 (8).jpg,test\REAL\0142 (8).jpg,0.9999861,1
0142 (9).jpg,test\REAL\0142 (9).jpg,0.99721193,1
0142.jpg,test\REAL\0142.jpg,1.0,1
0143 (10).jpg,test\REAL\0143 (10).jpg,0.9999999,1
0143 (2).jpg,test\REAL\0143 (2).jpg,1.0,1
0143 (3).jpg,test\REAL\0143 (3).jpg,1.0,1
0143 (4).jpg,test\REAL\0143 (4).jpg,0.93917066,1
0143 (5).jpg,test\REAL\0143 (5).jpg,0.9999995,1
0143 (6).jpg,test\REAL\0143 (6).jpg,0.95764697,1
0143 (7).jpg,test\REAL\0143 (7).jpg,0.99957544,1
0143 (8).jpg,test\REAL\0143 (8).jpg,0.999969,1
0143 (9).jpg,test\REAL\0143 (9).jpg,0.9949414,1
0143.jpg,test\REAL\0143.jpg,1.0,1
0144 (10).jpg,test\REAL\0144 (10).jpg,1.0,1
0144 (2).jpg,test\REAL\0144 (2).jpg,1.0,1
0144 (3).jpg,test\REAL\0144 (3).jpg,1.0,1
0144 (4).jpg,test\REAL\0144 (4).jpg,0.0073560774,0
0144 (5).jpg,test\REAL\0144 (5).jpg,0.64586616,1
0144 (6).jpg,test\REAL\0144 (6).jpg,1.0,1
0144 (7).jpg,test\REAL\0144 (7).jpg,0.9999847,1
0144 (8).jpg,test\REAL\0144 (8).jpg,0.87362295,1
0144 (9).jpg,test\REAL\0144 (9).jpg,1.0,1
0144.jpg,test\REAL\0144.jpg,0.9999994,1
0145 (10).jpg,test\REAL\0145 (10).jpg,0.102680236,0
0145 (2).jpg,test\REAL\0145 (2).jpg,1.0,1
0145 (3).jpg,test\REAL\0145 (3).jpg,1.0,1
0145 (4).jpg,test\REAL\0145 (4).jpg,0.9998441,1
0145 (5).jpg,test\REAL\0145 (5).jpg,1.0,1
0145 (6).jpg,test\REAL\0145 (6).jpg,0.9998274,1
0145 (7).jpg,test\REAL\0145 (7).jpg,0.99910474,1
0145 (8).jpg,test\REAL\0145 (8).jpg,1.0,1
0145 (9).jpg,test\REAL\0145 (9).jpg,0.9952303,1
0145.jpg,test\REAL\0145.jpg,1.0,1
0146 (10).jpg,test\REAL\0146 (10).jpg,1.0,1
0146 (2).jpg,test\REAL\0146 (2).jpg,1.0,1
0146 (3).jpg,test\REAL\0146 (3).jpg,0.97853154,1
0146 (4).jpg,test\REAL\0146 (4).jpg,0.99877644,1
0146 (5).jpg,test\REAL\0146 (5).jpg,0.997332,1
0146 (6).jpg,test\REAL\0146 (6).jpg,1.0,1
0146 (7).jpg,test\REAL\0146 (7).jpg,0.99999315,1
0146 (8).jpg,test\REAL\0146 (8).jpg,1.0,1
0146 (9).jpg,test\REAL\0146 (9).jpg,0.3638971,0
0146.jpg,test\REAL\0146.jpg,1.0,1
0147 (10).jpg,test\REAL\0147 (10).jpg,0.001075238,0
0147 (2).jpg,test\REAL\0147 (2).jpg,0.26983902,0
0147 (3).jpg,test\REAL\0147 (3).jpg,0.45939937,0
0147 (4).jpg,test\REAL\0147 (4).jpg,0.648834,1
0147 (5).jpg,test\REAL\0147 (5).jpg,0.8286427,1
0147 (6).jpg,test\REAL\0147 (6).jpg,0.9893396,1
0147 (7).jpg,test\REAL\0147 (7).jpg,0.9707848,1
0147 (8).jpg,test\REAL\0147 (8).jpg,0.9997931,1
0147 (9).jpg,test\REAL\0147 (9).jpg,1.0,1
0147.jpg,test\REAL\0147.jpg,0.9990437,1
0148 (10).jpg,test\REAL\0148 (10).jpg,1.0,1
0148 (2).jpg,test\REAL\0148 (2).jpg,0.96009123,1
0148 (3).jpg,test\REAL\0148 (3).jpg,0.9368024,1
0148 (4).jpg,test\REAL\0148 (4).jpg,0.9995991,1
0148 (5).jpg,test\REAL\0148 (5).jpg,0.99839336,1
0148 (6).jpg,test\REAL\0148 (6).jpg,1.0,1
0148 (7).jpg,test\REAL\0148 (7).jpg,1.0,1
0148 (8).jpg,test\REAL\0148 (8).jpg,1.0,1
0148 (9).jpg,test\REAL\0148 (9).jpg,1.0,1
0148.jpg,test\REAL\0148.jpg,0.99904317,1
0149 (10).jpg,test\REAL\0149 (10).jpg,0.9999999,1
0149 (2).jpg,test\REAL\0149 (2).jpg,1.0,1
0149 (3).jpg,test\REAL\0149 (3).jpg,0.48593393,0
0149 (4).jpg,test\REAL\0149 (4).jpg,1.0,1
0149 (5).jpg,test\REAL\0149 (5).jpg,0.99996877,1
0149 (6).jpg,test\REAL\0149 (6).jpg,1.0,1
0149 (7).jpg,test\REAL\0149 (7).jpg,0.05815369,0
0149 (8).jpg,test\REAL\0149 (8).jpg,0.82112014,1
0149 (9).jpg,test\REAL\0149 (9).jpg,1.0,1
0149.jpg,test\REAL\0149.jpg,0.9463022,1
0150 (10).jpg,test\REAL\0150 (10).jpg,0.84721637,1
0150 (2).jpg,test\REAL\0150 (2).jpg,1.0,1
0150 (3).jpg,test\REAL\0150 (3).jpg,0.99999416,1
0150 (4).jpg,test\REAL\0150 (4).jpg,0.99999475,1
0150 (5).jpg,test\REAL\0150 (5).jpg,0.99997747,1
0150 (6).jpg,test\REAL\0150 (6).jpg,1.0,1
0150 (7).jpg,test\REAL\0150 (7).jpg,0.97326255,1
0150 (8).jpg,test\REAL\0150 (8).jpg,0.93397677,1
0150 (9).jpg,test\REAL\0150 (9).jpg,0.68032604,1
0150.jpg,test\REAL\0150.jpg,0.9820676,1
0151 (10).jpg,test\REAL\0151 (10).jpg,0.99999404,1
0151 (2).jpg,test\REAL\0151 (2).jpg,1.0,1
0151 (3).jpg,test\REAL\0151 (3).jpg,1.0,1
0151 (4).jpg,test\REAL\0151 (4).jpg,1.0,1
0151 (5).jpg,test\REAL\0151 (5).jpg,0.9626618,1
0151 (6).jpg,test\REAL\0151 (6).jpg,0.99999994,1
0151 (7).jpg,test\REAL\0151 (7).jpg,1.0,1
0151 (8).jpg,test\REAL\0151 (8).jpg,1.0,1
0151 (9).jpg,test\REAL\0151 (9).jpg,0.7963263,1
0151.jpg,test\REAL\0151.jpg,0.9969931,1
0152 (10).jpg,test\REAL\0152 (10).jpg,1.0,1
0152 (2).jpg,test\REAL\0152 (2).jpg,0.00087219477,0
0152 (3).jpg,test\REAL\0152 (3).jpg,0.34647453,0
0152 (4).jpg,test\REAL\0152 (4).jpg,1.0,1
0152 (5).jpg,test\REAL\0152 (5).jpg,0.97240865,1
0152 (6).jpg,test\REAL\0152 (6).jpg,0.9999994,1
0152 (7).jpg,test\REAL\0152 (7).jpg,0.59291166,1
0152 (8).jpg,test\REAL\0152 (8).jpg,0.31554145,0
0152 (9).jpg,test\REAL\0152 (9).jpg,0.9999207,1
0152.jpg,test\REAL\0152.jpg,0.010888904,0
0153 (10).jpg,test\REAL\0153 (10).jpg,1.0,1
0153 (2).jpg,test\REAL\0153 (2).jpg,1.0,1
0153 (3).jpg,test\REAL\0153 (3).jpg,0.9999987,1
0153 (4).jpg,test\REAL\0153 (4).jpg,1.0,1
0153 (5).jpg,test\REAL\0153 (5).jpg,0.0043900907,0
0153 (6).jpg,test\REAL\0153 (6).jpg,0.99999976,1
0153 (7).jpg,test\REAL\0153 (7).jpg,1.0,1
0153 (8).jpg,test\REAL\0153 (8).jpg,1.0,1
0153 (9).jpg,test\REAL\0153 (9).jpg,0.99569154,1
0153.jpg,test\REAL\0153.jpg,1.0,1
0154 (10).jpg,test\REAL\0154 (10).jpg,1.0,1
0154 (2).jpg,test\REAL\0154 (2).jpg,0.010872424,0
0154 (3).jpg,test\REAL\0154 (3).jpg,0.02236253,0
0154 (4).jpg,test\REAL\0154 (4).jpg,1.0,1
0154 (5).jpg,test\REAL\0154 (5).jpg,1.0,1
0154 (6).jpg,test\REAL\0154 (6).jpg,1.0,1
0154 (7).jpg,test\REAL\0154 (7).jpg,0.9995135,1
0154 (8).jpg,test\REAL\0154 (8).jpg,0.99984694,1
0154 (9).jpg,test\REAL\0154 (9).jpg,1.0,1
0154.jpg,test\REAL\0154.jpg,0.74155515,1
0155 (10).jpg,test\REAL\0155 (10).jpg,0.9999999,1
0155 (2).jpg,test\REAL\0155 (2).jpg,1.0,1
0155 (3).jpg,test\REAL\0155 (3).jpg,0.9997789,1
0155 (4).jpg,test\REAL\0155 (4).jpg,0.59617174,1
0155 (5).jpg,test\REAL\0155 (5).jpg,1.0,1
0155 (6).jpg,test\REAL\0155 (6).jpg,1.0,1
0155 (7).jpg,test\REAL\0155 (7).jpg,0.84329665,1
0155 (8).jpg,test\REAL\0155 (8).jpg,0.99693537,1
0155 (9).jpg,test\REAL\0155 (9).jpg,0.99999905,1
0155.jpg,test\REAL\0155.jpg,0.9098561,1
0156 (10).jpg,test\REAL\0156 (10).jpg,1.0,1
0156 (2).jpg,test\REAL\0156 (2).jpg,1.0,1
0156 (3).jpg,test\REAL\0156 (3).jpg,1.0,1
0156 (4).jpg,test\REAL\0156 (4).jpg,0.855762,1
0156 (5).jpg,test\REAL\0156 (5).jpg,1.0,1
0156 (6).jpg,test\REAL\0156 (6).jpg,0.9998996,1
0156 (7).jpg,test\REAL\0156 (7).jpg,1.0,1
0156 (8).jpg,test\REAL\0156 (8).jpg,1.0,1
0156 (9).jpg,test\REAL\0156 (9).jpg,1.0,1
0156.jpg,test\REAL\0156.jpg,1.0,1
0157 (10).jpg,test\REAL\0157 (10).jpg,1.0,1
0157 (2).jpg,test\REAL\0157 (2).jpg,0.084919214,0
0157 (3).jpg,test\REAL\0157 (3).jpg,0.21634698,0
0157 (4).jpg,test\REAL\0157 (4).jpg,1.0,1
0157 (5).jpg,test\REAL\0157 (5).jpg,1.0,1
0157 (6).jpg,test\REAL\0157 (6).jpg,1.0,1
0157 (7).jpg,test\REAL\0157 (7).jpg,1.0,1
0157 (8).jpg,test\REAL\0157 (8).jpg,0.9998717,1
0157 (9).jpg,test\REAL\0157 (9).jpg,0.38967043,0
0157.jpg,test\REAL\0157.jpg,1.0,1
0158 (10).jpg,test\REAL\0158 (10).jpg,1.0,1
0158 (2).jpg,test\REAL\0158 (2).jpg,1.0,1
0158 (3).jpg,test\REAL\0158 (3).jpg,1.0,1
0158 (4).jpg,test\REAL\0158 (4).jpg,1.0,1
0158 (5).jpg,test\REAL\0158 (5).jpg,1.0,1
0158 (6).jpg,test\REAL\0158 (6).jpg,1.0,1
0158 (7).jpg,test\REAL\0158 (7).jpg,0.9999993,1
0158 (8).jpg,test\REAL\0158 (8).jpg,0.9999964,1
0158 (9).jpg,test\REAL\0158 (9).jpg,1.0,1
0158.jpg,test\REAL\0158.jpg,0.9967072,1
0159 (10).jpg,test\REAL\0159 (10).jpg,1.0,1
0159 (2).jpg,test\REAL\0159 (2).jpg,1.0,1
0159 (3).jpg,test\REAL\0159 (3).jpg,0.9999964,1
0159 (4).jpg,test\REAL\0159 (4).jpg,1.0,1
0159 (5).jpg,test\REAL\0159 (5).jpg,0.99999976,1
0159 (6).jpg,test\REAL\0159 (6).jpg,1.0,1
0159 (7).jpg,test\REAL\0159 (7).jpg,0.99999976,1
0159 (8).jpg,test\REAL\0159 (8).jpg,1.0,1
0159 (9).jpg,test\REAL\0159 (9).jpg,0.9984622,1
0159.jpg,test\REAL\0159.jpg,1.0,1
0160 (10).jpg,test\REAL\0160 (10).jpg,0.9999937,1
0160 (2).jpg,test\REAL\0160 (2).jpg,0.91479826,1
0160 (3).jpg,test\REAL\0160 (3).jpg,1.0,1
0160 (4).jpg,test\REAL\0160 (4).jpg,0.99999857,1
0160 (5).jpg,test\REAL\0160 (5).jpg,1.0,1
0160 (6).jpg,test\REAL\0160 (6).jpg,0.99996406,1
0160 (7).jpg,test\REAL\0160 (7).jpg,1.0,1
0160 (8).jpg,test\REAL\0160 (8).jpg,1.0,1
0160 (9).jpg,test\REAL\0160 (9).jpg,0.13235009,0
0160.jpg,test\REAL\0160.jpg,1.0,1
0161 (10).jpg,test\REAL\0161 (10).jpg,1.0,1
0161 (2).jpg,test\REAL\0161 (2).jpg,1.0,1
0161 (3).jpg,test\REAL\0161 (3).jpg,0.5007215,1
0161 (4).jpg,test\REAL\0161 (4).jpg,1.0,1
0161 (5).jpg,test\REAL\0161 (5).jpg,0.9930001,1
0161 (6).jpg,test\REAL\0161 (6).jpg,0.993607,1
0161 (7).jpg,test\REAL\0161 (7).jpg,1.0,1
0161 (8).jpg,test\REAL\0161 (8).jpg,0.9999777,1
0161 (9).jpg,test\REAL\0161 (9).jpg,0.99993,1
0161.jpg,test\REAL\0161.jpg,0.23256171,0
0162 (10).jpg,test\REAL\0162 (10).jpg,1.0,1
0162 (2).jpg,test\REAL\0162 (2).jpg,1.0,1
0162 (3).jpg,test\REAL\0162 (3).jpg,0.88437724,1
0162 (4).jpg,test\REAL\0162 (4).jpg,0.120783836,0
0162 (5).jpg,test\REAL\0162 (5).jpg,1.0,1
0162 (6).jpg,test\REAL\0162 (6).jpg,1.0,1
0162 (7).jpg,test\REAL\0162 (7).jpg,0.99999547,1
0162 (8).jpg,test\REAL\0162 (8).jpg,1.0,1
0162 (9).jpg,test\REAL\0162 (9).jpg,1.0,1
0162.jpg,test\REAL\0162.jpg,1.0,1
0163 (10).jpg,test\REAL\0163 (10).jpg,0.99999857,1
0163 (2).jpg,test\REAL\0163 (2).jpg,1.0,1
0163 (3).jpg,test\REAL\0163 (3).jpg,0.4330965,0
0163 (4).jpg,test\REAL\0163 (4).jpg,0.99471027,1
0163 (5).jpg,test\REAL\0163 (5).jpg,0.99999964,1
0163 (6).jpg,test\REAL\0163 (6).jpg,0.012477368,0
0163 (7).jpg,test\REAL\0163 (7).jpg,1.0,1
0163 (8).jpg,test\REAL\0163 (8).jpg,0.87334895,1
0163 (9).jpg,test\REAL\0163 (9).jpg,0.9998573,1
0163.jpg,test\REAL\0163.jpg,0.99968106,1
0164 (10).jpg,test\REAL\0164 (10).jpg,1.0,1
0164 (2).jpg,test\REAL\0164 (2).jpg,0.0,0
0164 (3).jpg,test\REAL\0164 (3).jpg,1.0,1
0164 (4).jpg,test\REAL\0164 (4).jpg,0.0047287643,0
0164 (5).jpg,test\REAL\0164 (5).jpg,0.99991983,1
0164 (6).jpg,test\REAL\0164 (6).jpg,1.0,1
0164 (7).jpg,test\REAL\0164 (7).jpg,1.0,1
0164 (8).jpg,test\REAL\0164 (8).jpg,0.9997058,1
0164 (9).jpg,test\REAL\0164 (9).jpg,0.9575442,1
0164.jpg,test\REAL\0164.jpg,0.9994713,1
0165 (10).jpg,test\REAL\0165 (10).jpg,0.17621586,0
0165 (2).jpg,test\REAL\0165 (2).jpg,0.056222677,0
0165 (3).jpg,test\REAL\0165 (3).jpg,0.83712727,1
0165 (4).jpg,test\REAL\0165 (4).jpg,1.0,1
0165 (5).jpg,test\REAL\0165 (5).jpg,0.9999672,1
0165 (6).jpg,test\REAL\0165 (6).jpg,0.9616701,1
0165 (7).jpg,test\REAL\0165 (7).jpg,1.0,1
0165 (8).jpg,test\REAL\0165 (8).jpg,1.0,1
0165 (9).jpg,test\REAL\0165 (9).jpg,0.00044476986,0
0165.jpg,test\REAL\0165.jpg,0.98708105,1
0166 (10).jpg,test\REAL\0166 (10).jpg,0.99997336,1
0166 (2).jpg,test\REAL\0166 (2).jpg,1.0,1
0166 (3).jpg,test\REAL\0166 (3).jpg,1.0,1
0166 (4).jpg,test\REAL\0166 (4).jpg,0.9997871,1
0166 (5).jpg,test\REAL\0166 (5).jpg,1.0,1
0166 (6).jpg,test\REAL\0166 (6).jpg,1.0,1
0166 (7).jpg,test\REAL\0166 (7).jpg,1.0,1
0166 (8).jpg,test\REAL\0166 (8).jpg,0.8474387,1
0166 (9).jpg,test\REAL\0166 (9).jpg,0.73022205,1
0166.jpg,test\REAL\0166.jpg,0.9948987,1
0167 (10).jpg,test\REAL\0167 (10).jpg,1.0,1
0167 (2).jpg,test\REAL\0167 (2).jpg,0.96838015,1
0167 (3).jpg,test\REAL\0167 (3).jpg,0.17989996,0
0167 (4).jpg,test\REAL\0167 (4).jpg,1.0,1
0167 (5).jpg,test\REAL\0167 (5).jpg,1.0,1
0167 (6).jpg,test\REAL\0167 (6).jpg,1.0,1
0167 (7).jpg,test\REAL\0167 (7).jpg,0.99933743,1
0167 (8).jpg,test\REAL\0167 (8).jpg,0.9999669,1
0167 (9).jpg,test\REAL\0167 (9).jpg,0.9629631,1
0167.jpg,test\REAL\0167.jpg,0.9994878,1
0168 (10).jpg,test\REAL\0168 (10).jpg,0.00036722422,0
0168 (2).jpg,test\REAL\0168 (2).jpg,0.99999994,1
0168 (3).jpg,test\REAL\0168 (3).jpg,0.99999845,1
0168 (4).jpg,test\REAL\0168 (4).jpg,0.0007340014,0
0168 (5).jpg,test\REAL\0168 (5).jpg,0.31190684,0
0168 (6).jpg,test\REAL\0168 (6).jpg,0.99999833,1
0168 (7).jpg,test\REAL\0168 (7).jpg,0.9998425,1
0168 (8).jpg,test\REAL\0168 (8).jpg,1.0,1
0168 (9).jpg,test\REAL\0168 (9).jpg,0.99988866,1
0168.jpg,test\REAL\0168.jpg,0.99991316,1
0169 (10).jpg,test\REAL\0169 (10).jpg,0.99894583,1
0169 (2).jpg,test\REAL\0169 (2).jpg,1.0,1
0169 (3).jpg,test\REAL\0169 (3).jpg,1.0,1
0169 (4).jpg,test\REAL\0169 (4).jpg,1.0,1
0169 (5).jpg,test\REAL\0169 (5).jpg,1.0,1
0169 (6).jpg,test\REAL\0169 (6).jpg,0.9997978,1
0169 (7).jpg,test\REAL\0169 (7).jpg,1.0,1
0169 (8).jpg,test\REAL\0169 (8).jpg,0.13017493,0
0169 (9).jpg,test\REAL\0169 (9).jpg,0.23725441,0
0169.jpg,test\REAL\0169.jpg,0.99999404,1
0170 (10).jpg,test\REAL\0170 (10).jpg,1.0,1
0170 (2).jpg,test\REAL\0170 (2).jpg,0.9998549,1
0170 (3).jpg,test\REAL\0170 (3).jpg,1.0,1
0170 (4).jpg,test\REAL\0170 (4).jpg,1.0,1
0170 (5).jpg,test\REAL\0170 (5).jpg,1.0,1
0170 (6).jpg,test\REAL\0170 (6).jpg,1.0,1
0170 (7).jpg,test\REAL\0170 (7).jpg,0.9998573,1
0170 (8).jpg,test\REAL\0170 (8).jpg,0.007745117,0
0170 (9).jpg,test\REAL\0170 (9).jpg,1.0,1
0170.jpg,test\REAL\0170.jpg,0.8237777,1
0171 (10).jpg,test\REAL\0171 (10).jpg,1.0,1
0171 (2).jpg,test\REAL\0171 (2).jpg,0.9916566,1
0171 (3).jpg,test\REAL\0171 (3).jpg,1.0,1
0171 (4).jpg,test\REAL\0171 (4).jpg,0.9999945,1
0171 (5).jpg,test\REAL\0171 (5).jpg,0.9994726,1
0171 (6).jpg,test\REAL\0171 (6).jpg,0.99999833,1
0171 (7).jpg,test\REAL\0171 (7).jpg,0.76686114,1
0171 (8).jpg,test\REAL\0171 (8).jpg,0.9452189,1
0171 (9).jpg,test\REAL\0171 (9).jpg,0.9953268,1
0171.jpg,test\REAL\0171.jpg,0.61864823,1
0172 (10).jpg,test\REAL\0172 (10).jpg,1.0,1
0172 (2).jpg,test\REAL\0172 (2).jpg,1.0,1
0172 (3).jpg,test\REAL\0172 (3).jpg,0.9999989,1
0172 (4).jpg,test\REAL\0172 (4).jpg,1.0,1
0172 (5).jpg,test\REAL\0172 (5).jpg,0.9999726,1
0172 (6).jpg,test\REAL\0172 (6).jpg,0.9999995,1
0172 (7).jpg,test\REAL\0172 (7).jpg,1.0,1
0172 (8).jpg,test\REAL\0172 (8).jpg,1.0,1
0172 (9).jpg,test\REAL\0172 (9).jpg,0.9959015,1
0172.jpg,test\REAL\0172.jpg,0.99990284,1
0173 (10).jpg,test\REAL\0173 (10).jpg,1.0,1
0173 (2).jpg,test\REAL\0173 (2).jpg,1.0,1
0173 (3).jpg,test\REAL\0173 (3).jpg,1.0,1
0173 (4).jpg,test\REAL\0173 (4).jpg,1.0,1
0173 (5).jpg,test\REAL\0173 (5).jpg,1.0,1
0173 (6).jpg,test\REAL\0173 (6).jpg,0.9999714,1
0173 (7).jpg,test\REAL\0173 (7).jpg,0.9868946,1
0173 (8).jpg,test\REAL\0173 (8).jpg,1.0,1
0173 (9).jpg,test\REAL\0173 (9).jpg,0.9980675,1
0173.jpg,test\REAL\0173.jpg,1.0,1
0174 (10).jpg,test\REAL\0174 (10).jpg,1.0,1
0174 (2).jpg,test\REAL\0174 (2).jpg,0.7545328,1
0174 (3).jpg,test\REAL\0174 (3).jpg,0.99952966,1
0174 (4).jpg,test\REAL\0174 (4).jpg,0.9999764,1
0174 (5).jpg,test\REAL\0174 (5).jpg,1.0,1
0174 (6).jpg,test\REAL\0174 (6).jpg,0.8599416,1
0174 (7).jpg,test\REAL\0174 (7).jpg,1.0,1
0174 (8).jpg,test\REAL\0174 (8).jpg,0.99776393,1
0174 (9).jpg,test\REAL\0174 (9).jpg,0.9856793,1
0174.jpg,test\REAL\0174.jpg,0.015044481,0
0175 (10).jpg,test\REAL\0175 (10).jpg,1.0,1
0175 (2).jpg,test\REAL\0175 (2).jpg,0.9912814,1
0175 (3).jpg,test\REAL\0175 (3).jpg,0.005483836,0
0175 (4).jpg,test\REAL\0175 (4).jpg,0.99996996,1
0175 (5).jpg,test\REAL\0175 (5).jpg,0.99656016,1
0175 (6).jpg,test\REAL\0175 (6).jpg,0.0037220716,0
0175 (7).jpg,test\REAL\0175 (7).jpg,1.0,1
0175 (8).jpg,test\REAL\0175 (8).jpg,1.0,1
0175 (9).jpg,test\REAL\0175 (9).jpg,0.33520037,0
0175.jpg,test\REAL\0175.jpg,0.9998785,1
0176 (10).jpg,test\REAL\0176 (10).jpg,0.96816796,1
0176 (2).jpg,test\REAL\0176 (2).jpg,0.0,0
0176 (3).jpg,test\REAL\0176 (3).jpg,0.54085815,1
0176 (4).jpg,test\REAL\0176 (4).jpg,1.0,1
0176 (5).jpg,test\REAL\0176 (5).jpg,1.0,1
0176 (6).jpg,test\REAL\0176 (6).jpg,0.046945006,0
0176 (7).jpg,test\REAL\0176 (7).jpg,0.9999988,1
0176 (8).jpg,test\REAL\0176 (8).jpg,1.0,1
0176 (9).jpg,test\REAL\0176 (9).jpg,1.9073486e-06,0
0176.jpg,test\REAL\0176.jpg,0.13791502,0
0177 (10).jpg,test\REAL\0177 (10).jpg,1.0,1
0177 (2).jpg,test\REAL\0177 (2).jpg,1.0,1
0177 (3).jpg,test\REAL\0177 (3).jpg,1.0,1
0177 (4).jpg,test\REAL\0177 (4).jpg,0.7093998,1
0177 (5).jpg,test\REAL\0177 (5).jpg,1.0,1
0177 (6).jpg,test\REAL\0177 (6).jpg,1.0,1
0177 (7).jpg,test\REAL\0177 (7).jpg,1.0,1
0177 (8).jpg,test\REAL\0177 (8).jpg,1.0,1
0177 (9).jpg,test\REAL\0177 (9).jpg,1.0,1
0177.jpg,test\REAL\0177.jpg,0.96499276,1
0178 (10).jpg,test\REAL\0178 (10).jpg,2.9802322e-07,0
0178 (2).jpg,test\REAL\0178 (2).jpg,0.9995759,1
0178 (3).jpg,test\REAL\0178 (3).jpg,0.99999964,1
0178 (4).jpg,test\REAL\0178 (4).jpg,0.9999752,1
0178 (5).jpg,test\REAL\0178 (5).jpg,0.9942882,1
0178 (6).jpg,test\REAL\0178 (6).jpg,1.0,1
0178 (7).jpg,test\REAL\0178 (7).jpg,0.0096490085,0
0178 (8).jpg,test\REAL\0178 (8).jpg,0.99673647,1
0178 (9).jpg,test\REAL\0178 (9).jpg,0.9942466,1
0178.jpg,test\REAL\0178.jpg,1.0,1
0179 (10).jpg,test\REAL\0179 (10).jpg,1.0,1
0179 (2).jpg,test\REAL\0179 (2).jpg,0.9968245,1
0179 (3).jpg,test\REAL\0179 (3).jpg,0.0018416643,0
0179 (4).jpg,test\REAL\0179 (4).jpg,0.30025572,0
0179 (5).jpg,test\REAL\0179 (5).jpg,1.0,1
0179 (6).jpg,test\REAL\0179 (6).jpg,1.0,1
0179 (7).jpg,test\REAL\0179 (7).jpg,1.0,1
0179 (8).jpg,test\REAL\0179 (8).jpg,0.07412836,0
0179 (9).jpg,test\REAL\0179 (9).jpg,0.9999924,1
0179.jpg,test\REAL\0179.jpg,0.35391808,0
0180 (10).jpg,test\REAL\0180 (10).jpg,2.6106834e-05,0
0180 (2).jpg,test\REAL\0180 (2).jpg,0.99999994,1
0180 (3).jpg,test\REAL\0180 (3).jpg,0.99997115,1
0180 (4).jpg,test\REAL\0180 (4).jpg,0.99999905,1
0180 (5).jpg,test\REAL\0180 (5).jpg,1.0,1
0180 (6).jpg,test\REAL\0180 (6).jpg,1.0,1
0180 (7).jpg,test\REAL\0180 (7).jpg,0.97565377,1
0180 (8).jpg,test\REAL\0180 (8).jpg,1.0,1
0180 (9).jpg,test\REAL\0180 (9).jpg,0.99999607,1
0180.jpg,test\REAL\0180.jpg,0.99826956,1
0181 (10).jpg,test\REAL\0181 (10).jpg,1.0,1
0181 (2).jpg,test\REAL\0181 (2).jpg,0.9999999,1
0181 (3).jpg,test\REAL\0181 (3).jpg,1.0,1
0181 (4).jpg,test\REAL\0181 (4).jpg,1.0,1
0181 (5).jpg,test\REAL\0181 (5).jpg,0.99964106,1
0181 (6).jpg,test\REAL\0181 (6).jpg,0.9976473,1
0181 (7).jpg,test\REAL\0181 (7).jpg,0.9770612,1
0181 (8).jpg,test\REAL\0181 (8).jpg,0.9963094,1
0181 (9).jpg,test\REAL\0181 (9).jpg,0.99916565,1
0181.jpg,test\REAL\0181.jpg,0.9981162,1
0182 (10).jpg,test\REAL\0182 (10).jpg,0.99989563,1
0182 (2).jpg,test\REAL\0182 (2).jpg,0.27531433,0
0182 (3).jpg,test\REAL\0182 (3).jpg,1.0,1
0182 (4).jpg,test\REAL\0182 (4).jpg,1.0,1
0182 (5).jpg,test\REAL\0182 (5).jpg,1.0,1
0182 (6).jpg,test\REAL\0182 (6).jpg,0.29448974,0
0182 (7).jpg,test\REAL\0182 (7).jpg,0.9192958,1
0182 (8).jpg,test\REAL\0182 (8).jpg,0.9432221,1
0182 (9).jpg,test\REAL\0182 (9).jpg,0.99966514,1
0182.jpg,test\REAL\0182.jpg,0.99999976,1
0183 (10).jpg,test\REAL\0183 (10).jpg,1.0,1
0183 (2).jpg,test\REAL\0183 (2).jpg,1.0,1
0183 (3).jpg,test\REAL\0183 (3).jpg,0.9306164,1
0183 (4).jpg,test\REAL\0183 (4).jpg,1.0,1
0183 (5).jpg,test\REAL\0183 (5).jpg,0.99919486,1
0183 (6).jpg,test\REAL\0183 (6).jpg,0.9999999,1
0183 (7).jpg,test\REAL\0183 (7).jpg,0.9995581,1
0183 (8).jpg,test\REAL\0183 (8).jpg,1.0,1
0183 (9).jpg,test\REAL\0183 (9).jpg,0.011858374,0
0183.jpg,test\REAL\0183.jpg,0.0,0
0184 (10).jpg,test\REAL\0184 (10).jpg,1.0,1
0184 (2).jpg,test\REAL\0184 (2).jpg,0.9999453,1
0184 (3).jpg,test\REAL\0184 (3).jpg,0.9893711,1
0184 (4).jpg,test\REAL\0184 (4).jpg,0.99923784,1
0184 (5).jpg,test\REAL\0184 (5).jpg,0.9988329,1
0184 (6).jpg,test\REAL\0184 (6).jpg,1.0,1
0184 (7).jpg,test\REAL\0184 (7).jpg,0.999999,1
0184 (8).jpg,test\REAL\0184 (8).jpg,1.0,1
0184 (9).jpg,test\REAL\0184 (9).jpg,0.0012684166,0
0184.jpg,test\REAL\0184.jpg,0.9999738,1
0185 (10).jpg,test\REAL\0185 (10).jpg,0.47101885,0
0185 (2).jpg,test\REAL\0185 (2).jpg,1.0,1
0185 (3).jpg,test\REAL\0185 (3).jpg,0.017821908,0
0185 (4).jpg,test\REAL\0185 (4).jpg,0.9999994,1
0185 (5).jpg,test\REAL\0185 (5).jpg,1.0,1
0185 (6).jpg,test\REAL\0185 (6).jpg,0.999107,1
0185 (7).jpg,test\REAL\0185 (7).jpg,0.98679805,1
0185 (8).jpg,test\REAL\0185 (8).jpg,0.0008086562,0
0185 (9).jpg,test\REAL\0185 (9).jpg,1.0,1
0185.jpg,test\REAL\0185.jpg,0.23132652,0
0186 (10).jpg,test\REAL\0186 (10).jpg,0.9999998,1
0186 (2).jpg,test\REAL\0186 (2).jpg,1.0,1
0186 (3).jpg,test\REAL\0186 (3).jpg,0.9994427,1
0186 (4).jpg,test\REAL\0186 (4).jpg,0.068084896,0
0186 (5).jpg,test\REAL\0186 (5).jpg,0.99999213,1
0186 (6).jpg,test\REAL\0186 (6).jpg,0.9556559,1
0186 (7).jpg,test\REAL\0186 (7).jpg,0.99999976,1
0186 (8).jpg,test\REAL\0186 (8).jpg,0.99979115,1
0186 (9).jpg,test\REAL\0186 (9).jpg,0.99642456,1
0186.jpg,test\REAL\0186.jpg,0.90647125,1
0187 (10).jpg,test\REAL\0187 (10).jpg,0.31992862,0
0187 (2).jpg,test\REAL\0187 (2).jpg,0.99337906,1
0187 (3).jpg,test\REAL\0187 (3).jpg,0.99999994,1
0187 (4).jpg,test\REAL\0187 (4).jpg,1.0,1
0187 (5).jpg,test\REAL\0187 (5).jpg,0.7326312,1
0187 (6).jpg,test\REAL\0187 (6).jpg,1.0,1
0187 (7).jpg,test\REAL\0187 (7).jpg,0.15960109,0
0187 (8).jpg,test\REAL\0187 (8).jpg,1.0,1
0187 (9).jpg,test\REAL\0187 (9).jpg,1.0,1
0187.jpg,test\REAL\0187.jpg,0.9999393,1
0188 (10).jpg,test\REAL\0188 (10).jpg,0.999526,1
0188 (2).jpg,test\REAL\0188 (2).jpg,0.9824033,1
0188 (3).jpg,test\REAL\0188 (3).jpg,0.34852916,0
0188 (4).jpg,test\REAL\0188 (4).jpg,0.9999958,1
0188 (5).jpg,test\REAL\0188 (5).jpg,0.99999404,1
0188 (6).jpg,test\REAL\0188 (6).jpg,1.0,1
0188 (7).jpg,test\REAL\0188 (7).jpg,1.0,1
0188 (8).jpg,test\REAL\0188 (8).jpg,1.0,1
0188 (9).jpg,test\REAL\0188 (9).jpg,0.9998601,1
0188.jpg,test\REAL\0188.jpg,1.0,1
0189 (10).jpg,test\REAL\0189 (10).jpg,0.15432188,0
0189 (2).jpg,test\REAL\0189 (2).jpg,1.0,1
0189 (3).jpg,test\REAL\0189 (3).jpg,1.0,1
0189 (4).jpg,test\REAL\0189 (4).jpg,1.0,1
0189 (5).jpg,test\REAL\0189 (5).jpg,0.99053395,1
0189 (6).jpg,test\REAL\0189 (6).jpg,0.9622381,1
0189 (7).jpg,test\REAL\0189 (7).jpg,0.9801974,1
0189 (8).jpg,test\REAL\0189 (8).jpg,0.65123224,1
0189 (9).jpg,test\REAL\0189 (9).jpg,1.0,1
0189.jpg,test\REAL\0189.jpg,0.9999893,1
0190 (10).jpg,test\REAL\0190 (10).jpg,0.9999888,1
0190 (2).jpg,test\REAL\0190 (2).jpg,0.9999719,1
0190 (3).jpg,test\REAL\0190 (3).jpg,1.0,1
0190 (4).jpg,test\REAL\0190 (4).jpg,0.999997,1
0190 (5).jpg,test\REAL\0190 (5).jpg,0.97081214,1
0190 (6).jpg,test\REAL\0190 (6).jpg,1.0,1
0190 (7).jpg,test\REAL\0190 (7).jpg,0.9913107,1
0190 (8).jpg,test\REAL\0190 (8).jpg,0.6191509,1
0190 (9).jpg,test\REAL\0190 (9).jpg,0.99999714,1
0190.jpg,test\REAL\0190.jpg,0.99999976,1
0191 (10).jpg,test\REAL\0191 (10).jpg,1.0,1
0191 (2).jpg,test\REAL\0191 (2).jpg,0.9744605,1
0191 (3).jpg,test\REAL\0191 (3).jpg,1.0,1
0191 (4).jpg,test\REAL\0191 (4).jpg,1.0,1
0191 (5).jpg,test\REAL\0191 (5).jpg,0.99999946,1
0191 (6).jpg,test\REAL\0191 (6).jpg,0.96877414,1
0191 (7).jpg,test\REAL\0191 (7).jpg,0.9999999,1
0191 (8).jpg,test\REAL\0191 (8).jpg,0.99999917,1
0191 (9).jpg,test\REAL\0191 (9).jpg,0.9999999,1
0191.jpg,test\REAL\0191.jpg,0.9827088,1
0192 (10).jpg,test\REAL\0192 (10).jpg,1.0,1
0192 (2).jpg,test\REAL\0192 (2).jpg,1.0,1
0192 (3).jpg,test\REAL\0192 (3).jpg,0.0015079677,0
0192 (4).jpg,test\REAL\0192 (4).jpg,1.0,1
0192 (5).jpg,test\REAL\0192 (5).jpg,1.0,1
0192 (6).jpg,test\REAL\0192 (6).jpg,0.9999999,1
0192 (7).jpg,test\REAL\0192 (7).jpg,0.99998903,1
0192 (8).jpg,test\REAL\0192 (8).jpg,0.99999774,1
0192 (9).jpg,test\REAL\0192 (9).jpg,1.0,1
0192.jpg,test\REAL\0192.jpg,1.0,1
0193 (10).jpg,test\REAL\0193 (10).jpg,1.0,1
0193 (2).jpg,test\REAL\0193 (2).jpg,1.0,1
0193 (3).jpg,test\REAL\0193 (3).jpg,1.0,1
0193 (4).jpg,test\REAL\0193 (4).jpg,0.38813525,0
0193 (5).jpg,test\REAL\0193 (5).jpg,0.54935515,1
0193 (6).jpg,test\REAL\0193 (6).jpg,1.0,1
0193 (7).jpg,test\REAL\0193 (7).jpg,0.4042943,0
0193 (8).jpg,test\REAL\0193 (8).jpg,1.0,1
0193 (9).jpg,test\REAL\0193 (9).jpg,1.0,1
0193.jpg,test\REAL\0193.jpg,0.46429944,0
0194 (10).jpg,test\REAL\0194 (10).jpg,1.0,1
0194 (2).jpg,test\REAL\0194 (2).jpg,1.0,1
0194 (3).jpg,test\REAL\0194 (3).jpg,0.9999651,1
0194 (4).jpg,test\REAL\0194 (4).jpg,0.999998,1
0194 (5).jpg,test\REAL\0194 (5).jpg,1.0,1
0194 (6).jpg,test\REAL\0194 (6).jpg,1.0,1
0194 (7).jpg,test\REAL\0194 (7).jpg,0.5190427,1
0194 (8).jpg,test\REAL\0194 (8).jpg,0.9997355,1
0194 (9).jpg,test\REAL\0194 (9).jpg,0.9999997,1
0194.jpg,test\REAL\0194.jpg,1.0,1
0195 (10).jpg,test\REAL\0195 (10).jpg,1.0,1
0195 (2).jpg,test\REAL\0195 (2).jpg,0.99999917,1
0195 (3).jpg,test\REAL\0195 (3).jpg,0.9973246,1
0195 (4).jpg,test\REAL\0195 (4).jpg,0.9861196,1
0195 (5).jpg,test\REAL\0195 (5).jpg,0.99938774,1
0195 (6).jpg,test\REAL\0195 (6).jpg,0.9999754,1
0195 (7).jpg,test\REAL\0195 (7).jpg,0.00079247355,0
0195 (8).jpg,test\REAL\0195 (8).jpg,0.99994504,1
0195 (9).jpg,test\REAL\0195 (9).jpg,1.0,1
0195.jpg,test\REAL\0195.jpg,0.8053453,1
0196 (10).jpg,test\REAL\0196 (10).jpg,0.99264914,1
0196 (2).jpg,test\REAL\0196 (2).jpg,1.0,1
0196 (3).jpg,test\REAL\0196 (3).jpg,0.99999607,1
0196 (4).jpg,test\REAL\0196 (4).jpg,0.99999976,1
0196 (5).jpg,test\REAL\0196 (5).jpg,0.65065897,1
0196 (6).jpg,test\REAL\0196 (6).jpg,1.0,1
0196 (7).jpg,test\REAL\0196 (7).jpg,0.9327532,1
0196 (8).jpg,test\REAL\0196 (8).jpg,0.043749034,0
0196 (9).jpg,test\REAL\0196 (9).jpg,1.0,1
0196.jpg,test\REAL\0196.jpg,0.98127866,1
0197 (10).jpg,test\REAL\0197 (10).jpg,0.99988866,1
0197 (2).jpg,test\REAL\0197 (2).jpg,0.7333087,1
0197 (3).jpg,test\REAL\0197 (3).jpg,0.9999998,1
0197 (4).jpg,test\REAL\0197 (4).jpg,0.9999994,1
0197 (5).jpg,test\REAL\0197 (5).jpg,1.0,1
0197 (6).jpg,test\REAL\0197 (6).jpg,0.9999649,1
0197 (7).jpg,test\REAL\0197 (7).jpg,1.0,1
0197 (8).jpg,test\REAL\0197 (8).jpg,0.99990135,1
0197 (9).jpg,test\REAL\0197 (9).jpg,0.99951917,1
0197.jpg,test\REAL\0197.jpg,1.0,1
0198 (10).jpg,test\REAL\0198 (10).jpg,1.0,1
0198 (2).jpg,test\REAL\0198 (2).jpg,0.9997513,1
0198 (3).jpg,test\REAL\0198 (3).jpg,0.93100274,1
0198 (4).jpg,test\REAL\0198 (4).jpg,1.0,1
0198 (5).jpg,test\REAL\0198 (5).jpg,0.9996699,1
0198 (6).jpg,test\REAL\0198 (6).jpg,1.0,1
0198 (7).jpg,test\REAL\0198 (7).jpg,0.9247278,1
0198 (8).jpg,test\REAL\0198 (8).jpg,0.9894147,1
0198 (9).jpg,test\REAL\0198 (9).jpg,1.0,1
0198.jpg,test\REAL\0198.jpg,1.0,1
0199 (10).jpg,test\REAL\0199 (10).jpg,0.49117285,0
0199 (2).jpg,test\REAL\0199 (2).jpg,1.0,1
0199 (3).jpg,test\REAL\0199 (3).jpg,1.0,1
0199 (4).jpg,test\REAL\0199 (4).jpg,0.99999905,1
0199 (5).jpg,test\REAL\0199 (5).jpg,0.9998889,1
0199 (6).jpg,test\REAL\0199 (6).jpg,1.0,1
0199 (7).jpg,test\REAL\0199 (7).jpg,0.9999994,1
0199 (8).jpg,test\REAL\0199 (8).jpg,1.0,1
0199 (9).jpg,test\REAL\0199 (9).jpg,0.9995883,1
0199.jpg,test\REAL\0199.jpg,0.99909234,1
0200 (10).jpg,test\REAL\0200 (10).jpg,0.99689347,1
0200 (2).jpg,test\REAL\0200 (2).jpg,0.9983475,1
0200 (3).jpg,test\REAL\0200 (3).jpg,0.4930445,0
0200 (4).jpg,test\REAL\0200 (4).jpg,0.9999999,1
0200 (5).jpg,test\REAL\0200 (5).jpg,0.9997813,1
0200 (6).jpg,test\REAL\0200 (6).jpg,1.0,1
0200 (7).jpg,test\REAL\0200 (7).jpg,0.9988309,1
0200 (8).jpg,test\REAL\0200 (8).jpg,0.999998,1
0200 (9).jpg,test\REAL\0200 (9).jpg,1.0,1
0200.jpg,test\REAL\0200.jpg,1.0,1
0201 (10).jpg,test\REAL\0201 (10).jpg,1.0,1
0201 (2).jpg,test\REAL\0201 (2).jpg,0.9800992,1
0201 (3).jpg,test\REAL\0201 (3).jpg,0.2336314,0
0201 (4).jpg,test\REAL\0201 (4).jpg,0.9416794,1
0201 (5).jpg,test\REAL\0201 (5).jpg,1.0,1
0201 (6).jpg,test\REAL\0201 (6).jpg,0.87118375,1
0201 (7).jpg,test\REAL\0201 (7).jpg,0.9896661,1
0201 (8).jpg,test\REAL\0201 (8).jpg,1.0,1
0201 (9).jpg,test\REAL\0201 (9).jpg,0.96090525,1
0201.jpg,test\REAL\0201.jpg,0.999956,1
0202 (10).jpg,test\REAL\0202 (10).jpg,1.0,1
0202 (2).jpg,test\REAL\0202 (2).jpg,1.0,1
0202 (3).jpg,test\REAL\0202 (3).jpg,1.0,1
0202 (4).jpg,test\REAL\0202 (4).jpg,1.0,1
0202 (5).jpg,test\REAL\0202 (5).jpg,1.0,1
0202 (6).jpg,test\REAL\0202 (6).jpg,0.7270121,1
0202 (7).jpg,test\REAL\0202 (7).jpg,0.0011257529,0
0202 (8).jpg,test\REAL\0202 (8).jpg,1.0,1
0202 (9).jpg,test\REAL\0202 (9).jpg,8.940697e-08,0
0202.jpg,test\REAL\0202.jpg,1.0,1
0203 (10).jpg,test\REAL\0203 (10).jpg,1.0,1
0203 (2).jpg,test\REAL\0203 (2).jpg,0.84057,1
0203 (3).jpg,test\REAL\0203 (3).jpg,0.9989375,1
0203 (4).jpg,test\REAL\0203 (4).jpg,1.0,1
0203 (5).jpg,test\REAL\0203 (5).jpg,0.48108056,0
0203 (6).jpg,test\REAL\0203 (6).jpg,1.0,1
0203 (7).jpg,test\REAL\0203 (7).jpg,0.99396,1
0203 (8).jpg,test\REAL\0203 (8).jpg,1.0,1
0203 (9).jpg,test\REAL\0203 (9).jpg,0.28474694,0
0203.jpg,test\REAL\0203.jpg,0.97896516,1
0204 (10).jpg,test\REAL\0204 (10).jpg,1.0,1
0204 (2).jpg,test\REAL\0204 (2).jpg,0.99999976,1
0204 (3).jpg,test\REAL\0204 (3).jpg,0.9999913,1
0204 (4).jpg,test\REAL\0204 (4).jpg,0.23771578,0
0204 (5).jpg,test\REAL\0204 (5).jpg,1.0,1
0204 (6).jpg,test\REAL\0204 (6).jpg,0.99999815,1
0204 (7).jpg,test\REAL\0204 (7).jpg,0.9744475,1
0204 (8).jpg,test\REAL\0204 (8).jpg,0.29151666,0
0204 (9).jpg,test\REAL\0204 (9).jpg,0.97602934,1
0204.jpg,test\REAL\0204.jpg,1.0,1
0205 (10).jpg,test\REAL\0205 (10).jpg,0.9999995,1
0205 (2).jpg,test\REAL\0205 (2).jpg,1.0,1
0205 (3).jpg,test\REAL\0205 (3).jpg,1.0,1
0205 (4).jpg,test\REAL\0205 (4).jpg,1.0,1
0205 (5).jpg,test\REAL\0205 (5).jpg,1.0,1
0205 (6).jpg,test\REAL\0205 (6).jpg,1.0,1
0205 (7).jpg,test\REAL\0205 (7).jpg,0.9996151,1
0205 (8).jpg,test\REAL\0205 (8).jpg,0.9999194,1
0205 (9).jpg,test\REAL\0205 (9).jpg,1.0,1
0205.jpg,test\REAL\0205.jpg,0.9999661,1
0206 (10).jpg,test\REAL\0206 (10).jpg,0.9701072,1
0206 (2).jpg,test\REAL\0206 (2).jpg,0.89693093,1
0206 (3).jpg,test\REAL\0206 (3).jpg,0.9992968,1
0206 (4).jpg,test\REAL\0206 (4).jpg,1.0,1
0206 (5).jpg,test\REAL\0206 (5).jpg,0.99974096,1
0206 (6).jpg,test\REAL\0206 (6).jpg,1.0,1
0206 (7).jpg,test\REAL\0206 (7).jpg,1.0,1
0206 (8).jpg,test\REAL\0206 (8).jpg,0.9960712,1
0206 (9).jpg,test\REAL\0206 (9).jpg,1.0,1
0206.jpg,test\REAL\0206.jpg,1.0,1
0207 (10).jpg,test\REAL\0207 (10).jpg,1.4901161e-07,0
0207 (2).jpg,test\REAL\0207 (2).jpg,1.0,1
0207 (3).jpg,test\REAL\0207 (3).jpg,1.0,1
0207 (4).jpg,test\REAL\0207 (4).jpg,0.9999384,1
0207 (5).jpg,test\REAL\0207 (5).jpg,0.99996114,1
0207 (6).jpg,test\REAL\0207 (6).jpg,0.9999995,1
0207 (7).jpg,test\REAL\0207 (7).jpg,0.32495922,0
0207 (8).jpg,test\REAL\0207 (8).jpg,1.0,1
0207 (9).jpg,test\REAL\0207 (9).jpg,0.02320388,0
0207.jpg,test\REAL\0207.jpg,1.0,1
0208 (10).jpg,test\REAL\0208 (10).jpg,1.0,1
0208 (2).jpg,test\REAL\0208 (2).jpg,0.99999285,1
0208 (3).jpg,test\REAL\0208 (3).jpg,1.0,1
0208 (4).jpg,test\REAL\0208 (4).jpg,0.99998367,1
0208 (5).jpg,test\REAL\0208 (5).jpg,0.99999964,1
0208 (6).jpg,test\REAL\0208 (6).jpg,0.99748886,1
0208 (7).jpg,test\REAL\0208 (7).jpg,0.97359,1
0208 (8).jpg,test\REAL\0208 (8).jpg,1.0,1
0208 (9).jpg,test\REAL\0208 (9).jpg,1.0,1
0208.jpg,test\REAL\0208.jpg,1.0,1
0209 (10).jpg,test\REAL\0209 (10).jpg,0.99999064,1
0209 (2).jpg,test\REAL\0209 (2).jpg,1.0,1
0209 (3).jpg,test\REAL\0209 (3).jpg,1.0,1
0209 (4).jpg,test\REAL\0209 (4).jpg,0.0038256347,0
0209 (5).jpg,test\REAL\0209 (5).jpg,0.99895763,1
0209 (6).jpg,test\REAL\0209 (6).jpg,0.99999964,1
0209 (7).jpg,test\REAL\0209 (7).jpg,1.0,1
0209 (8).jpg,test\REAL\0209 (8).jpg,0.98008335,1
0209 (9).jpg,test\REAL\0209 (9).jpg,1.0,1
0209.jpg,test\REAL\0209.jpg,0.9998766,1
0210 (10).jpg,test\REAL\0210 (10).jpg,0.9951329,1
0210 (2).jpg,test\REAL\0210 (2).jpg,1.0,1
0210 (3).jpg,test\REAL\0210 (3).jpg,0.40429276,0
0210 (4).jpg,test\REAL\0210 (4).jpg,1.0,1
0210 (5).jpg,test\REAL\0210 (5).jpg,1.0,1
0210 (6).jpg,test\REAL\0210 (6).jpg,0.995608,1
0210 (7).jpg,test\REAL\0210 (7).jpg,1.0,1
0210 (8).jpg,test\REAL\0210 (8).jpg,1.0,1
0210 (9).jpg,test\REAL\0210 (9).jpg,0.99996156,1
0210.jpg,test\REAL\0210.jpg,1.0,1
0211 (10).jpg,test\REAL\0211 (10).jpg,1.0,1
0211 (2).jpg,test\REAL\0211 (2).jpg,0.9999981,1
0211 (3).jpg,test\REAL\0211 (3).jpg,0.8782507,1
0211 (4).jpg,test\REAL\0211 (4).jpg,0.9999851,1
0211 (5).jpg,test\REAL\0211 (5).jpg,0.9966649,1
0211 (6).jpg,test\REAL\0211 (6).jpg,0.0015742779,0
0211 (7).jpg,test\REAL\0211 (7).jpg,1.0,1
0211 (8).jpg,test\REAL\0211 (8).jpg,1.0,1
0211 (9).jpg,test\REAL\0211 (9).jpg,0.766271,1
0211.jpg,test\REAL\0211.jpg,0.99999994,1
0212 (10).jpg,test\REAL\0212 (10).jpg,1.0,1
0212 (2).jpg,test\REAL\0212 (2).jpg,0.9999929,1
0212 (3).jpg,test\REAL\0212 (3).jpg,0.37779552,0
0212 (4).jpg,test\REAL\0212 (4).jpg,0.99995446,1
0212 (5).jpg,test\REAL\0212 (5).jpg,0.016142428,0
0212 (6).jpg,test\REAL\0212 (6).jpg,0.9999999,1
0212 (7).jpg,test\REAL\0212 (7).jpg,1.0,1
0212 (8).jpg,test\REAL\0212 (8).jpg,1.0,1
0212 (9).jpg,test\REAL\0212 (9).jpg,0.663992,1
0212.jpg,test\REAL\0212.jpg,1.0,1
0213 (10).jpg,test\REAL\0213 (10).jpg,1.0,1
0213 (2).jpg,test\REAL\0213 (2).jpg,0.4119715,0
0213 (3).jpg,test\REAL\0213 (3).jpg,0.99389446,1
0213 (4).jpg,test\REAL\0213 (4).jpg,1.0,1
0213 (5).jpg,test\REAL\0213 (5).jpg,1.0,1
0213 (6).jpg,test\REAL\0213 (6).jpg,0.2611938,0
0213 (7).jpg,test\REAL\0213 (7).jpg,0.0028261244,0
0213 (8).jpg,test\REAL\0213 (8).jpg,0.97255635,1
0213 (9).jpg,test\REAL\0213 (9).jpg,0.9999999,1
0213.jpg,test\REAL\0213.jpg,0.9997007,1
0214 (10).jpg,test\REAL\0214 (10).jpg,0.99788845,1
0214 (2).jpg,test\REAL\0214 (2).jpg,1.0,1
0214 (3).jpg,test\REAL\0214 (3).jpg,0.93733346,1
0214 (4).jpg,test\REAL\0214 (4).jpg,0.9995873,1
0214 (5).jpg,test\REAL\0214 (5).jpg,0.9996762,1
0214 (6).jpg,test\REAL\0214 (6).jpg,1.0,1
0214 (7).jpg,test\REAL\0214 (7).jpg,0.9984148,1
0214 (8).jpg,test\REAL\0214 (8).jpg,0.9992702,1
0214 (9).jpg,test\REAL\0214 (9).jpg,0.58069634,1
0214.jpg,test\REAL\0214.jpg,0.99993515,1
0215 (10).jpg,test\REAL\0215 (10).jpg,0.57314235,1
0215 (2).jpg,test\REAL\0215 (2).jpg,0.58536524,1
0215 (3).jpg,test\REAL\0215 (3).jpg,0.9509732,1
0215 (4).jpg,test\REAL\0215 (4).jpg,1.0,1
0215 (5).jpg,test\REAL\0215 (5).jpg,0.8635423,1
0215 (6).jpg,test\REAL\0215 (6).jpg,0.767385,1
0215 (7).jpg,test\REAL\0215 (7).jpg,1.0,1
0215 (8).jpg,test\REAL\0215 (8).jpg,1.0,1
0215 (9).jpg,test\REAL\0215 (9).jpg,0.38307932,0
0215.jpg,test\REAL\0215.jpg,0.99996555,1
0216 (10).jpg,test\REAL\0216 (10).jpg,0.94071615,1
0216 (2).jpg,test\REAL\0216 (2).jpg,0.57168937,1
0216 (3).jpg,test\REAL\0216 (3).jpg,1.0,1
0216 (4).jpg,test\REAL\0216 (4).jpg,1.0,1
0216 (5).jpg,test\REAL\0216 (5).jpg,0.9999558,1
0216 (6).jpg,test\REAL\0216 (6).jpg,0.99998546,1
0216 (7).jpg,test\REAL\0216 (7).jpg,1.0,1
0216 (8).jpg,test\REAL\0216 (8).jpg,0.99999934,1
0216 (9).jpg,test\REAL\0216 (9).jpg,0.9970932,1
0216.jpg,test\REAL\0216.jpg,0.039128095,0
0217 (10).jpg,test\REAL\0217 (10).jpg,0.9815353,1
0217 (2).jpg,test\REAL\0217 (2).jpg,0.99934244,1
0217 (3).jpg,test\REAL\0217 (3).jpg,0.9999981,1
0217 (4).jpg,test\REAL\0217 (4).jpg,1.0,1
0217 (5).jpg,test\REAL\0217 (5).jpg,0.99158275,1
0217 (6).jpg,test\REAL\0217 (6).jpg,1.0,1
0217 (7).jpg,test\REAL\0217 (7).jpg,0.99999994,1
0217 (8).jpg,test\REAL\0217 (8).jpg,1.0,1
0217 (9).jpg,test\REAL\0217 (9).jpg,0.002210468,0
0217.jpg,test\REAL\0217.jpg,1.0,1
0218 (10).jpg,test\REAL\0218 (10).jpg,0.99999964,1
0218 (2).jpg,test\REAL\0218 (2).jpg,0.0016562939,0
0218 (3).jpg,test\REAL\0218 (3).jpg,0.99992824,1
0218 (4).jpg,test\REAL\0218 (4).jpg,1.0,1
0218 (5).jpg,test\REAL\0218 (5).jpg,1.0,1
0218 (6).jpg,test\REAL\0218 (6).jpg,0.99999994,1
0218 (7).jpg,test\REAL\0218 (7).jpg,1.0,1
0218 (8).jpg,test\REAL\0218 (8).jpg,1.0,1
0218 (9).jpg,test\REAL\0218 (9).jpg,1.0,1
0218.jpg,test\REAL\0218.jpg,0.11970925,0
0219 (10).jpg,test\REAL\0219 (10).jpg,0.99989605,1
0219 (2).jpg,test\REAL\0219 (2).jpg,0.98917353,1
0219 (3).jpg,test\REAL\0219 (3).jpg,0.9999999,1
0219 (4).jpg,test\REAL\0219 (4).jpg,0.99999976,1
0219 (5).jpg,test\REAL\0219 (5).jpg,1.0,1
0219 (6).jpg,test\REAL\0219 (6).jpg,0.99999684,1
0219 (7).jpg,test\REAL\0219 (7).jpg,0.6674722,1
0219 (8).jpg,test\REAL\0219 (8).jpg,1.0,1
0219 (9).jpg,test\REAL\0219 (9).jpg,0.9211809,1
0219.jpg,test\REAL\0219.jpg,0.39374462,0
0220 (10).jpg,test\REAL\0220 (10).jpg,1.0,1
0220 (2).jpg,test\REAL\0220 (2).jpg,0.9999709,1
0220 (3).jpg,test\REAL\0220 (3).jpg,1.0,1
0220 (4).jpg,test\REAL\0220 (4).jpg,0.9999937,1
0220 (5).jpg,test\REAL\0220 (5).jpg,1.0,1
0220 (6).jpg,test\REAL\0220 (6).jpg,1.0,1
0220 (7).jpg,test\REAL\0220 (7).jpg,1.0,1
0220 (8).jpg,test\REAL\0220 (8).jpg,1.0,1
0220 (9).jpg,test\REAL\0220 (9).jpg,0.9999964,1
0220.jpg,test\REAL\0220.jpg,0.69756615,1
0221 (10).jpg,test\REAL\0221 (10).jpg,0.98668313,1
0221 (2).jpg,test\REAL\0221 (2).jpg,1.0,1
0221 (3).jpg,test\REAL\0221 (3).jpg,0.30884725,0
0221 (4).jpg,test\REAL\0221 (4).jpg,0.99917257,1
0221 (5).jpg,test\REAL\0221 (5).jpg,0.99999976,1
0221 (6).jpg,test\REAL\0221 (6).jpg,0.9999999,1
0221 (7).jpg,test\REAL\0221 (7).jpg,1.0,1
0221 (8).jpg,test\REAL\0221 (8).jpg,0.17148983,0
0221 (9).jpg,test\REAL\0221 (9).jpg,0.78701633,1
0221.jpg,test\REAL\0221.jpg,0.9999331,1
0222 (10).jpg,test\REAL\0222 (10).jpg,0.9995517,1
0222 (2).jpg,test\REAL\0222 (2).jpg,0.99999607,1
0222 (3).jpg,test\REAL\0222 (3).jpg,0.9998264,1
0222 (4).jpg,test\REAL\0222 (4).jpg,0.96296716,1
0222 (5).jpg,test\REAL\0222 (5).jpg,0.99818814,1
0222 (6).jpg,test\REAL\0222 (6).jpg,1.0,1
0222 (7).jpg,test\REAL\0222 (7).jpg,0.9168858,1
0222 (8).jpg,test\REAL\0222 (8).jpg,1.0,1
0222 (9).jpg,test\REAL\0222 (9).jpg,0.6198478,1
0222.jpg,test\REAL\0222.jpg,0.045992196,0
0223 (10).jpg,test\REAL\0223 (10).jpg,0.99999654,1
0223 (2).jpg,test\REAL\0223 (2).jpg,0.027703017,0
0223 (3).jpg,test\REAL\0223 (3).jpg,1.0,1
0223 (4).jpg,test\REAL\0223 (4).jpg,1.0,1
0223 (5).jpg,test\REAL\0223 (5).jpg,0.32012057,0
0223 (6).jpg,test\REAL\0223 (6).jpg,0.99949497,1
0223 (7).jpg,test\REAL\0223 (7).jpg,0.9193966,1
0223 (8).jpg,test\REAL\0223 (8).jpg,0.99969864,1
0223 (9).jpg,test\REAL\0223 (9).jpg,1.0,1
0223.jpg,test\REAL\0223.jpg,0.9999342,1
0224 (10).jpg,test\REAL\0224 (10).jpg,1.0,1
0224 (2).jpg,test\REAL\0224 (2).jpg,1.0,1
0224 (3).jpg,test\REAL\0224 (3).jpg,0.99999976,1
0224 (4).jpg,test\REAL\0224 (4).jpg,0.99971783,1
0224 (5).jpg,test\REAL\0224 (5).jpg,0.8831527,1
0224 (6).jpg,test\REAL\0224 (6).jpg,0.8958,1
0224 (7).jpg,test\REAL\0224 (7).jpg,1.0,1
0224 (8).jpg,test\REAL\0224 (8).jpg,0.99999994,1
0224 (9).jpg,test\REAL\0224 (9).jpg,0.999805,1
0224.jpg,test\REAL\0224.jpg,0.9064093,1
0225 (10).jpg,test\REAL\0225 (10).jpg,0.99347293,1
0225 (2).jpg,test\REAL\0225 (2).jpg,1.0,1
0225 (3).jpg,test\REAL\0225 (3).jpg,0.99998236,1
0225 (4).jpg,test\REAL\0225 (4).jpg,1.0,1
0225 (5).jpg,test\REAL\0225 (5).jpg,1.0,1
0225 (6).jpg,test\REAL\0225 (6).jpg,0.99999726,1
0225 (7).jpg,test\REAL\0225 (7).jpg,1.0,1
0225 (8).jpg,test\REAL\0225 (8).jpg,0.9999852,1
0225 (9).jpg,test\REAL\0225 (9).jpg,0.22260988,0
0225.jpg,test\REAL\0225.jpg,0.9919389,1
0226 (10).jpg,test\REAL\0226 (10).jpg,0.8573471,1
0226 (2).jpg,test\REAL\0226 (2).jpg,0.9999992,1
0226 (3).jpg,test\REAL\0226 (3).jpg,0.99999976,1
0226 (4).jpg,test\REAL\0226 (4).jpg,0.7358748,1
0226 (5).jpg,test\REAL\0226 (5).jpg,1.0,1
0226 (6).jpg,test\REAL\0226 (6).jpg,0.9999997,1
0226 (7).jpg,test\REAL\0226 (7).jpg,0.9978287,1
0226 (8).jpg,test\REAL\0226 (8).jpg,0.3544056,0
0226 (9).jpg,test\REAL\0226 (9).jpg,0.99999535,1
0226.jpg,test\REAL\0226.jpg,0.9858366,1
0227 (10).jpg,test\REAL\0227 (10).jpg,0.013446093,0
0227 (2).jpg,test\REAL\0227 (2).jpg,0.2656106,0
0227 (3).jpg,test\REAL\0227 (3).jpg,0.999292,1
0227 (4).jpg,test\REAL\0227 (4).jpg,0.999944,1
0227 (5).jpg,test\REAL\0227 (5).jpg,0.4475005,0
0227 (6).jpg,test\REAL\0227 (6).jpg,0.9962404,1
0227 (7).jpg,test\REAL\0227 (7).jpg,0.0,0
0227 (8).jpg,test\REAL\0227 (8).jpg,1.0,1
0227 (9).jpg,test\REAL\0227 (9).jpg,0.9999335,1
0227.jpg,test\REAL\0227.jpg,1.0,1
0228 (10).jpg,test\REAL\0228 (10).jpg,0.99948245,1
0228 (2).jpg,test\REAL\0228 (2).jpg,1.0,1
0228 (3).jpg,test\REAL\0228 (3).jpg,0.00020980835,0
0228 (4).jpg,test\REAL\0228 (4).jpg,0.999999,1
0228 (5).jpg,test\REAL\0228 (5).jpg,1.0,1
0228 (6).jpg,test\REAL\0228 (6).jpg,1.0,1
0228 (7).jpg,test\REAL\0228 (7).jpg,1.0,1
0228 (8).jpg,test\REAL\0228 (8).jpg,1.0,1
0228 (9).jpg,test\REAL\0228 (9).jpg,1.0,1
0228.jpg,test\REAL\0228.jpg,1.0,1
0229 (10).jpg,test\REAL\0229 (10).jpg,1.0,1
0229 (2).jpg,test\REAL\0229 (2).jpg,0.044415593,0
0229 (3).jpg,test\REAL\0229 (3).jpg,1.0,1
0229 (4).jpg,test\REAL\0229 (4).jpg,0.19670907,0
0229 (5).jpg,test\REAL\0229 (5).jpg,0.99944186,1
0229 (6).jpg,test\REAL\0229 (6).jpg,0.99999976,1
0229 (7).jpg,test\REAL\0229 (7).jpg,0.9982121,1
0229 (8).jpg,test\REAL\0229 (8).jpg,1.0,1
0229 (9).jpg,test\REAL\0229 (9).jpg,0.24167809,0
0229.jpg,test\REAL\0229.jpg,1.0,1
0230 (10).jpg,test\REAL\0230 (10).jpg,1.0,1
0230 (2).jpg,test\REAL\0230 (2).jpg,1.0,1
0230 (3).jpg,test\REAL\0230 (3).jpg,1.0,1
0230 (4).jpg,test\REAL\0230 (4).jpg,1.0,1
0230 (5).jpg,test\REAL\0230 (5).jpg,0.84915423,1
0230 (6).jpg,test\REAL\0230 (6).jpg,0.9974765,1
0230 (7).jpg,test\REAL\0230 (7).jpg,0.99999976,1
0230 (8).jpg,test\REAL\0230 (8).jpg,1.0,1
0230 (9).jpg,test\REAL\0230 (9).jpg,0.99526656,1
0230.jpg,test\REAL\0230.jpg,0.99974465,1
0231 (10).jpg,test\REAL\0231 (10).jpg,0.9346129,1
0231 (2).jpg,test\REAL\0231 (2).jpg,1.0,1
0231 (3).jpg,test\REAL\0231 (3).jpg,0.9987134,1
0231 (4).jpg,test\REAL\0231 (4).jpg,1.0,1
0231 (5).jpg,test\REAL\0231 (5).jpg,0.0127316415,0
0231 (6).jpg,test\REAL\0231 (6).jpg,0.0671725,0
0231 (7).jpg,test\REAL\0231 (7).jpg,1.0,1
0231 (8).jpg,test\REAL\0231 (8).jpg,0.9996878,1
0231 (9).jpg,test\REAL\0231 (9).jpg,0.99702144,1
0231.jpg,test\REAL\0231.jpg,0.9999859,1
0232 (10).jpg,test\REAL\0232 (10).jpg,0.999998,1
0232 (2).jpg,test\REAL\0232 (2).jpg,0.79853153,1
0232 (3).jpg,test\REAL\0232 (3).jpg,0.9999988,1
0232 (4).jpg,test\REAL\0232 (4).jpg,0.96410406,1
0232 (5).jpg,test\REAL\0232 (5).jpg,0.909226,1
0232 (6).jpg,test\REAL\0232 (6).jpg,0.99999756,1
0232 (7).jpg,test\REAL\0232 (7).jpg,0.99999714,1
0232 (8).jpg,test\REAL\0232 (8).jpg,1.0,1
0232 (9).jpg,test\REAL\0232 (9).jpg,0.44479367,0
0232.jpg,test\REAL\0232.jpg,0.9999822,1
0233 (10).jpg,test\REAL\0233 (10).jpg,1.0,1
0233 (2).jpg,test\REAL\0233 (2).jpg,0.99140334,1
0233 (3).jpg,test\REAL\0233 (3).jpg,0.96553266,1
0233 (4).jpg,test\REAL\0233 (4).jpg,0.9999964,1
0233 (5).jpg,test\REAL\0233 (5).jpg,0.9999995,1
0233 (6).jpg,test\REAL\0233 (6).jpg,0.35100698,0
0233 (7).jpg,test\REAL\0233 (7).jpg,1.0,1
0233 (8).jpg,test\REAL\0233 (8).jpg,0.8158651,1
0233 (9).jpg,test\REAL\0233 (9).jpg,0.999999,1
0233.jpg,test\REAL\0233.jpg,0.99999976,1
0234 (10).jpg,test\REAL\0234 (10).jpg,0.03158617,0
0234 (2).jpg,test\REAL\0234 (2).jpg,1.0,1
0234 (3).jpg,test\REAL\0234 (3).jpg,0.99131763,1
0234 (4).jpg,test\REAL\0234 (4).jpg,1.0,1
0234 (5).jpg,test\REAL\0234 (5).jpg,0.9999999,1
0234 (6).jpg,test\REAL\0234 (6).jpg,0.9999966,1
0234 (7).jpg,test\REAL\0234 (7).jpg,1.0,1
0234 (8).jpg,test\REAL\0234 (8).jpg,1.0,1
0234 (9).jpg,test\REAL\0234 (9).jpg,1.0,1
0234.jpg,test\REAL\0234.jpg,1.0,1
0235 (10).jpg,test\REAL\0235 (10).jpg,0.99990666,1
0235 (2).jpg,test\REAL\0235 (2).jpg,0.9789933,1
0235 (3).jpg,test\REAL\0235 (3).jpg,0.70976186,1
0235 (4).jpg,test\REAL\0235 (4).jpg,1.0,1
0235 (5).jpg,test\REAL\0235 (5).jpg,0.9999993,1
0235 (6).jpg,test\REAL\0235 (6).jpg,1.0,1
0235 (7).jpg,test\REAL\0235 (7).jpg,1.0,1
0235 (8).jpg,test\REAL\0235 (8).jpg,0.67776364,1
0235 (9).jpg,test\REAL\0235 (9).jpg,0.37995017,0
0235.jpg,test\REAL\0235.jpg,0.8259798,1
0236 (10).jpg,test\REAL\0236 (10).jpg,1.0,1
0236 (2).jpg,test\REAL\0236 (2).jpg,1.0,1
0236 (3).jpg,test\REAL\0236 (3).jpg,0.32736135,0
0236 (4).jpg,test\REAL\0236 (4).jpg,1.0,1
0236 (5).jpg,test\REAL\0236 (5).jpg,0.4964767,0
0236 (6).jpg,test\REAL\0236 (6).jpg,0.99998844,1
0236 (7).jpg,test\REAL\0236 (7).jpg,0.9999776,1
0236 (8).jpg,test\REAL\0236 (8).jpg,0.014160782,0
0236 (9).jpg,test\REAL\0236 (9).jpg,0.99987966,1
0236.jpg,test\REAL\0236.jpg,1.0,1
0237 (10).jpg,test\REAL\0237 (10).jpg,1.0,1
0237 (2).jpg,test\REAL\0237 (2).jpg,0.24819005,0
0237 (3).jpg,test\REAL\0237 (3).jpg,0.89455473,1
0237 (4).jpg,test\REAL\0237 (4).jpg,0.9954252,1
0237 (5).jpg,test\REAL\0237 (5).jpg,1.0,1
0237 (6).jpg,test\REAL\0237 (6).jpg,0.9923489,1
0237 (7).jpg,test\REAL\0237 (7).jpg,0.999986,1
0237 (8).jpg,test\REAL\0237 (8).jpg,0.9995371,1
0237 (9).jpg,test\REAL\0237 (9).jpg,0.48589796,0
0237.jpg,test\REAL\0237.jpg,0.9994157,1
0238 (10).jpg,test\REAL\0238 (10).jpg,1.0,1
0238 (2).jpg,test\REAL\0238 (2).jpg,0.98904276,1
0238 (3).jpg,test\REAL\0238 (3).jpg,1.0,1
0238 (4).jpg,test\REAL\0238 (4).jpg,1.0,1
0238 (5).jpg,test\REAL\0238 (5).jpg,0.92058384,1
0238 (6).jpg,test\REAL\0238 (6).jpg,1.0,1
0238 (7).jpg,test\REAL\0238 (7).jpg,0.99999976,1
0238 (8).jpg,test\REAL\0238 (8).jpg,0.45479262,0
0238 (9).jpg,test\REAL\0238 (9).jpg,0.999999,1
0238.jpg,test\REAL\0238.jpg,0.9999999,1
0239 (10).jpg,test\REAL\0239 (10).jpg,0.96342033,1
0239 (2).jpg,test\REAL\0239 (2).jpg,0.99999994,1
0239 (3).jpg,test\REAL\0239 (3).jpg,1.0,1
0239 (4).jpg,test\REAL\0239 (4).jpg,0.9994567,1
0239 (5).jpg,test\REAL\0239 (5).jpg,0.99999994,1
0239 (6).jpg,test\REAL\0239 (6).jpg,1.0,1
0239 (7).jpg,test\REAL\0239 (7).jpg,0.99998975,1
0239 (8).jpg,test\REAL\0239 (8).jpg,0.029977173,0
0239 (9).jpg,test\REAL\0239 (9).jpg,0.3124791,0
0239.jpg,test\REAL\0239.jpg,0.4429608,0
0240 (10).jpg,test\REAL\0240 (10).jpg,0.99455726,1
0240 (2).jpg,test\REAL\0240 (2).jpg,0.9999975,1
0240 (3).jpg,test\REAL\0240 (3).jpg,0.9326196,1
0240 (4).jpg,test\REAL\0240 (4).jpg,1.0,1
0240 (5).jpg,test\REAL\0240 (5).jpg,0.5676242,1
0240 (6).jpg,test\REAL\0240 (6).jpg,0.9762537,1
0240 (7).jpg,test\REAL\0240 (7).jpg,1.0,1
0240 (8).jpg,test\REAL\0240 (8).jpg,1.0,1
0240 (9).jpg,test\REAL\0240 (9).jpg,0.7195213,1
0240.jpg,test\REAL\0240.jpg,1.0,1
0241 (10).jpg,test\REAL\0241 (10).jpg,1.0,1
0241 (2).jpg,test\REAL\0241 (2).jpg,1.0,1
0241 (3).jpg,test\REAL\0241 (3).jpg,1.0,1
0241 (4).jpg,test\REAL\0241 (4).jpg,1.0,1
0241 (5).jpg,test\REAL\0241 (5).jpg,1.0,1
0241 (6).jpg,test\REAL\0241 (6).jpg,1.0,1
0241 (7).jpg,test\REAL\0241 (7).jpg,0.9851426,1
0241 (8).jpg,test\REAL\0241 (8).jpg,1.0,1
0241 (9).jpg,test\REAL\0241 (9).jpg,0.9592724,1
0241.jpg,test\REAL\0241.jpg,1.0,1
0242 (10).jpg,test\REAL\0242 (10).jpg,1.0,1
0242 (2).jpg,test\REAL\0242 (2).jpg,1.0,1
0242 (3).jpg,test\REAL\0242 (3).jpg,1.0,1
0242 (4).jpg,test\REAL\0242 (4).jpg,0.99999976,1
0242 (5).jpg,test\REAL\0242 (5).jpg,0.99869335,1
0242 (6).jpg,test\REAL\0242 (6).jpg,0.48212388,0
0242 (7).jpg,test\REAL\0242 (7).jpg,0.008044392,0
0242 (8).jpg,test\REAL\0242 (8).jpg,0.9991336,1
0242 (9).jpg,test\REAL\0242 (9).jpg,0.99999225,1
0242.jpg,test\REAL\0242.jpg,0.9999866,1
0243 (10).jpg,test\REAL\0243 (10).jpg,0.999542,1
0243 (2).jpg,test\REAL\0243 (2).jpg,0.0009302199,0
0243 (3).jpg,test\REAL\0243 (3).jpg,0.9827044,1
0243 (4).jpg,test\REAL\0243 (4).jpg,1.0,1
0243 (5).jpg,test\REAL\0243 (5).jpg,0.99998844,1
0243 (6).jpg,test\REAL\0243 (6).jpg,1.0,1
0243 (7).jpg,test\REAL\0243 (7).jpg,0.99999684,1
0243 (8).jpg,test\REAL\0243 (8).jpg,1.0,1
0243 (9).jpg,test\REAL\0243 (9).jpg,0.45751047,0
0243.jpg,test\REAL\0243.jpg,1.0,1
0244 (10).jpg,test\REAL\0244 (10).jpg,0.99852777,1
0244 (2).jpg,test\REAL\0244 (2).jpg,1.0,1
0244 (3).jpg,test\REAL\0244 (3).jpg,0.92378545,1
0244 (4).jpg,test\REAL\0244 (4).jpg,0.83399284,1
0244 (5).jpg,test\REAL\0244 (5).jpg,0.9614527,1
0244 (6).jpg,test\REAL\0244 (6).jpg,0.98841316,1
0244 (7).jpg,test\REAL\0244 (7).jpg,0.9921897,1
0244 (8).jpg,test\REAL\0244 (8).jpg,1.0,1
0244 (9).jpg,test\REAL\0244 (9).jpg,0.010910809,0
0244.jpg,test\REAL\0244.jpg,0.99999964,1
0245 (10).jpg,test\REAL\0245 (10).jpg,0.9997377,1
0245 (2).jpg,test\REAL\0245 (2).jpg,0.9999998,1
0245 (3).jpg,test\REAL\0245 (3).jpg,1.0,1
0245 (4).jpg,test\REAL\0245 (4).jpg,0.99991703,1
0245 (5).jpg,test\REAL\0245 (5).jpg,0.9999998,1
0245 (6).jpg,test\REAL\0245 (6).jpg,0.16079438,0
0245 (7).jpg,test\REAL\0245 (7).jpg,0.9920862,1
0245 (8).jpg,test\REAL\0245 (8).jpg,1.0,1
0245 (9).jpg,test\REAL\0245 (9).jpg,1.0,1
0245.jpg,test\REAL\0245.jpg,0.67782027,1
0246 (10).jpg,test\REAL\0246 (10).jpg,1.0,1
0246 (2).jpg,test\REAL\0246 (2).jpg,0.99966323,1
0246 (3).jpg,test\REAL\0246 (3).jpg,0.99856895,1
0246 (4).jpg,test\REAL\0246 (4).jpg,1.0,1
0246 (5).jpg,test\REAL\0246 (5).jpg,1.0,1
0246 (6).jpg,test\REAL\0246 (6).jpg,0.99999964,1
0246 (7).jpg,test\REAL\0246 (7).jpg,1.0,1
0246 (8).jpg,test\REAL\0246 (8).jpg,0.9998892,1
0246 (9).jpg,test\REAL\0246 (9).jpg,0.9999758,1
0246.jpg,test\REAL\0246.jpg,1.0,1
0247 (10).jpg,test\REAL\0247 (10).jpg,1.0,1
0247 (2).jpg,test\REAL\0247 (2).jpg,0.99999994,1
0247 (3).jpg,test\REAL\0247 (3).jpg,0.6311363,1
0247 (4).jpg,test\REAL\0247 (4).jpg,1.0,1
0247 (5).jpg,test\REAL\0247 (5).jpg,1.0,1
0247 (6).jpg,test\REAL\0247 (6).jpg,1.0,1
0247 (7).jpg,test\REAL\0247 (7).jpg,1.0,1
0247 (8).jpg,test\REAL\0247 (8).jpg,1.0,1
0247 (9).jpg,test\REAL\0247 (9).jpg,1.0,1
0247.jpg,test\REAL\0247.jpg,0.44418088,0
0248 (10).jpg,test\REAL\0248 (10).jpg,0.9999992,1
0248 (2).jpg,test\REAL\0248 (2).jpg,0.96571684,1
0248 (3).jpg,test\REAL\0248 (3).jpg,0.99887633,1
0248 (4).jpg,test\REAL\0248 (4).jpg,0.0005315542,0
0248 (5).jpg,test\REAL\0248 (5).jpg,0.9999988,1
0248 (6).jpg,test\REAL\0248 (6).jpg,1.0,1
0248 (7).jpg,test\REAL\0248 (7).jpg,0.07058045,0
0248 (8).jpg,test\REAL\0248 (8).jpg,0.44523716,0
0248 (9).jpg,test\REAL\0248 (9).jpg,1.0,1
0248.jpg,test\REAL\0248.jpg,0.07163373,0
0249 (10).jpg,test\REAL\0249 (10).jpg,0.9999998,1
0249 (2).jpg,test\REAL\0249 (2).jpg,1.0,1
0249 (3).jpg,test\REAL\0249 (3).jpg,0.9686141,1
0249 (4).jpg,test\REAL\0249 (4).jpg,0.99987113,1
0249 (5).jpg,test\REAL\0249 (5).jpg,1.0,1
0249 (6).jpg,test\REAL\0249 (6).jpg,0.87110984,1
0249 (7).jpg,test\REAL\0249 (7).jpg,1.0,1
0249 (8).jpg,test\REAL\0249 (8).jpg,0.9990739,1
0249 (9).jpg,test\REAL\0249 (9).jpg,1.0,1
0249.jpg,test\REAL\0249.jpg,0.03647366,0
0250 (10).jpg,test\REAL\0250 (10).jpg,0.98455614,1
0250 (2).jpg,test\REAL\0250 (2).jpg,1.0,1
0250 (3).jpg,test\REAL\0250 (3).jpg,1.0,1
0250 (4).jpg,test\REAL\0250 (4).jpg,1.0,1
0250 (5).jpg,test\REAL\0250 (5).jpg,1.0,1
0250 (6).jpg,test\REAL\0250 (6).jpg,0.84697163,1
0250 (7).jpg,test\REAL\0250 (7).jpg,1.0,1
0250 (8).jpg,test\REAL\0250 (8).jpg,0.9999785,1
0250 (9).jpg,test\REAL\0250 (9).jpg,0.99999976,1
0250.jpg,test\REAL\0250.jpg,0.99937105,1
0251 (10).jpg,test\REAL\0251 (10).jpg,1.0,1
0251 (2).jpg,test\REAL\0251 (2).jpg,0.5886583,1
0251 (3).jpg,test\REAL\0251 (3).jpg,0.78893214,1
0251 (4).jpg,test\REAL\0251 (4).jpg,0.9999997,1
0251 (5).jpg,test\REAL\0251 (5).jpg,0.04033813,0
0251 (6).jpg,test\REAL\0251 (6).jpg,1.0,1
0251 (7).jpg,test\REAL\0251 (7).jpg,0.99998415,1
0251 (8).jpg,test\REAL\0251 (8).jpg,1.0,1
0251 (9).jpg,test\REAL\0251 (9).jpg,1.0,1
0251.jpg,test\REAL\0251.jpg,0.9441676,1
0252 (10).jpg,test\REAL\0252 (10).jpg,0.9947661,1
0252 (2).jpg,test\REAL\0252 (2).jpg,0.9999901,1
0252 (3).jpg,test\REAL\0252 (3).jpg,0.99024177,1
0252 (4).jpg,test\REAL\0252 (4).jpg,0.9798926,1
0252 (5).jpg,test\REAL\0252 (5).jpg,1.0,1
0252 (6).jpg,test\REAL\0252 (6).jpg,1.0,1
0252 (7).jpg,test\REAL\0252 (7).jpg,0.99999726,1
0252 (8).jpg,test\REAL\0252 (8).jpg,0.0032604039,0
0252 (9).jpg,test\REAL\0252 (9).jpg,0.99999714,1
0252.jpg,test\REAL\0252.jpg,0.90322506,1
0253 (10).jpg,test\REAL\0253 (10).jpg,0.9642345,1
0253 (2).jpg,test\REAL\0253 (2).jpg,1.0,1
0253 (3).jpg,test\REAL\0253 (3).jpg,0.27955496,0
0253 (4).jpg,test\REAL\0253 (4).jpg,1.0,1
0253 (5).jpg,test\REAL\0253 (5).jpg,0.9743054,1
0253 (6).jpg,test\REAL\0253 (6).jpg,0.9962323,1
0253 (7).jpg,test\REAL\0253 (7).jpg,1.0,1
0253 (8).jpg,test\REAL\0253 (8).jpg,1.0,1
0253 (9).jpg,test\REAL\0253 (9).jpg,0.91355836,1
0253.jpg,test\REAL\0253.jpg,0.9978873,1
0254 (10).jpg,test\REAL\0254 (10).jpg,1.0,1
0254 (2).jpg,test\REAL\0254 (2).jpg,0.9999994,1
0254 (3).jpg,test\REAL\0254 (3).jpg,1.0,1
0254 (4).jpg,test\REAL\0254 (4).jpg,1.0,1
0254 (5).jpg,test\REAL\0254 (5).jpg,0.99999255,1
0254 (6).jpg,test\REAL\0254 (6).jpg,1.0,1
0254 (7).jpg,test\REAL\0254 (7).jpg,0.89043534,1
0254 (8).jpg,test\REAL\0254 (8).jpg,0.29973558,0
0254 (9).jpg,test\REAL\0254 (9).jpg,0.016884357,0
0254.jpg,test\REAL\0254.jpg,0.99999833,1
0255 (10).jpg,test\REAL\0255 (10).jpg,2.026558e-05,0
0255 (2).jpg,test\REAL\0255 (2).jpg,1.0,1
0255 (3).jpg,test\REAL\0255 (3).jpg,0.9994676,1
0255 (4).jpg,test\REAL\0255 (4).jpg,0.9973965,1
0255 (5).jpg,test\REAL\0255 (5).jpg,1.0,1
0255 (6).jpg,test\REAL\0255 (6).jpg,1.0,1
0255 (7).jpg,test\REAL\0255 (7).jpg,0.96229386,1
0255 (8).jpg,test\REAL\0255 (8).jpg,0.9998801,1
0255 (9).jpg,test\REAL\0255 (9).jpg,0.999997,1
0255.jpg,test\REAL\0255.jpg,1.0,1
0256 (10).jpg,test\REAL\0256 (10).jpg,1.0,1
0256 (2).jpg,test\REAL\0256 (2).jpg,0.99999726,1
0256 (3).jpg,test\REAL\0256 (3).jpg,1.0,1
0256 (4).jpg,test\REAL\0256 (4).jpg,1.0,1
0256 (5).jpg,test\REAL\0256 (5).jpg,1.0,1
0256 (6).jpg,test\REAL\0256 (6).jpg,0.99776626,1
0256 (7).jpg,test\REAL\0256 (7).jpg,0.9999089,1
0256 (8).jpg,test\REAL\0256 (8).jpg,0.99986565,1
0256 (9).jpg,test\REAL\0256 (9).jpg,0.99998575,1
0256.jpg,test\REAL\0256.jpg,0.9999886,1
0257 (10).jpg,test\REAL\0257 (10).jpg,0.9997526,1
0257 (2).jpg,test\REAL\0257 (2).jpg,0.065310776,0
0257 (3).jpg,test\REAL\0257 (3).jpg,0.15800938,0
0257 (4).jpg,test\REAL\0257 (4).jpg,1.0,1
0257 (5).jpg,test\REAL\0257 (5).jpg,0.99965906,1
0257 (6).jpg,test\REAL\0257 (6).jpg,0.9988458,1
0257 (7).jpg,test\REAL\0257 (7).jpg,6.377697e-06,0
0257 (8).jpg,test\REAL\0257 (8).jpg,0.99993145,1
0257 (9).jpg,test\REAL\0257 (9).jpg,1.0,1
0257.jpg,test\REAL\0257.jpg,0.9992949,1
0258 (10).jpg,test\REAL\0258 (10).jpg,0.9347004,1
0258 (2).jpg,test\REAL\0258 (2).jpg,1.0,1
0258 (3).jpg,test\REAL\0258 (3).jpg,1.937151e-06,0
0258 (4).jpg,test\REAL\0258 (4).jpg,1.0,1
0258 (5).jpg,test\REAL\0258 (5).jpg,0.998911,1
0258 (6).jpg,test\REAL\0258 (6).jpg,1.0,1
0258 (7).jpg,test\REAL\0258 (7).jpg,0.9970639,1
0258 (8).jpg,test\REAL\0258 (8).jpg,0.9997712,1
0258 (9).jpg,test\REAL\0258 (9).jpg,0.09498435,0
0258.jpg,test\REAL\0258.jpg,1.0,1
0259 (10).jpg,test\REAL\0259 (10).jpg,0.9999685,1
0259 (2).jpg,test\REAL\0259 (2).jpg,0.0015279055,0
0259 (3).jpg,test\REAL\0259 (3).jpg,0.9698491,1
0259 (4).jpg,test\REAL\0259 (4).jpg,1.0,1
0259 (5).jpg,test\REAL\0259 (5).jpg,0.9999997,1
0259 (6).jpg,test\REAL\0259 (6).jpg,0.9999802,1
0259 (7).jpg,test\REAL\0259 (7).jpg,1.0,1
0259 (8).jpg,test\REAL\0259 (8).jpg,0.9862598,1
0259 (9).jpg,test\REAL\0259 (9).jpg,0.99993277,1
0259.jpg,test\REAL\0259.jpg,0.07164693,0
0260 (10).jpg,test\REAL\0260 (10).jpg,1.0,1
0260 (2).jpg,test\REAL\0260 (2).jpg,0.8458091,1
0260 (3).jpg,test\REAL\0260 (3).jpg,0.9999989,1
0260 (4).jpg,test\REAL\0260 (4).jpg,0.022359908,0
0260 (5).jpg,test\REAL\0260 (5).jpg,1.0,1
0260 (6).jpg,test\REAL\0260 (6).jpg,1.0,1
0260 (7).jpg,test\REAL\0260 (7).jpg,1.0,1
0260 (8).jpg,test\REAL\0260 (8).jpg,1.0,1
0260 (9).jpg,test\REAL\0260 (9).jpg,0.08366859,0
0260.jpg,test\REAL\0260.jpg,0.99919355,1
0261 (10).jpg,test\REAL\0261 (10).jpg,1.0,1
0261 (2).jpg,test\REAL\0261 (2).jpg,0.9999969,1
0261 (3).jpg,test\REAL\0261 (3).jpg,0.0007497668,0
0261 (4).jpg,test\REAL\0261 (4).jpg,1.0,1
0261 (5).jpg,test\REAL\0261 (5).jpg,1.0,1
0261 (6).jpg,test\REAL\0261 (6).jpg,0.9731338,1
0261 (7).jpg,test\REAL\0261 (7).jpg,0.97323275,1
0261 (8).jpg,test\REAL\0261 (8).jpg,1.0,1
0261 (9).jpg,test\REAL\0261 (9).jpg,1.0,1
0261.jpg,test\REAL\0261.jpg,0.14291808,0
0262 (10).jpg,test\REAL\0262 (10).jpg,1.0,1
0262 (2).jpg,test\REAL\0262 (2).jpg,0.9990152,1
0262 (3).jpg,test\REAL\0262 (3).jpg,0.99999976,1
0262 (4).jpg,test\REAL\0262 (4).jpg,0.9999835,1
0262 (5).jpg,test\REAL\0262 (5).jpg,0.9999989,1
0262 (6).jpg,test\REAL\0262 (6).jpg,1.0,1
0262 (7).jpg,test\REAL\0262 (7).jpg,1.0,1
0262 (8).jpg,test\REAL\0262 (8).jpg,0.95907956,1
0262 (9).jpg,test\REAL\0262 (9).jpg,1.0,1
0262.jpg,test\REAL\0262.jpg,1.0,1
0263 (10).jpg,test\REAL\0263 (10).jpg,1.0,1
0263 (2).jpg,test\REAL\0263 (2).jpg,1.0,1
0263 (3).jpg,test\REAL\0263 (3).jpg,0.0085784495,0
0263 (4).jpg,test\REAL\0263 (4).jpg,0.99999976,1
0263 (5).jpg,test\REAL\0263 (5).jpg,1.0,1
0263 (6).jpg,test\REAL\0263 (6).jpg,0.9997301,1
0263 (7).jpg,test\REAL\0263 (7).jpg,0.9963516,1
0263 (8).jpg,test\REAL\0263 (8).jpg,1.0,1
0263 (9).jpg,test\REAL\0263 (9).jpg,0.08354333,0
0263.jpg,test\REAL\0263.jpg,0.999316,1
0264 (10).jpg,test\REAL\0264 (10).jpg,0.99998105,1
0264 (2).jpg,test\REAL\0264 (2).jpg,0.29523486,0
0264 (3).jpg,test\REAL\0264 (3).jpg,0.99997306,1
0264 (4).jpg,test\REAL\0264 (4).jpg,0.9974024,1
0264 (5).jpg,test\REAL\0264 (5).jpg,1.0,1
0264 (6).jpg,test\REAL\0264 (6).jpg,1.0,1
0264 (7).jpg,test\REAL\0264 (7).jpg,1.0,1
0264 (8).jpg,test\REAL\0264 (8).jpg,1.0,1
0264 (9).jpg,test\REAL\0264 (9).jpg,0.9999477,1
0264.jpg,test\REAL\0264.jpg,1.0,1
0265 (10).jpg,test\REAL\0265 (10).jpg,1.0,1
0265 (2).jpg,test\REAL\0265 (2).jpg,1.0,1
0265 (3).jpg,test\REAL\0265 (3).jpg,0.9999999,1
0265 (4).jpg,test\REAL\0265 (4).jpg,1.0,1
0265 (5).jpg,test\REAL\0265 (5).jpg,0.9999589,1
0265 (6).jpg,test\REAL\0265 (6).jpg,1.0,1
0265 (7).jpg,test\REAL\0265 (7).jpg,0.9998025,1
0265 (8).jpg,test\REAL\0265 (8).jpg,1.0,1
0265 (9).jpg,test\REAL\0265 (9).jpg,1.0,1
0265.jpg,test\REAL\0265.jpg,0.9823799,1
0266 (10).jpg,test\REAL\0266 (10).jpg,1.0,1
0266 (2).jpg,test\REAL\0266 (2).jpg,0.99662393,1
0266 (3).jpg,test\REAL\0266 (3).jpg,0.969068,1
0266 (4).jpg,test\REAL\0266 (4).jpg,1.0,1
0266 (5).jpg,test\REAL\0266 (5).jpg,0.9963701,1
0266 (6).jpg,test\REAL\0266 (6).jpg,1.0,1
0266 (7).jpg,test\REAL\0266 (7).jpg,0.6794442,1
0266 (8).jpg,test\REAL\0266 (8).jpg,1.0,1
0266 (9).jpg,test\REAL\0266 (9).jpg,0.20783022,0
0266.jpg,test\REAL\0266.jpg,1.0,1
0267 (10).jpg,test\REAL\0267 (10).jpg,0.9999938,1
0267 (2).jpg,test\REAL\0267 (2).jpg,0.99997747,1
0267 (3).jpg,test\REAL\0267 (3).jpg,0.7945407,1
0267 (4).jpg,test\REAL\0267 (4).jpg,0.0045559406,0
0267 (5).jpg,test\REAL\0267 (5).jpg,0.99999255,1
0267 (6).jpg,test\REAL\0267 (6).jpg,0.99982363,1
0267 (7).jpg,test\REAL\0267 (7).jpg,1.0,1
0267 (8).jpg,test\REAL\0267 (8).jpg,0.5501667,1
0267 (9).jpg,test\REAL\0267 (9).jpg,0.19808146,0
0267.jpg,test\REAL\0267.jpg,1.0,1
0268 (10).jpg,test\REAL\0268 (10).jpg,1.0,1
0268 (2).jpg,test\REAL\0268 (2).jpg,1.0,1
0268 (3).jpg,test\REAL\0268 (3).jpg,0.80577636,1
0268 (4).jpg,test\REAL\0268 (4).jpg,0.97724223,1
0268 (5).jpg,test\REAL\0268 (5).jpg,0.22667575,0
0268 (6).jpg,test\REAL\0268 (6).jpg,1.0,1
0268 (7).jpg,test\REAL\0268 (7).jpg,1.0,1
0268 (8).jpg,test\REAL\0268 (8).jpg,1.0,1
0268 (9).jpg,test\REAL\0268 (9).jpg,1.0,1
0268.jpg,test\REAL\0268.jpg,0.74317354,1
0269 (10).jpg,test\REAL\0269 (10).jpg,1.0,1
0269 (2).jpg,test\REAL\0269 (2).jpg,0.99989367,1
0269 (3).jpg,test\REAL\0269 (3).jpg,1.0,1
0269 (4).jpg,test\REAL\0269 (4).jpg,0.99908674,1
0269 (5).jpg,test\REAL\0269 (5).jpg,0.9980647,1
0269 (6).jpg,test\REAL\0269 (6).jpg,0.008194745,0
0269 (7).jpg,test\REAL\0269 (7).jpg,1.0,1
0269 (8).jpg,test\REAL\0269 (8).jpg,0.9998691,1
0269 (9).jpg,test\REAL\0269 (9).jpg,1.0,1
0269.jpg,test\REAL\0269.jpg,0.997785,1
0270 (10).jpg,test\REAL\0270 (10).jpg,0.99999905,1
0270 (2).jpg,test\REAL\0270 (2).jpg,0.9999987,1
0270 (3).jpg,test\REAL\0270 (3).jpg,1.0,1
0270 (4).jpg,test\REAL\0270 (4).jpg,0.9999999,1
0270 (5).jpg,test\REAL\0270 (5).jpg,0.8876983,1
0270 (6).jpg,test\REAL\0270 (6).jpg,1.0,1
0270 (7).jpg,test\REAL\0270 (7).jpg,1.0,1
0270 (8).jpg,test\REAL\0270 (8).jpg,0.99691194,1
0270 (9).jpg,test\REAL\0270 (9).jpg,0.92919135,1
0270.jpg,test\REAL\0270.jpg,1.0,1
0271 (10).jpg,test\REAL\0271 (10).jpg,0.98689735,1
0271 (2).jpg,test\REAL\0271 (2).jpg,1.0,1
0271 (3).jpg,test\REAL\0271 (3).jpg,1.0,1
0271 (4).jpg,test\REAL\0271 (4).jpg,0.9999703,1
0271 (5).jpg,test\REAL\0271 (5).jpg,0.9999119,1
0271 (6).jpg,test\REAL\0271 (6).jpg,0.05740434,0
0271 (7).jpg,test\REAL\0271 (7).jpg,1.0,1
0271 (8).jpg,test\REAL\0271 (8).jpg,0.9242719,1
0271 (9).jpg,test\REAL\0271 (9).jpg,0.99873245,1
0271.jpg,test\REAL\0271.jpg,0.99998957,1
0272 (10).jpg,test\REAL\0272 (10).jpg,1.0,1
0272 (2).jpg,test\REAL\0272 (2).jpg,0.999936,1
0272 (3).jpg,test\REAL\0272 (3).jpg,0.99999857,1
0272 (4).jpg,test\REAL\0272 (4).jpg,1.0,1
0272 (5).jpg,test\REAL\0272 (5).jpg,0.999998,1
0272 (6).jpg,test\REAL\0272 (6).jpg,0.0077170134,0
0272 (7).jpg,test\REAL\0272 (7).jpg,0.004517734,0
0272 (8).jpg,test\REAL\0272 (8).jpg,0.99975246,1
0272 (9).jpg,test\REAL\0272 (9).jpg,1.0,1
0272.jpg,test\REAL\0272.jpg,1.0,1
0273 (10).jpg,test\REAL\0273 (10).jpg,0.9998412,1
0273 (2).jpg,test\REAL\0273 (2).jpg,0.8708253,1
0273 (3).jpg,test\REAL\0273 (3).jpg,0.9831612,1
0273 (4).jpg,test\REAL\0273 (4).jpg,1.0,1
0273 (5).jpg,test\REAL\0273 (5).jpg,0.9843748,1
0273 (6).jpg,test\REAL\0273 (6).jpg,1.0,1
0273 (7).jpg,test\REAL\0273 (7).jpg,0.9999993,1
0273 (8).jpg,test\REAL\0273 (8).jpg,1.0,1
0273 (9).jpg,test\REAL\0273 (9).jpg,0.8524053,1
0273.jpg,test\REAL\0273.jpg,1.0,1
0274 (10).jpg,test\REAL\0274 (10).jpg,1.0,1
0274 (2).jpg,test\REAL\0274 (2).jpg,1.0,1
0274 (3).jpg,test\REAL\0274 (3).jpg,0.9999994,1
0274 (4).jpg,test\REAL\0274 (4).jpg,1.0,1
0274 (5).jpg,test\REAL\0274 (5).jpg,0.16452405,0
0274 (6).jpg,test\REAL\0274 (6).jpg,0.00058335066,0
0274 (7).jpg,test\REAL\0274 (7).jpg,1.0,1
0274 (8).jpg,test\REAL\0274 (8).jpg,0.99994695,1
0274 (9).jpg,test\REAL\0274 (9).jpg,0.9311118,1
0274.jpg,test\REAL\0274.jpg,0.8695515,1
0275 (10).jpg,test\REAL\0275 (10).jpg,0.9928316,1
0275 (2).jpg,test\REAL\0275 (2).jpg,1.0,1
0275 (3).jpg,test\REAL\0275 (3).jpg,0.9999834,1
0275 (4).jpg,test\REAL\0275 (4).jpg,0.9999713,1
0275 (5).jpg,test\REAL\0275 (5).jpg,0.9999833,1
0275 (6).jpg,test\REAL\0275 (6).jpg,1.0,1
0275 (7).jpg,test\REAL\0275 (7).jpg,0.08737293,0
0275 (8).jpg,test\REAL\0275 (8).jpg,0.99999744,1
0275 (9).jpg,test\REAL\0275 (9).jpg,0.999293,1
0275.jpg,test\REAL\0275.jpg,0.0035250485,0
0276 (10).jpg,test\REAL\0276 (10).jpg,1.0,1
0276 (2).jpg,test\REAL\0276 (2).jpg,0.9999997,1
0276 (3).jpg,test\REAL\0276 (3).jpg,1.0,1
0276 (4).jpg,test\REAL\0276 (4).jpg,1.0,1
0276 (5).jpg,test\REAL\0276 (5).jpg,0.99942625,1
0276 (6).jpg,test\REAL\0276 (6).jpg,0.96597654,1
0276 (7).jpg,test\REAL\0276 (7).jpg,0.9999992,1
0276 (8).jpg,test\REAL\0276 (8).jpg,0.99792266,1
0276 (9).jpg,test\REAL\0276 (9).jpg,1.0,1
0276.jpg,test\REAL\0276.jpg,0.00083327293,0
0277 (10).jpg,test\REAL\0277 (10).jpg,1.0,1
0277 (2).jpg,test\REAL\0277 (2).jpg,1.0,1
0277 (3).jpg,test\REAL\0277 (3).jpg,1.0,1
0277 (4).jpg,test\REAL\0277 (4).jpg,1.0,1
0277 (5).jpg,test\REAL\0277 (5).jpg,0.99999475,1
0277 (6).jpg,test\REAL\0277 (6).jpg,0.9999999,1
0277 (7).jpg,test\REAL\0277 (7).jpg,0.35100698,0
0277 (8).jpg,test\REAL\0277 (8).jpg,0.08899352,0
0277 (9).jpg,test\REAL\0277 (9).jpg,0.43707827,0
0277.jpg,test\REAL\0277.jpg,1.0,1
0278 (10).jpg,test\REAL\0278 (10).jpg,0.45454866,0
0278 (2).jpg,test\REAL\0278 (2).jpg,1.0,1
0278 (3).jpg,test\REAL\0278 (3).jpg,1.0,1
0278 (4).jpg,test\REAL\0278 (4).jpg,0.95532846,1
0278 (5).jpg,test\REAL\0278 (5).jpg,0.9999999,1
0278 (6).jpg,test\REAL\0278 (6).jpg,0.14944768,0
0278 (7).jpg,test\REAL\0278 (7).jpg,1.0,1
0278 (8).jpg,test\REAL\0278 (8).jpg,0.0010994375,0
0278 (9).jpg,test\REAL\0278 (9).jpg,1.0,1
0278.jpg,test\REAL\0278.jpg,1.0,1
0279 (10).jpg,test\REAL\0279 (10).jpg,1.0,1
0279 (2).jpg,test\REAL\0279 (2).jpg,0.9999988,1
0279 (3).jpg,test\REAL\0279 (3).jpg,1.0,1
0279 (4).jpg,test\REAL\0279 (4).jpg,1.0,1
0279 (5).jpg,test\REAL\0279 (5).jpg,0.9999205,1
0279 (6).jpg,test\REAL\0279 (6).jpg,0.9999808,1
0279 (7).jpg,test\REAL\0279 (7).jpg,1.0,1
0279 (8).jpg,test\REAL\0279 (8).jpg,1.0,1
0279 (9).jpg,test\REAL\0279 (9).jpg,0.49692488,0
0279.jpg,test\REAL\0279.jpg,1.0,1
0280 (10).jpg,test\REAL\0280 (10).jpg,1.0,1
0280 (2).jpg,test\REAL\0280 (2).jpg,1.0,1
0280 (3).jpg,test\REAL\0280 (3).jpg,0.99930954,1
0280 (4).jpg,test\REAL\0280 (4).jpg,0.99975455,1
0280 (5).jpg,test\REAL\0280 (5).jpg,0.99963444,1
0280 (6).jpg,test\REAL\0280 (6).jpg,0.17757508,0
0280 (7).jpg,test\REAL\0280 (7).jpg,0.9818945,1
0280 (8).jpg,test\REAL\0280 (8).jpg,1.0,1
0280 (9).jpg,test\REAL\0280 (9).jpg,0.215871,0
0280.jpg,test\REAL\0280.jpg,0.9999999,1
0281 (10).jpg,test\REAL\0281 (10).jpg,0.62171936,1
0281 (2).jpg,test\REAL\0281 (2).jpg,0.9995642,1
0281 (3).jpg,test\REAL\0281 (3).jpg,0.14807987,0
0281 (4).jpg,test\REAL\0281 (4).jpg,0.0037980378,0
0281 (5).jpg,test\REAL\0281 (5).jpg,0.999997,1
0281 (6).jpg,test\REAL\0281 (6).jpg,1.0,1
0281 (7).jpg,test\REAL\0281 (7).jpg,0.9999988,1
0281 (8).jpg,test\REAL\0281 (8).jpg,0.99988186,1
0281 (9).jpg,test\REAL\0281 (9).jpg,0.97308797,1
0281.jpg,test\REAL\0281.jpg,1.0,1
0282 (10).jpg,test\REAL\0282 (10).jpg,0.9215811,1
0282 (2).jpg,test\REAL\0282 (2).jpg,1.0,1
0282 (3).jpg,test\REAL\0282 (3).jpg,1.0,1
0282 (4).jpg,test\REAL\0282 (4).jpg,1.0,1
0282 (5).jpg,test\REAL\0282 (5).jpg,1.0,1
0282 (6).jpg,test\REAL\0282 (6).jpg,1.0,1
0282 (7).jpg,test\REAL\0282 (7).jpg,1.0,1
0282 (8).jpg,test\REAL\0282 (8).jpg,0.99999964,1
0282 (9).jpg,test\REAL\0282 (9).jpg,0.69172275,1
0282.jpg,test\REAL\0282.jpg,0.94907796,1
0283 (10).jpg,test\REAL\0283 (10).jpg,0.97304827,1
0283 (2).jpg,test\REAL\0283 (2).jpg,0.999915,1
0283 (3).jpg,test\REAL\0283 (3).jpg,0.06277934,0
0283 (4).jpg,test\REAL\0283 (4).jpg,1.0,1
0283 (5).jpg,test\REAL\0283 (5).jpg,1.0,1
0283 (6).jpg,test\REAL\0283 (6).jpg,1.0,1
0283 (7).jpg,test\REAL\0283 (7).jpg,1.0,1
0283 (8).jpg,test\REAL\0283 (8).jpg,1.0,1
0283 (9).jpg,test\REAL\0283 (9).jpg,1.0,1
0283.jpg,test\REAL\0283.jpg,0.17329329,0
0284 (10).jpg,test\REAL\0284 (10).jpg,1.0,1
0284 (2).jpg,test\REAL\0284 (2).jpg,0.9999611,1
0284 (3).jpg,test\REAL\0284 (3).jpg,1.0,1
0284 (4).jpg,test\REAL\0284 (4).jpg,1.0,1
0284 (5).jpg,test\REAL\0284 (5).jpg,0.999987,1
0284 (6).jpg,test\REAL\0284 (6).jpg,0.99999416,1
0284 (7).jpg,test\REAL\0284 (7).jpg,1.0,1
0284 (8).jpg,test\REAL\0284 (8).jpg,1.0,1
0284 (9).jpg,test\REAL\0284 (9).jpg,0.9999622,1
0284.jpg,test\REAL\0284.jpg,0.95246446,1
0285 (10).jpg,test\REAL\0285 (10).jpg,0.99978745,1
0285 (2).jpg,test\REAL\0285 (2).jpg,1.0,1
0285 (3).jpg,test\REAL\0285 (3).jpg,0.35145986,0
0285 (4).jpg,test\REAL\0285 (4).jpg,0.9999987,1
0285 (5).jpg,test\REAL\0285 (5).jpg,0.99808854,1
0285 (6).jpg,test\REAL\0285 (6).jpg,1.0,1
0285 (7).jpg,test\REAL\0285 (7).jpg,1.0,1
0285 (8).jpg,test\REAL\0285 (8).jpg,0.99988574,1
0285 (9).jpg,test\REAL\0285 (9).jpg,0.9992355,1
0285.jpg,test\REAL\0285.jpg,1.0,1
0286 (10).jpg,test\REAL\0286 (10).jpg,0.99343497,1
0286 (2).jpg,test\REAL\0286 (2).jpg,5.066395e-07,0
0286 (3).jpg,test\REAL\0286 (3).jpg,0.9999974,1
0286 (4).jpg,test\REAL\0286 (4).jpg,0.9294479,1
0286 (5).jpg,test\REAL\0286 (5).jpg,1.0,1
0286 (6).jpg,test\REAL\0286 (6).jpg,0.99994695,1
0286 (7).jpg,test\REAL\0286 (7).jpg,0.9285034,1
0286 (8).jpg,test\REAL\0286 (8).jpg,0.99997735,1
0286 (9).jpg,test\REAL\0286 (9).jpg,1.0,1
0286.jpg,test\REAL\0286.jpg,1.0,1
0287 (10).jpg,test\REAL\0287 (10).jpg,1.0,1
0287 (2).jpg,test\REAL\0287 (2).jpg,0.0,0
0287 (3).jpg,test\REAL\0287 (3).jpg,0.08641994,0
0287 (4).jpg,test\REAL\0287 (4).jpg,0.99999917,1
0287 (5).jpg,test\REAL\0287 (5).jpg,0.999998,1
0287 (6).jpg,test\REAL\0287 (6).jpg,1.0,1
0287 (7).jpg,test\REAL\0287 (7).jpg,7.1823597e-06,0
0287 (8).jpg,test\REAL\0287 (8).jpg,0.9946711,1
0287 (9).jpg,test\REAL\0287 (9).jpg,1.0,1
0287.jpg,test\REAL\0287.jpg,1.0,1
0288 (10).jpg,test\REAL\0288 (10).jpg,1.0,1
0288 (2).jpg,test\REAL\0288 (2).jpg,0.045506686,0
0288 (3).jpg,test\REAL\0288 (3).jpg,0.9999989,1
0288 (4).jpg,test\REAL\0288 (4).jpg,0.99996185,1
0288 (5).jpg,test\REAL\0288 (5).jpg,1.0,1
0288 (6).jpg,test\REAL\0288 (6).jpg,0.7137734,1
0288 (7).jpg,test\REAL\0288 (7).jpg,1.0,1
0288 (8).jpg,test\REAL\0288 (8).jpg,0.9999987,1
0288 (9).jpg,test\REAL\0288 (9).jpg,0.99681824,1
0288.jpg,test\REAL\0288.jpg,0.99999917,1
0289 (10).jpg,test\REAL\0289 (10).jpg,1.0,1
0289 (2).jpg,test\REAL\0289 (2).jpg,0.88603264,1
0289 (3).jpg,test\REAL\0289 (3).jpg,0.1366024,0
0289 (4).jpg,test\REAL\0289 (4).jpg,0.9999801,1
0289 (5).jpg,test\REAL\0289 (5).jpg,0.66244274,1
0289 (6).jpg,test\REAL\0289 (6).jpg,1.0,1
0289 (7).jpg,test\REAL\0289 (7).jpg,0.9999933,1
0289 (8).jpg,test\REAL\0289 (8).jpg,0.6212943,1
0289 (9).jpg,test\REAL\0289 (9).jpg,0.9999999,1
0289.jpg,test\REAL\0289.jpg,1.0,1
0290 (10).jpg,test\REAL\0290 (10).jpg,1.0,1
0290 (2).jpg,test\REAL\0290 (2).jpg,0.99999285,1
0290 (3).jpg,test\REAL\0290 (3).jpg,0.99995255,1
0290 (4).jpg,test\REAL\0290 (4).jpg,0.9998642,1
0290 (5).jpg,test\REAL\0290 (5).jpg,0.9999943,1
0290 (6).jpg,test\REAL\0290 (6).jpg,0.9999993,1
0290 (7).jpg,test\REAL\0290 (7).jpg,1.0,1
0290 (8).jpg,test\REAL\0290 (8).jpg,1.0,1
0290 (9).jpg,test\REAL\0290 (9).jpg,1.0,1
0290.jpg,test\REAL\0290.jpg,0.16902485,0
0291 (10).jpg,test\REAL\0291 (10).jpg,1.0,1
0291 (2).jpg,test\REAL\0291 (2).jpg,0.99630356,1
0291 (3).jpg,test\REAL\0291 (3).jpg,0.9168844,1
0291 (4).jpg,test\REAL\0291 (4).jpg,1.0,1
0291 (5).jpg,test\REAL\0291 (5).jpg,1.0,1
0291 (6).jpg,test\REAL\0291 (6).jpg,1.0,1
0291 (7).jpg,test\REAL\0291 (7).jpg,0.99982154,1
0291 (8).jpg,test\REAL\0291 (8).jpg,0.9999997,1
0291 (9).jpg,test\REAL\0291 (9).jpg,0.9999997,1
0291.jpg,test\REAL\0291.jpg,1.0,1
0292 (10).jpg,test\REAL\0292 (10).jpg,1.0,1
0292 (2).jpg,test\REAL\0292 (2).jpg,0.46223968,0
0292 (3).jpg,test\REAL\0292 (3).jpg,0.9999995,1
0292 (4).jpg,test\REAL\0292 (4).jpg,1.0,1
0292 (5).jpg,test\REAL\0292 (5).jpg,0.9999956,1
0292 (6).jpg,test\REAL\0292 (6).jpg,0.48545507,0
0292 (7).jpg,test\REAL\0292 (7).jpg,0.9999963,1
0292 (8).jpg,test\REAL\0292 (8).jpg,0.8856996,1
0292 (9).jpg,test\REAL\0292 (9).jpg,1.0,1
0292.jpg,test\REAL\0292.jpg,0.9974799,1
0293 (10).jpg,test\REAL\0293 (10).jpg,0.77429855,1
0293 (2).jpg,test\REAL\0293 (2).jpg,0.99946123,1
0293 (3).jpg,test\REAL\0293 (3).jpg,1.0,1
0293 (4).jpg,test\REAL\0293 (4).jpg,0.99676675,1
0293 (5).jpg,test\REAL\0293 (5).jpg,1.0,1
0293 (6).jpg,test\REAL\0293 (6).jpg,1.0,1
0293 (7).jpg,test\REAL\0293 (7).jpg,0.9992209,1
0293 (8).jpg,test\REAL\0293 (8).jpg,1.0,1
0293 (9).jpg,test\REAL\0293 (9).jpg,0.9918156,1
0293.jpg,test\REAL\0293.jpg,0.9179853,1
0294 (10).jpg,test\REAL\0294 (10).jpg,1.0,1
0294 (2).jpg,test\REAL\0294 (2).jpg,1.0,1
0294 (3).jpg,test\REAL\0294 (3).jpg,0.214181,0
0294 (4).jpg,test\REAL\0294 (4).jpg,1.0,1
0294 (5).jpg,test\REAL\0294 (5).jpg,1.0,1
0294 (6).jpg,test\REAL\0294 (6).jpg,0.99884546,1
0294 (7).jpg,test\REAL\0294 (7).jpg,0.9999496,1
0294 (8).jpg,test\REAL\0294 (8).jpg,1.0,1
0294 (9).jpg,test\REAL\0294 (9).jpg,0.99991417,1
0294.jpg,test\REAL\0294.jpg,0.9938227,1
0295 (10).jpg,test\REAL\0295 (10).jpg,1.0,1
0295 (2).jpg,test\REAL\0295 (2).jpg,0.011087924,0
0295 (3).jpg,test\REAL\0295 (3).jpg,0.99995005,1
0295 (4).jpg,test\REAL\0295 (4).jpg,0.69469374,1
0295 (5).jpg,test\REAL\0295 (5).jpg,0.9998961,1
0295 (6).jpg,test\REAL\0295 (6).jpg,1.0,1
0295 (7).jpg,test\REAL\0295 (7).jpg,0.9955168,1
0295 (8).jpg,test\REAL\0295 (8).jpg,0.99999976,1
0295 (9).jpg,test\REAL\0295 (9).jpg,0.93318444,1
0295.jpg,test\REAL\0295.jpg,1.0,1
0296 (10).jpg,test\REAL\0296 (10).jpg,1.0,1
0296 (2).jpg,test\REAL\0296 (2).jpg,0.017826885,0
0296 (3).jpg,test\REAL\0296 (3).jpg,0.99999964,1
0296 (4).jpg,test\REAL\0296 (4).jpg,0.49499395,0
0296 (5).jpg,test\REAL\0296 (5).jpg,0.9999989,1
0296 (6).jpg,test\REAL\0296 (6).jpg,0.99999905,1
0296 (7).jpg,test\REAL\0296 (7).jpg,1.0,1
0296 (8).jpg,test\REAL\0296 (8).jpg,0.9598365,1
0296 (9).jpg,test\REAL\0296 (9).jpg,0.9998607,1
0296.jpg,test\REAL\0296.jpg,1.0,1
0297 (10).jpg,test\REAL\0297 (10).jpg,1.0,1
0297 (2).jpg,test\REAL\0297 (2).jpg,0.9999997,1
0297 (3).jpg,test\REAL\0297 (3).jpg,0.9940413,1
0297 (4).jpg,test\REAL\0297 (4).jpg,0.9932414,1
0297 (5).jpg,test\REAL\0297 (5).jpg,0.99999976,1
0297 (6).jpg,test\REAL\0297 (6).jpg,0.99999464,1
0297 (7).jpg,test\REAL\0297 (7).jpg,1.0,1
0297 (8).jpg,test\REAL\0297 (8).jpg,0.098911256,0
0297 (9).jpg,test\REAL\0297 (9).jpg,0.9823626,1
0297.jpg,test\REAL\0297.jpg,0.993523,1
0298 (10).jpg,test\REAL\0298 (10).jpg,1.0,1
0298 (2).jpg,test\REAL\0298 (2).jpg,0.999959,1
0298 (3).jpg,test\REAL\0298 (3).jpg,0.9827701,1
0298 (4).jpg,test\REAL\0298 (4).jpg,0.9999994,1
0298 (5).jpg,test\REAL\0298 (5).jpg,0.78520703,1
0298 (6).jpg,test\REAL\0298 (6).jpg,0.24218184,0
0298 (7).jpg,test\REAL\0298 (7).jpg,0.9994216,1
0298 (8).jpg,test\REAL\0298 (8).jpg,1.0,1
0298 (9).jpg,test\REAL\0298 (9).jpg,0.9976121,1
0298.jpg,test\REAL\0298.jpg,0.017764539,0
0299 (10).jpg,test\REAL\0299 (10).jpg,0.99107516,1
0299 (2).jpg,test\REAL\0299 (2).jpg,0.9967011,1
0299 (3).jpg,test\REAL\0299 (3).jpg,1.0,1
0299 (4).jpg,test\REAL\0299 (4).jpg,1.0,1
0299 (5).jpg,test\REAL\0299 (5).jpg,0.99999976,1
0299 (6).jpg,test\REAL\0299 (6).jpg,1.0,1
0299 (7).jpg,test\REAL\0299 (7).jpg,0.9590521,1
0299 (8).jpg,test\REAL\0299 (8).jpg,1.0,1
0299 (9).jpg,test\REAL\0299 (9).jpg,0.99996924,1
0299.jpg,test\REAL\0299.jpg,1.0,1
0300 (10).jpg,test\REAL\0300 (10).jpg,0.9962238,1
0300 (2).jpg,test\REAL\0300 (2).jpg,0.047424346,0
0300 (3).jpg,test\REAL\0300 (3).jpg,0.993284,1
0300 (4).jpg,test\REAL\0300 (4).jpg,1.0,1
0300 (5).jpg,test\REAL\0300 (5).jpg,0.9999974,1
0300 (6).jpg,test\REAL\0300 (6).jpg,0.006055653,0
0300 (7).jpg,test\REAL\0300 (7).jpg,0.13272673,0
0300 (8).jpg,test\REAL\0300 (8).jpg,0.9999959,1
0300 (9).jpg,test\REAL\0300 (9).jpg,0.999995,1
0300.jpg,test\REAL\0300.jpg,0.37059304,0
0301 (10).jpg,test\REAL\0301 (10).jpg,0.99999964,1
0301 (2).jpg,test\REAL\0301 (2).jpg,0.14576161,0
0301 (3).jpg,test\REAL\0301 (3).jpg,0.3943043,0
0301 (4).jpg,test\REAL\0301 (4).jpg,1.0,1
0301 (5).jpg,test\REAL\0301 (5).jpg,0.9965627,1
0301 (6).jpg,test\REAL\0301 (6).jpg,1.0,1
0301 (7).jpg,test\REAL\0301 (7).jpg,0.99759924,1
0301 (8).jpg,test\REAL\0301 (8).jpg,0.83879256,1
0301 (9).jpg,test\REAL\0301 (9).jpg,0.99998206,1
0301.jpg,test\REAL\0301.jpg,0.99999976,1
0302 (10).jpg,test\REAL\0302 (10).jpg,1.0,1
0302 (2).jpg,test\REAL\0302 (2).jpg,0.99999917,1
0302 (3).jpg,test\REAL\0302 (3).jpg,0.89829403,1
0302 (4).jpg,test\REAL\0302 (4).jpg,1.0,1
0302 (5).jpg,test\REAL\0302 (5).jpg,1.0,1
0302 (6).jpg,test\REAL\0302 (6).jpg,0.99999404,1
0302 (7).jpg,test\REAL\0302 (7).jpg,1.0,1
0302 (8).jpg,test\REAL\0302 (8).jpg,1.0,1
0302 (9).jpg,test\REAL\0302 (9).jpg,0.99964494,1
0302.jpg,test\REAL\0302.jpg,1.0,1
0303 (10).jpg,test\REAL\0303 (10).jpg,0.9907227,1
0303 (2).jpg,test\REAL\0303 (2).jpg,1.0,1
0303 (3).jpg,test\REAL\0303 (3).jpg,0.902092,1
0303 (4).jpg,test\REAL\0303 (4).jpg,0.017222464,0
0303 (5).jpg,test\REAL\0303 (5).jpg,0.9808849,1
0303 (6).jpg,test\REAL\0303 (6).jpg,1.0,1
0303 (7).jpg,test\REAL\0303 (7).jpg,1.0,1
0303 (8).jpg,test\REAL\0303 (8).jpg,0.9833401,1
0303 (9).jpg,test\REAL\0303 (9).jpg,0.99125314,1
0303.jpg,test\REAL\0303.jpg,1.2516975e-06,0
0304 (10).jpg,test\REAL\0304 (10).jpg,0.042874783,0
0304 (2).jpg,test\REAL\0304 (2).jpg,0.99997723,1
0304 (3).jpg,test\REAL\0304 (3).jpg,0.98275673,1
0304 (4).jpg,test\REAL\0304 (4).jpg,1.0,1
0304 (5).jpg,test\REAL\0304 (5).jpg,1.0,1
0304 (6).jpg,test\REAL\0304 (6).jpg,1.0,1
0304 (7).jpg,test\REAL\0304 (7).jpg,0.99999464,1
0304 (8).jpg,test\REAL\0304 (8).jpg,1.0,1
0304 (9).jpg,test\REAL\0304 (9).jpg,0.99309605,1
0304.jpg,test\REAL\0304.jpg,1.0,1
0305 (10).jpg,test\REAL\0305 (10).jpg,1.0,1
0305 (2).jpg,test\REAL\0305 (2).jpg,1.0,1
0305 (3).jpg,test\REAL\0305 (3).jpg,0.3320068,0
0305 (4).jpg,test\REAL\0305 (4).jpg,0.9999852,1
0305 (5).jpg,test\REAL\0305 (5).jpg,0.9998578,1
0305 (6).jpg,test\REAL\0305 (6).jpg,1.0,1
0305 (7).jpg,test\REAL\0305 (7).jpg,1.0,1
0305 (8).jpg,test\REAL\0305 (8).jpg,1.0,1
0305 (9).jpg,test\REAL\0305 (9).jpg,1.0,1
0305.jpg,test\REAL\0305.jpg,0.9281968,1
0306 (10).jpg,test\REAL\0306 (10).jpg,1.0,1
0306 (2).jpg,test\REAL\0306 (2).jpg,1.0,1
0306 (3).jpg,test\REAL\0306 (3).jpg,1.0,1
0306 (4).jpg,test\REAL\0306 (4).jpg,0.99977136,1
0306 (5).jpg,test\REAL\0306 (5).jpg,1.0,1
0306 (6).jpg,test\REAL\0306 (6).jpg,1.0,1
0306 (7).jpg,test\REAL\0306 (7).jpg,1.0,1
0306 (8).jpg,test\REAL\0306 (8).jpg,0.9999999,1
0306 (9).jpg,test\REAL\0306 (9).jpg,0.53962064,1
0306.jpg,test\REAL\0306.jpg,0.3876448,0
0307 (10).jpg,test\REAL\0307 (10).jpg,1.0,1
0307 (2).jpg,test\REAL\0307 (2).jpg,0.9915999,1
0307 (3).jpg,test\REAL\0307 (3).jpg,1.0,1
0307 (4).jpg,test\REAL\0307 (4).jpg,1.0,1
0307 (5).jpg,test\REAL\0307 (5).jpg,0.9948514,1
0307 (6).jpg,test\REAL\0307 (6).jpg,0.99999356,1
0307 (7).jpg,test\REAL\0307 (7).jpg,1.0,1
0307 (8).jpg,test\REAL\0307 (8).jpg,0.9917281,1
0307 (9).jpg,test\REAL\0307 (9).jpg,0.96300536,1
0307.jpg,test\REAL\0307.jpg,0.0076556206,0
0308 (10).jpg,test\REAL\0308 (10).jpg,0.5438241,1
0308 (2).jpg,test\REAL\0308 (2).jpg,1.0,1
0308 (3).jpg,test\REAL\0308 (3).jpg,0.8235918,1
0308 (4).jpg,test\REAL\0308 (4).jpg,1.0,1
0308 (5).jpg,test\REAL\0308 (5).jpg,1.0,1
0308 (6).jpg,test\REAL\0308 (6).jpg,1.0,1
0308 (7).jpg,test\REAL\0308 (7).jpg,0.9999888,1
0308 (8).jpg,test\REAL\0308 (8).jpg,0.9999726,1
0308 (9).jpg,test\REAL\0308 (9).jpg,0.58959574,1
0308.jpg,test\REAL\0308.jpg,1.0,1
0309 (10).jpg,test\REAL\0309 (10).jpg,0.92259777,1
0309 (2).jpg,test\REAL\0309 (2).jpg,0.99998635,1
0309 (3).jpg,test\REAL\0309 (3).jpg,1.0,1
0309 (4).jpg,test\REAL\0309 (4).jpg,0.9999962,1
0309 (5).jpg,test\REAL\0309 (5).jpg,1.0,1
0309 (6).jpg,test\REAL\0309 (6).jpg,0.9479798,1
0309 (7).jpg,test\REAL\0309 (7).jpg,1.0,1
0309 (8).jpg,test\REAL\0309 (8).jpg,0.99969006,1
0309 (9).jpg,test\REAL\0309 (9).jpg,0.52967507,1
0309.jpg,test\REAL\0309.jpg,0.99990964,1
0310 (10).jpg,test\REAL\0310 (10).jpg,1.0,1
0310 (2).jpg,test\REAL\0310 (2).jpg,0.093597025,0
0310 (3).jpg,test\REAL\0310 (3).jpg,0.56700546,1
0310 (4).jpg,test\REAL\0310 (4).jpg,0.9998783,1
0310 (5).jpg,test\REAL\0310 (5).jpg,0.9999999,1
0310 (6).jpg,test\REAL\0310 (6).jpg,0.004146546,0
0310 (7).jpg,test\REAL\0310 (7).jpg,0.9999994,1
0310 (8).jpg,test\REAL\0310 (8).jpg,1.0,1
0310 (9).jpg,test\REAL\0310 (9).jpg,1.0,1
0310.jpg,test\REAL\0310.jpg,0.0029562712,0
0311 (10).jpg,test\REAL\0311 (10).jpg,1.0,1
0311 (2).jpg,test\REAL\0311 (2).jpg,0.9998817,1
0311 (3).jpg,test\REAL\0311 (3).jpg,0.9984249,1
0311 (4).jpg,test\REAL\0311 (4).jpg,0.99999774,1
0311 (5).jpg,test\REAL\0311 (5).jpg,0.7116244,1
0311 (6).jpg,test\REAL\0311 (6).jpg,1.0,1
0311 (7).jpg,test\REAL\0311 (7).jpg,1.0,1
0311 (8).jpg,test\REAL\0311 (8).jpg,0.99731714,1
0311 (9).jpg,test\REAL\0311 (9).jpg,1.0,1
0311.jpg,test\REAL\0311.jpg,1.0,1
0312 (10).jpg,test\REAL\0312 (10).jpg,1.0,1
0312 (2).jpg,test\REAL\0312 (2).jpg,1.0,1
0312 (3).jpg,test\REAL\0312 (3).jpg,0.35072738,0
0312 (4).jpg,test\REAL\0312 (4).jpg,0.9979387,1
0312 (5).jpg,test\REAL\0312 (5).jpg,1.0,1
0312 (6).jpg,test\REAL\0312 (6).jpg,1.0,1
0312 (7).jpg,test\REAL\0312 (7).jpg,1.0,1
0312 (8).jpg,test\REAL\0312 (8).jpg,0.89977336,1
0312 (9).jpg,test\REAL\0312 (9).jpg,0.87445986,1
0312.jpg,test\REAL\0312.jpg,1.0,1
0313 (10).jpg,test\REAL\0313 (10).jpg,1.0,1
0313 (2).jpg,test\REAL\0313 (2).jpg,1.0,1
0313 (3).jpg,test\REAL\0313 (3).jpg,1.0,1
0313 (4).jpg,test\REAL\0313 (4).jpg,1.0,1
0313 (5).jpg,test\REAL\0313 (5).jpg,0.99999994,1
0313 (6).jpg,test\REAL\0313 (6).jpg,1.0,1
0313 (7).jpg,test\REAL\0313 (7).jpg,0.97452235,1
0313 (8).jpg,test\REAL\0313 (8).jpg,1.0,1
0313 (9).jpg,test\REAL\0313 (9).jpg,0.99999785,1
0313.jpg,test\REAL\0313.jpg,3.924966e-05,0
0314 (10).jpg,test\REAL\0314 (10).jpg,0.9999999,1
0314 (2).jpg,test\REAL\0314 (2).jpg,0.8080953,1
0314 (3).jpg,test\REAL\0314 (3).jpg,0.9629853,1
0314 (4).jpg,test\REAL\0314 (4).jpg,1.0,1
0314 (5).jpg,test\REAL\0314 (5).jpg,0.80308884,1
0314 (6).jpg,test\REAL\0314 (6).jpg,0.9999602,1
0314 (7).jpg,test\REAL\0314 (7).jpg,0.5738641,1
0314 (8).jpg,test\REAL\0314 (8).jpg,0.9999993,1
0314 (9).jpg,test\REAL\0314 (9).jpg,0.30093783,0
0314.jpg,test\REAL\0314.jpg,0.0009124577,0
0315 (10).jpg,test\REAL\0315 (10).jpg,0.9663611,1
0315 (2).jpg,test\REAL\0315 (2).jpg,0.9999975,1
0315 (3).jpg,test\REAL\0315 (3).jpg,0.9753283,1
0315 (4).jpg,test\REAL\0315 (4).jpg,1.0,1
0315 (5).jpg,test\REAL\0315 (5).jpg,0.14170903,0
0315 (6).jpg,test\REAL\0315 (6).jpg,0.9999997,1
0315 (7).jpg,test\REAL\0315 (7).jpg,1.0,1
0315 (8).jpg,test\REAL\0315 (8).jpg,1.0,1
0315 (9).jpg,test\REAL\0315 (9).jpg,1.0,1
0315.jpg,test\REAL\0315.jpg,0.029127777,0
0316 (10).jpg,test\REAL\0316 (10).jpg,0.999999,1
0316 (2).jpg,test\REAL\0316 (2).jpg,0.0,0
0316 (3).jpg,test\REAL\0316 (3).jpg,0.99999976,1
0316 (4).jpg,test\REAL\0316 (4).jpg,1.0,1
0316 (5).jpg,test\REAL\0316 (5).jpg,0.9999524,1
0316 (6).jpg,test\REAL\0316 (6).jpg,0.28599593,0
0316 (7).jpg,test\REAL\0316 (7).jpg,1.0,1
0316 (8).jpg,test\REAL\0316 (8).jpg,1.0,1
0316 (9).jpg,test\REAL\0316 (9).jpg,1.0,1
0316.jpg,test\REAL\0316.jpg,0.9924104,1
0317 (10).jpg,test\REAL\0317 (10).jpg,1.0,1
0317 (2).jpg,test\REAL\0317 (2).jpg,0.00029328465,0
0317 (3).jpg,test\REAL\0317 (3).jpg,0.5720581,1
0317 (4).jpg,test\REAL\0317 (4).jpg,1.0,1
0317 (5).jpg,test\REAL\0317 (5).jpg,0.99999684,1
0317 (6).jpg,test\REAL\0317 (6).jpg,1.0,1
0317 (7).jpg,test\REAL\0317 (7).jpg,0.9999244,1
0317 (8).jpg,test\REAL\0317 (8).jpg,1.0,1
0317 (9).jpg,test\REAL\0317 (9).jpg,1.0,1
0317.jpg,test\REAL\0317.jpg,1.0,1
0318 (10).jpg,test\REAL\0318 (10).jpg,1.0,1
0318 (2).jpg,test\REAL\0318 (2).jpg,1.0,1
0318 (3).jpg,test\REAL\0318 (3).jpg,0.9940368,1
0318 (4).jpg,test\REAL\0318 (4).jpg,1.0,1
0318 (5).jpg,test\REAL\0318 (5).jpg,1.0,1
0318 (6).jpg,test\REAL\0318 (6).jpg,0.99998987,1
0318 (7).jpg,test\REAL\0318 (7).jpg,1.0,1
0318 (8).jpg,test\REAL\0318 (8).jpg,0.9999474,1
0318 (9).jpg,test\REAL\0318 (9).jpg,0.99999416,1
0318.jpg,test\REAL\0318.jpg,0.19991404,0
0319 (10).jpg,test\REAL\0319 (10).jpg,0.99999636,1
0319 (2).jpg,test\REAL\0319 (2).jpg,0.08942711,0
0319 (3).jpg,test\REAL\0319 (3).jpg,1.0,1
0319 (4).jpg,test\REAL\0319 (4).jpg,0.002007693,0
0319 (5).jpg,test\REAL\0319 (5).jpg,0.99999875,1
0319 (6).jpg,test\REAL\0319 (6).jpg,0.15672132,0
0319 (7).jpg,test\REAL\0319 (7).jpg,1.0,1
0319 (8).jpg,test\REAL\0319 (8).jpg,1.0,1
0319 (9).jpg,test\REAL\0319 (9).jpg,0.7860749,1
0319.jpg,test\REAL\0319.jpg,0.9999962,1
0320 (10).jpg,test\REAL\0320 (10).jpg,0.97610974,1
0320 (2).jpg,test\REAL\0320 (2).jpg,1.0,1
0320 (3).jpg,test\REAL\0320 (3).jpg,1.0,1
0320 (4).jpg,test\REAL\0320 (4).jpg,1.0,1
0320 (5).jpg,test\REAL\0320 (5).jpg,0.99942076,1
0320 (6).jpg,test\REAL\0320 (6).jpg,0.0,0
0320 (7).jpg,test\REAL\0320 (7).jpg,1.0,1
0320 (8).jpg,test\REAL\0320 (8).jpg,1.0,1
0320 (9).jpg,test\REAL\0320 (9).jpg,0.4110238,0
0320.jpg,test\REAL\0320.jpg,1.0,1
0321 (10).jpg,test\REAL\0321 (10).jpg,1.0,1
0321 (2).jpg,test\REAL\0321 (2).jpg,0.99986196,1
0321 (3).jpg,test\REAL\0321 (3).jpg,0.39481807,0
0321 (4).jpg,test\REAL\0321 (4).jpg,0.035535276,0
0321 (5).jpg,test\REAL\0321 (5).jpg,0.99974895,1
0321 (6).jpg,test\REAL\0321 (6).jpg,0.4263757,0
0321 (7).jpg,test\REAL\0321 (7).jpg,0.99983597,1
0321 (8).jpg,test\REAL\0321 (8).jpg,1.0,1
0321 (9).jpg,test\REAL\0321 (9).jpg,1.0,1
0321.jpg,test\REAL\0321.jpg,0.42667496,0
0322 (10).jpg,test\REAL\0322 (10).jpg,0.9999068,1
0322 (2).jpg,test\REAL\0322 (2).jpg,0.9646641,1
0322 (3).jpg,test\REAL\0322 (3).jpg,0.03588289,0
0322 (4).jpg,test\REAL\0322 (4).jpg,0.99999994,1
0322 (5).jpg,test\REAL\0322 (5).jpg,0.99978733,1
0322 (6).jpg,test\REAL\0322 (6).jpg,0.9999994,1
0322 (7).jpg,test\REAL\0322 (7).jpg,1.0,1
0322 (8).jpg,test\REAL\0322 (8).jpg,0.9999818,1
0322 (9).jpg,test\REAL\0322 (9).jpg,1.0,1
0322.jpg,test\REAL\0322.jpg,0.2644496,0
0323 (10).jpg,test\REAL\0323 (10).jpg,0.9996065,1
0323 (2).jpg,test\REAL\0323 (2).jpg,1.0,1
0323 (3).jpg,test\REAL\0323 (3).jpg,0.23323411,0
0323 (4).jpg,test\REAL\0323 (4).jpg,1.0,1
0323 (5).jpg,test\REAL\0323 (5).jpg,0.9999688,1
0323 (6).jpg,test\REAL\0323 (6).jpg,0.99926794,1
0323 (7).jpg,test\REAL\0323 (7).jpg,1.0,1
0323 (8).jpg,test\REAL\0323 (8).jpg,0.9987095,1
0323 (9).jpg,test\REAL\0323 (9).jpg,0.7787922,1
0323.jpg,test\REAL\0323.jpg,1.0,1
0324 (10).jpg,test\REAL\0324 (10).jpg,0.99997234,1
0324 (2).jpg,test\REAL\0324 (2).jpg,1.0,1
0324 (3).jpg,test\REAL\0324 (3).jpg,0.9996826,1
0324 (4).jpg,test\REAL\0324 (4).jpg,0.99999124,1
0324 (5).jpg,test\REAL\0324 (5).jpg,0.9786492,1
0324 (6).jpg,test\REAL\0324 (6).jpg,1.0,1
0324 (7).jpg,test\REAL\0324 (7).jpg,1.0,1
0324 (8).jpg,test\REAL\0324 (8).jpg,0.00027763844,0
0324 (9).jpg,test\REAL\0324 (9).jpg,0.99999416,1
0324.jpg,test\REAL\0324.jpg,1.0,1
0325 (10).jpg,test\REAL\0325 (10).jpg,1.0,1
0325 (2).jpg,test\REAL\0325 (2).jpg,1.0,1
0325 (3).jpg,test\REAL\0325 (3).jpg,0.8889828,1
0325 (4).jpg,test\REAL\0325 (4).jpg,1.0,1
0325 (5).jpg,test\REAL\0325 (5).jpg,1.0,1
0325 (6).jpg,test\REAL\0325 (6).jpg,1.0,1
0325 (7).jpg,test\REAL\0325 (7).jpg,1.0,1
0325 (8).jpg,test\REAL\0325 (8).jpg,0.9999975,1
0325 (9).jpg,test\REAL\0325 (9).jpg,0.22726235,0
0325.jpg,test\REAL\0325.jpg,1.0,1
0326 (10).jpg,test\REAL\0326 (10).jpg,0.9996718,1
0326 (2).jpg,test\REAL\0326 (2).jpg,1.5467405e-05,0
0326 (3).jpg,test\REAL\0326 (3).jpg,0.51073045,1
0326 (4).jpg,test\REAL\0326 (4).jpg,0.99791306,1
0326 (5).jpg,test\REAL\0326 (5).jpg,0.9950536,1
0326 (6).jpg,test\REAL\0326 (6).jpg,1.0,1
0326 (7).jpg,test\REAL\0326 (7).jpg,1.0,1
0326 (8).jpg,test\REAL\0326 (8).jpg,0.99999994,1
0326 (9).jpg,test\REAL\0326 (9).jpg,1.0,1
0326.jpg,test\REAL\0326.jpg,1.0,1
0327 (10).jpg,test\REAL\0327 (10).jpg,1.0,1
0327 (2).jpg,test\REAL\0327 (2).jpg,0.27638733,0
0327 (3).jpg,test\REAL\0327 (3).jpg,0.99803054,1
0327 (4).jpg,test\REAL\0327 (4).jpg,0.99369574,1
0327 (5).jpg,test\REAL\0327 (5).jpg,1.0,1
0327 (6).jpg,test\REAL\0327 (6).jpg,1.0,1
0327 (7).jpg,test\REAL\0327 (7).jpg,1.0,1
0327 (8).jpg,test\REAL\0327 (8).jpg,0.9955735,1
0327 (9).jpg,test\REAL\0327 (9).jpg,0.90284824,1
0327.jpg,test\REAL\0327.jpg,1.0,1
0328 (10).jpg,test\REAL\0328 (10).jpg,1.0,1
0328 (2).jpg,test\REAL\0328 (2).jpg,1.0,1
0328 (3).jpg,test\REAL\0328 (3).jpg,0.99731976,1
0328 (4).jpg,test\REAL\0328 (4).jpg,0.99999934,1
0328 (5).jpg,test\REAL\0328 (5).jpg,0.9999907,1
0328 (6).jpg,test\REAL\0328 (6).jpg,0.9999998,1
0328 (7).jpg,test\REAL\0328 (7).jpg,0.9999087,1
0328 (8).jpg,test\REAL\0328 (8).jpg,0.35100698,0
0328 (9).jpg,test\REAL\0328 (9).jpg,1.0,1
0328.jpg,test\REAL\0328.jpg,1.0,1
0329 (10).jpg,test\REAL\0329 (10).jpg,1.0,1
0329 (2).jpg,test\REAL\0329 (2).jpg,1.0,1
0329 (3).jpg,test\REAL\0329 (3).jpg,0.9606917,1
0329 (4).jpg,test\REAL\0329 (4).jpg,1.0,1
0329 (5).jpg,test\REAL\0329 (5).jpg,0.64058775,1
0329 (6).jpg,test\REAL\0329 (6).jpg,1.0,1
0329 (7).jpg,test\REAL\0329 (7).jpg,0.99670726,1
0329 (8).jpg,test\REAL\0329 (8).jpg,0.99092317,1
0329 (9).jpg,test\REAL\0329 (9).jpg,1.0,1
0329.jpg,test\REAL\0329.jpg,1.0,1
0330 (10).jpg,test\REAL\0330 (10).jpg,1.0,1
0330 (2).jpg,test\REAL\0330 (2).jpg,0.99991107,1
0330 (3).jpg,test\REAL\0330 (3).jpg,0.4652548,0
0330 (4).jpg,test\REAL\0330 (4).jpg,0.9999964,1
0330 (5).jpg,test\REAL\0330 (5).jpg,0.30289677,0
0330 (6).jpg,test\REAL\0330 (6).jpg,0.9365605,1
0330 (7).jpg,test\REAL\0330 (7).jpg,0.9970364,1
0330 (8).jpg,test\REAL\0330 (8).jpg,0.9996489,1
0330 (9).jpg,test\REAL\0330 (9).jpg,1.0,1
0330.jpg,test\REAL\0330.jpg,0.99977237,1
0331 (10).jpg,test\REAL\0331 (10).jpg,0.99124634,1
0331 (2).jpg,test\REAL\0331 (2).jpg,0.6495262,1
0331 (3).jpg,test\REAL\0331 (3).jpg,1.0,1
0331 (4).jpg,test\REAL\0331 (4).jpg,1.0,1
0331 (5).jpg,test\REAL\0331 (5).jpg,0.99988663,1
0331 (6).jpg,test\REAL\0331 (6).jpg,0.9949529,1
0331 (7).jpg,test\REAL\0331 (7).jpg,0.9999999,1
0331 (8).jpg,test\REAL\0331 (8).jpg,1.0,1
0331 (9).jpg,test\REAL\0331 (9).jpg,1.0,1
0331.jpg,test\REAL\0331.jpg,1.0,1
0332 (10).jpg,test\REAL\0332 (10).jpg,3.5762787e-06,0
0332 (2).jpg,test\REAL\0332 (2).jpg,0.99998915,1
0332 (3).jpg,test\REAL\0332 (3).jpg,1.0,1
0332 (4).jpg,test\REAL\0332 (4).jpg,1.0,1
0332 (5).jpg,test\REAL\0332 (5).jpg,0.99742424,1
0332 (6).jpg,test\REAL\0332 (6).jpg,1.0,1
0332 (7).jpg,test\REAL\0332 (7).jpg,0.99999774,1
0332 (8).jpg,test\REAL\0332 (8).jpg,1.0,1
0332 (9).jpg,test\REAL\0332 (9).jpg,1.0,1
0332.jpg,test\REAL\0332.jpg,0.99998724,1
0333 (10).jpg,test\REAL\0333 (10).jpg,0.9095309,1
0333 (2).jpg,test\REAL\0333 (2).jpg,0.0,0
0333 (3).jpg,test\REAL\0333 (3).jpg,0.087486595,0
0333 (4).jpg,test\REAL\0333 (4).jpg,1.0,1
0333 (5).jpg,test\REAL\0333 (5).jpg,0.99999356,1
0333 (6).jpg,test\REAL\0333 (6).jpg,1.0,1
0333 (7).jpg,test\REAL\0333 (7).jpg,0.60463417,1
0333 (8).jpg,test\REAL\0333 (8).jpg,0.36521232,0
0333 (9).jpg,test\REAL\0333 (9).jpg,0.9989902,1
0333.jpg,test\REAL\0333.jpg,1.0,1
0334 (10).jpg,test\REAL\0334 (10).jpg,1.0,1
0334 (2).jpg,test\REAL\0334 (2).jpg,0.97451913,1
0334 (3).jpg,test\REAL\0334 (3).jpg,1.0,1
0334 (4).jpg,test\REAL\0334 (4).jpg,0.9988808,1
0334 (5).jpg,test\REAL\0334 (5).jpg,0.98304635,1
0334 (6).jpg,test\REAL\0334 (6).jpg,0.18128493,0
0334 (7).jpg,test\REAL\0334 (7).jpg,1.0,1
0334 (8).jpg,test\REAL\0334 (8).jpg,0.99999666,1
0334 (9).jpg,test\REAL\0334 (9).jpg,1.0,1
0334.jpg,test\REAL\0334.jpg,0.99999225,1
0335 (10).jpg,test\REAL\0335 (10).jpg,1.0,1
0335 (2).jpg,test\REAL\0335 (2).jpg,0.009914786,0
0335 (3).jpg,test\REAL\0335 (3).jpg,1.0,1
0335 (4).jpg,test\REAL\0335 (4).jpg,0.23826933,0
0335 (5).jpg,test\REAL\0335 (5).jpg,0.33243906,0
0335 (6).jpg,test\REAL\0335 (6).jpg,0.9835793,1
0335 (7).jpg,test\REAL\0335 (7).jpg,1.0,1
0335 (8).jpg,test\REAL\0335 (8).jpg,0.00039416552,0
0335 (9).jpg,test\REAL\0335 (9).jpg,0.9999664,1
0335.jpg,test\REAL\0335.jpg,1.0,1
0336 (10).jpg,test\REAL\0336 (10).jpg,1.0,1
0336 (2).jpg,test\REAL\0336 (2).jpg,1.0,1
0336 (3).jpg,test\REAL\0336 (3).jpg,0.624488,1
0336 (4).jpg,test\REAL\0336 (4).jpg,0.99998814,1
0336 (5).jpg,test\REAL\0336 (5).jpg,0.99999607,1
0336 (6).jpg,test\REAL\0336 (6).jpg,0.9999999,1
0336 (7).jpg,test\REAL\0336 (7).jpg,0.9999999,1
0336 (8).jpg,test\REAL\0336 (8).jpg,1.0,1
0336 (9).jpg,test\REAL\0336 (9).jpg,0.70920604,1
0336.jpg,test\REAL\0336.jpg,0.99483067,1
0337 (10).jpg,test\REAL\0337 (10).jpg,1.0,1
0337 (2).jpg,test\REAL\0337 (2).jpg,1.0,1
0337 (3).jpg,test\REAL\0337 (3).jpg,1.0,1
0337 (4).jpg,test\REAL\0337 (4).jpg,0.82976615,1
0337 (5).jpg,test\REAL\0337 (5).jpg,1.0,1
0337 (6).jpg,test\REAL\0337 (6).jpg,0.9470065,1
0337 (7).jpg,test\REAL\0337 (7).jpg,0.077857584,0
0337 (8).jpg,test\REAL\0337 (8).jpg,0.9998964,1
0337 (9).jpg,test\REAL\0337 (9).jpg,0.9999566,1
0337.jpg,test\REAL\0337.jpg,0.9913696,1
0338 (10).jpg,test\REAL\0338 (10).jpg,1.0,1
0338 (2).jpg,test\REAL\0338 (2).jpg,1.0,1
0338 (3).jpg,test\REAL\0338 (3).jpg,0.99884343,1
0338 (4).jpg,test\REAL\0338 (4).jpg,1.0,1
0338 (5).jpg,test\REAL\0338 (5).jpg,1.0,1
0338 (6).jpg,test\REAL\0338 (6).jpg,7.483363e-05,0
0338 (7).jpg,test\REAL\0338 (7).jpg,1.0,1
0338 (8).jpg,test\REAL\0338 (8).jpg,1.0,1
0338 (9).jpg,test\REAL\0338 (9).jpg,1.0,1
0338.jpg,test\REAL\0338.jpg,1.0,1
0339 (10).jpg,test\REAL\0339 (10).jpg,1.0,1
0339 (2).jpg,test\REAL\0339 (2).jpg,1.0,1
0339 (3).jpg,test\REAL\0339 (3).jpg,0.47899318,0
0339 (4).jpg,test\REAL\0339 (4).jpg,0.99999976,1
0339 (5).jpg,test\REAL\0339 (5).jpg,0.9803684,1
0339 (6).jpg,test\REAL\0339 (6).jpg,0.91667897,1
0339 (7).jpg,test\REAL\0339 (7).jpg,0.9991346,1
0339 (8).jpg,test\REAL\0339 (8).jpg,0.98729026,1
0339 (9).jpg,test\REAL\0339 (9).jpg,1.0,1
0339.jpg,test\REAL\0339.jpg,1.0,1
0340 (10).jpg,test\REAL\0340 (10).jpg,1.0,1
0340 (2).jpg,test\REAL\0340 (2).jpg,0.97344327,1
0340 (3).jpg,test\REAL\0340 (3).jpg,0.984712,1
0340 (4).jpg,test\REAL\0340 (4).jpg,0.9999999,1
0340 (5).jpg,test\REAL\0340 (5).jpg,1.0,1
0340 (6).jpg,test\REAL\0340 (6).jpg,0.8576475,1
0340 (7).jpg,test\REAL\0340 (7).jpg,1.0,1
0340 (8).jpg,test\REAL\0340 (8).jpg,0.9999898,1
0340 (9).jpg,test\REAL\0340 (9).jpg,0.99930626,1
0340.jpg,test\REAL\0340.jpg,0.4976372,0
0341 (10).jpg,test\REAL\0341 (10).jpg,1.0,1
0341 (2).jpg,test\REAL\0341 (2).jpg,0.99939346,1
0341 (3).jpg,test\REAL\0341 (3).jpg,0.15579334,0
0341 (4).jpg,test\REAL\0341 (4).jpg,1.0,1
0341 (5).jpg,test\REAL\0341 (5).jpg,1.0,1
0341 (6).jpg,test\REAL\0341 (6).jpg,1.0,1
0341 (7).jpg,test\REAL\0341 (7).jpg,0.99992466,1
0341 (8).jpg,test\REAL\0341 (8).jpg,0.9834362,1
0341 (9).jpg,test\REAL\0341 (9).jpg,0.5777117,1
0341.jpg,test\REAL\0341.jpg,1.0,1
0342 (10).jpg,test\REAL\0342 (10).jpg,0.97911996,1
0342 (2).jpg,test\REAL\0342 (2).jpg,1.0,1
0342 (3).jpg,test\REAL\0342 (3).jpg,0.9999994,1
0342 (4).jpg,test\REAL\0342 (4).jpg,1.0,1
0342 (5).jpg,test\REAL\0342 (5).jpg,0.99999994,1
0342 (6).jpg,test\REAL\0342 (6).jpg,1.0,1
0342 (7).jpg,test\REAL\0342 (7).jpg,0.9973221,1
0342 (8).jpg,test\REAL\0342 (8).jpg,1.0,1
0342 (9).jpg,test\REAL\0342 (9).jpg,0.20858544,0
0342.jpg,test\REAL\0342.jpg,1.0,1
0343 (10).jpg,test\REAL\0343 (10).jpg,0.8994748,1
0343 (2).jpg,test\REAL\0343 (2).jpg,0.9999999,1
0343 (3).jpg,test\REAL\0343 (3).jpg,0.93242216,1
0343 (4).jpg,test\REAL\0343 (4).jpg,1.0,1
0343 (5).jpg,test\REAL\0343 (5).jpg,0.91360205,1
0343 (6).jpg,test\REAL\0343 (6).jpg,0.26563534,0
0343 (7).jpg,test\REAL\0343 (7).jpg,0.71144295,1
0343 (8).jpg,test\REAL\0343 (8).jpg,0.0050362647,0
0343 (9).jpg,test\REAL\0343 (9).jpg,0.00010815263,0
0343.jpg,test\REAL\0343.jpg,0.9773866,1
0344 (10).jpg,test\REAL\0344 (10).jpg,0.9999999,1
0344 (2).jpg,test\REAL\0344 (2).jpg,0.9999985,1
0344 (3).jpg,test\REAL\0344 (3).jpg,0.99530137,1
0344 (4).jpg,test\REAL\0344 (4).jpg,0.9999474,1
0344 (5).jpg,test\REAL\0344 (5).jpg,0.99991786,1
0344 (6).jpg,test\REAL\0344 (6).jpg,0.9999976,1
0344 (7).jpg,test\REAL\0344 (7).jpg,1.0,1
0344 (8).jpg,test\REAL\0344 (8).jpg,1.0,1
0344 (9).jpg,test\REAL\0344 (9).jpg,0.9899085,1
0344.jpg,test\REAL\0344.jpg,1.0,1
0345 (10).jpg,test\REAL\0345 (10).jpg,1.0,1
0345 (2).jpg,test\REAL\0345 (2).jpg,1.0,1
0345 (3).jpg,test\REAL\0345 (3).jpg,0.9766999,1
0345 (4).jpg,test\REAL\0345 (4).jpg,1.0,1
0345 (5).jpg,test\REAL\0345 (5).jpg,0.99730307,1
0345 (6).jpg,test\REAL\0345 (6).jpg,1.0,1
0345 (7).jpg,test\REAL\0345 (7).jpg,1.0,1
0345 (8).jpg,test\REAL\0345 (8).jpg,0.99999976,1
0345 (9).jpg,test\REAL\0345 (9).jpg,0.9999999,1
0345.jpg,test\REAL\0345.jpg,0.011220813,0
0346 (10).jpg,test\REAL\0346 (10).jpg,0.9968091,1
0346 (2).jpg,test\REAL\0346 (2).jpg,1.0,1
0346 (3).jpg,test\REAL\0346 (3).jpg,0.9822707,1
0346 (4).jpg,test\REAL\0346 (4).jpg,1.0,1
0346 (5).jpg,test\REAL\0346 (5).jpg,1.0,1
0346 (6).jpg,test\REAL\0346 (6).jpg,0.99999994,1
0346 (7).jpg,test\REAL\0346 (7).jpg,1.0,1
0346 (8).jpg,test\REAL\0346 (8).jpg,0.9998675,1
0346 (9).jpg,test\REAL\0346 (9).jpg,0.3921999,0
0346.jpg,test\REAL\0346.jpg,0.99999994,1
0347 (10).jpg,test\REAL\0347 (10).jpg,0.9941794,1
0347 (2).jpg,test\REAL\0347 (2).jpg,1.0,1
0347 (3).jpg,test\REAL\0347 (3).jpg,0.9994147,1
0347 (4).jpg,test\REAL\0347 (4).jpg,1.0,1
0347 (5).jpg,test\REAL\0347 (5).jpg,1.0,1
0347 (6).jpg,test\REAL\0347 (6).jpg,1.0,1
0347 (7).jpg,test\REAL\0347 (7).jpg,0.9999993,1
0347 (8).jpg,test\REAL\0347 (8).jpg,0.99999964,1
0347 (9).jpg,test\REAL\0347 (9).jpg,0.05792132,0
0347.jpg,test\REAL\0347.jpg,0.9993038,1
0348 (10).jpg,test\REAL\0348 (10).jpg,0.999704,1
0348 (2).jpg,test\REAL\0348 (2).jpg,0.999998,1
0348 (3).jpg,test\REAL\0348 (3).jpg,0.9999999,1
0348 (4).jpg,test\REAL\0348 (4).jpg,0.9999076,1
0348 (5).jpg,test\REAL\0348 (5).jpg,0.9999816,1
0348 (6).jpg,test\REAL\0348 (6).jpg,1.0,1
0348 (7).jpg,test\REAL\0348 (7).jpg,1.0,1
0348 (8).jpg,test\REAL\0348 (8).jpg,0.8534794,1
0348 (9).jpg,test\REAL\0348 (9).jpg,0.9810586,1
0348.jpg,test\REAL\0348.jpg,0.9999998,1
0349 (10).jpg,test\REAL\0349 (10).jpg,0.98791516,1
0349 (2).jpg,test\REAL\0349 (2).jpg,0.25631207,0
0349 (3).jpg,test\REAL\0349 (3).jpg,0.996891,1
0349 (4).jpg,test\REAL\0349 (4).jpg,1.0,1
0349 (5).jpg,test\REAL\0349 (5).jpg,0.71011084,1
0349 (6).jpg,test\REAL\0349 (6).jpg,0.99999875,1
0349 (7).jpg,test\REAL\0349 (7).jpg,0.9981754,1
0349 (8).jpg,test\REAL\0349 (8).jpg,1.0,1
0349 (9).jpg,test\REAL\0349 (9).jpg,0.9963732,1
0349.jpg,test\REAL\0349.jpg,1.0,1
0350 (10).jpg,test\REAL\0350 (10).jpg,1.0,1
0350 (2).jpg,test\REAL\0350 (2).jpg,0.14590937,0
0350 (3).jpg,test\REAL\0350 (3).jpg,0.06881225,0
0350 (4).jpg,test\REAL\0350 (4).jpg,1.0,1
0350 (5).jpg,test\REAL\0350 (5).jpg,1.0,1
0350 (6).jpg,test\REAL\0350 (6).jpg,1.0,1
0350 (7).jpg,test\REAL\0350 (7).jpg,0.9999959,1
0350 (8).jpg,test\REAL\0350 (8).jpg,1.0,1
0350 (9).jpg,test\REAL\0350 (9).jpg,0.9998278,1
0350.jpg,test\REAL\0350.jpg,2.2500753e-05,0
0351 (10).jpg,test\REAL\0351 (10).jpg,0.0059668124,0
0351 (2).jpg,test\REAL\0351 (2).jpg,1.0,1
0351 (3).jpg,test\REAL\0351 (3).jpg,0.9737754,1
0351 (4).jpg,test\REAL\0351 (4).jpg,0.9999999,1
0351 (5).jpg,test\REAL\0351 (5).jpg,1.0,1
0351 (6).jpg,test\REAL\0351 (6).jpg,0.19042248,0
0351 (7).jpg,test\REAL\0351 (7).jpg,1.0,1
0351 (8).jpg,test\REAL\0351 (8).jpg,1.0,1
0351 (9).jpg,test\REAL\0351 (9).jpg,0.9999993,1
0351.jpg,test\REAL\0351.jpg,0.99192494,1
0352 (10).jpg,test\REAL\0352 (10).jpg,0.98355013,1
0352 (2).jpg,test\REAL\0352 (2).jpg,0.81722945,1
0352 (3).jpg,test\REAL\0352 (3).jpg,0.08464947,0
0352 (4).jpg,test\REAL\0352 (4).jpg,0.9999998,1
0352 (5).jpg,test\REAL\0352 (5).jpg,0.84627366,1
0352 (6).jpg,test\REAL\0352 (6).jpg,0.9998996,1
0352 (7).jpg,test\REAL\0352 (7).jpg,0.9999784,1
0352 (8).jpg,test\REAL\0352 (8).jpg,0.0003938377,0
0352 (9).jpg,test\REAL\0352 (9).jpg,0.26278922,0
0352.jpg,test\REAL\0352.jpg,1.0,1
0353 (10).jpg,test\REAL\0353 (10).jpg,0.9986616,1
0353 (2).jpg,test\REAL\0353 (2).jpg,1.0,1
0353 (3).jpg,test\REAL\0353 (3).jpg,1.0,1
0353 (4).jpg,test\REAL\0353 (4).jpg,1.0,1
0353 (5).jpg,test\REAL\0353 (5).jpg,0.86999774,1
0353 (6).jpg,test\REAL\0353 (6).jpg,0.9992142,1
0353 (7).jpg,test\REAL\0353 (7).jpg,1.0,1
0353 (8).jpg,test\REAL\0353 (8).jpg,1.0,1
0353 (9).jpg,test\REAL\0353 (9).jpg,0.2782318,0
0353.jpg,test\REAL\0353.jpg,1.0,1
0354 (10).jpg,test\REAL\0354 (10).jpg,1.0,1
0354 (2).jpg,test\REAL\0354 (2).jpg,0.17334881,0
0354 (3).jpg,test\REAL\0354 (3).jpg,0.36960247,0
0354 (4).jpg,test\REAL\0354 (4).jpg,0.9705803,1
0354 (5).jpg,test\REAL\0354 (5).jpg,0.99999774,1
0354 (6).jpg,test\REAL\0354 (6).jpg,0.97858953,1
0354 (7).jpg,test\REAL\0354 (7).jpg,1.0,1
0354 (8).jpg,test\REAL\0354 (8).jpg,0.99995023,1
0354 (9).jpg,test\REAL\0354 (9).jpg,0.7437227,1
0354.jpg,test\REAL\0354.jpg,0.9995196,1
0355 (10).jpg,test\REAL\0355 (10).jpg,1.0,1
0355 (2).jpg,test\REAL\0355 (2).jpg,1.0,1
0355 (3).jpg,test\REAL\0355 (3).jpg,1.0,1
0355 (4).jpg,test\REAL\0355 (4).jpg,0.9997748,1
0355 (5).jpg,test\REAL\0355 (5).jpg,0.9996977,1
0355 (6).jpg,test\REAL\0355 (6).jpg,0.99992406,1
0355 (7).jpg,test\REAL\0355 (7).jpg,0.9968748,1
0355 (8).jpg,test\REAL\0355 (8).jpg,0.9318487,1
0355 (9).jpg,test\REAL\0355 (9).jpg,0.039311975,0
0355.jpg,test\REAL\0355.jpg,0.9959476,1
0356 (10).jpg,test\REAL\0356 (10).jpg,0.99796355,1
0356 (2).jpg,test\REAL\0356 (2).jpg,1.0,1
0356 (3).jpg,test\REAL\0356 (3).jpg,0.9874265,1
0356 (4).jpg,test\REAL\0356 (4).jpg,0.9999992,1
0356 (5).jpg,test\REAL\0356 (5).jpg,1.0,1
0356 (6).jpg,test\REAL\0356 (6).jpg,0.9999691,1
0356 (7).jpg,test\REAL\0356 (7).jpg,1.0,1
0356 (8).jpg,test\REAL\0356 (8).jpg,0.9999788,1
0356 (9).jpg,test\REAL\0356 (9).jpg,0.99999976,1
0356.jpg,test\REAL\0356.jpg,1.0,1
0357 (10).jpg,test\REAL\0357 (10).jpg,0.03721592,0
0357 (2).jpg,test\REAL\0357 (2).jpg,1.0,1
0357 (3).jpg,test\REAL\0357 (3).jpg,0.004240483,0
0357 (4).jpg,test\REAL\0357 (4).jpg,0.99997425,1
0357 (5).jpg,test\REAL\0357 (5).jpg,0.9993049,1
0357 (6).jpg,test\REAL\0357 (6).jpg,0.0012699962,0
0357 (7).jpg,test\REAL\0357 (7).jpg,0.9861448,1
0357 (8).jpg,test\REAL\0357 (8).jpg,1.0,1
0357 (9).jpg,test\REAL\0357 (9).jpg,0.8579761,1
0357.jpg,test\REAL\0357.jpg,0.9999888,1
0358 (10).jpg,test\REAL\0358 (10).jpg,0.99999285,1
0358 (2).jpg,test\REAL\0358 (2).jpg,1.0,1
0358 (3).jpg,test\REAL\0358 (3).jpg,1.0,1
0358 (4).jpg,test\REAL\0358 (4).jpg,0.99823195,1
0358 (5).jpg,test\REAL\0358 (5).jpg,0.99914956,1
0358 (6).jpg,test\REAL\0358 (6).jpg,0.70871156,1
0358 (7).jpg,test\REAL\0358 (7).jpg,1.0,1
0358 (8).jpg,test\REAL\0358 (8).jpg,1.0,1
0358 (9).jpg,test\REAL\0358 (9).jpg,0.8408187,1
0358.jpg,test\REAL\0358.jpg,2.9802322e-07,0
0359 (10).jpg,test\REAL\0359 (10).jpg,0.99229217,1
0359 (2).jpg,test\REAL\0359 (2).jpg,0.89776695,1
0359 (3).jpg,test\REAL\0359 (3).jpg,0.9999989,1
0359 (4).jpg,test\REAL\0359 (4).jpg,1.0,1
0359 (5).jpg,test\REAL\0359 (5).jpg,1.0,1
0359 (6).jpg,test\REAL\0359 (6).jpg,1.0,1
0359 (7).jpg,test\REAL\0359 (7).jpg,1.0,1
0359 (8).jpg,test\REAL\0359 (8).jpg,0.00096845627,0
0359 (9).jpg,test\REAL\0359 (9).jpg,0.9996917,1
0359.jpg,test\REAL\0359.jpg,0.012416601,0
0360 (10).jpg,test\REAL\0360 (10).jpg,0.076402396,0
0360 (2).jpg,test\REAL\0360 (2).jpg,0.9999988,1
0360 (3).jpg,test\REAL\0360 (3).jpg,0.040127754,0
0360 (4).jpg,test\REAL\0360 (4).jpg,1.0,1
0360 (5).jpg,test\REAL\0360 (5).jpg,1.0,1
0360 (6).jpg,test\REAL\0360 (6).jpg,0.9999987,1
0360 (7).jpg,test\REAL\0360 (7).jpg,1.0,1
0360 (8).jpg,test\REAL\0360 (8).jpg,1.0,1
0360 (9).jpg,test\REAL\0360 (9).jpg,1.0,1
0360.jpg,test\REAL\0360.jpg,0.72917086,1
0361 (10).jpg,test\REAL\0361 (10).jpg,1.0,1
0361 (2).jpg,test\REAL\0361 (2).jpg,0.98519623,1
0361 (3).jpg,test\REAL\0361 (3).jpg,0.87387514,1
0361 (4).jpg,test\REAL\0361 (4).jpg,0.019713253,0
0361 (5).jpg,test\REAL\0361 (5).jpg,0.999996,1
0361 (6).jpg,test\REAL\0361 (6).jpg,1.0,1
0361 (7).jpg,test\REAL\0361 (7).jpg,0.99999845,1
0361 (8).jpg,test\REAL\0361 (8).jpg,1.0,1
0361 (9).jpg,test\REAL\0361 (9).jpg,0.9999997,1
0361.jpg,test\REAL\0361.jpg,1.0,1
0362 (10).jpg,test\REAL\0362 (10).jpg,0.99966496,1
0362 (2).jpg,test\REAL\0362 (2).jpg,0.9999579,1
0362 (3).jpg,test\REAL\0362 (3).jpg,1.0,1
0362 (4).jpg,test\REAL\0362 (4).jpg,1.0,1
0362 (5).jpg,test\REAL\0362 (5).jpg,1.0,1
0362 (6).jpg,test\REAL\0362 (6).jpg,0.7059949,1
0362 (7).jpg,test\REAL\0362 (7).jpg,1.0,1
0362 (8).jpg,test\REAL\0362 (8).jpg,1.0,1
0362 (9).jpg,test\REAL\0362 (9).jpg,0.49743092,0
0362.jpg,test\REAL\0362.jpg,0.1242041,0
0363 (10).jpg,test\REAL\0363 (10).jpg,0.35100698,0
0363 (2).jpg,test\REAL\0363 (2).jpg,1.0,1
0363 (3).jpg,test\REAL\0363 (3).jpg,0.9999999,1
0363 (4).jpg,test\REAL\0363 (4).jpg,1.0,1
0363 (5).jpg,test\REAL\0363 (5).jpg,0.31177926,0
0363 (6).jpg,test\REAL\0363 (6).jpg,0.5356725,1
0363 (7).jpg,test\REAL\0363 (7).jpg,0.9999993,1
0363 (8).jpg,test\REAL\0363 (8).jpg,1.0,1
0363 (9).jpg,test\REAL\0363 (9).jpg,0.9875127,1
0363.jpg,test\REAL\0363.jpg,0.9997146,1
0364 (10).jpg,test\REAL\0364 (10).jpg,0.99998415,1
0364 (2).jpg,test\REAL\0364 (2).jpg,0.9993444,1
0364 (3).jpg,test\REAL\0364 (3).jpg,0.9994283,1
0364 (4).jpg,test\REAL\0364 (4).jpg,0.9999999,1
0364 (5).jpg,test\REAL\0364 (5).jpg,0.20529681,0
0364 (6).jpg,test\REAL\0364 (6).jpg,1.0,1
0364 (7).jpg,test\REAL\0364 (7).jpg,0.9999654,1
0364 (8).jpg,test\REAL\0364 (8).jpg,0.96085155,1
0364 (9).jpg,test\REAL\0364 (9).jpg,0.9999985,1
0364.jpg,test\REAL\0364.jpg,0.9999998,1
0365 (10).jpg,test\REAL\0365 (10).jpg,0.9999976,1
0365 (2).jpg,test\REAL\0365 (2).jpg,1.0,1
0365 (3).jpg,test\REAL\0365 (3).jpg,1.0,1
0365 (4).jpg,test\REAL\0365 (4).jpg,1.0,1
0365 (5).jpg,test\REAL\0365 (5).jpg,1.0,1
0365 (6).jpg,test\REAL\0365 (6).jpg,0.9999995,1
0365 (7).jpg,test\REAL\0365 (7).jpg,1.0,1
0365 (8).jpg,test\REAL\0365 (8).jpg,1.0,1
0365 (9).jpg,test\REAL\0365 (9).jpg,0.9997022,1
0365.jpg,test\REAL\0365.jpg,0.99999946,1
0366 (10).jpg,test\REAL\0366 (10).jpg,0.99999547,1
0366 (2).jpg,test\REAL\0366 (2).jpg,0.99946994,1
0366 (3).jpg,test\REAL\0366 (3).jpg,1.0,1
0366 (4).jpg,test\REAL\0366 (4).jpg,0.9939621,1
0366 (5).jpg,test\REAL\0366 (5).jpg,0.95973396,1
0366 (6).jpg,test\REAL\0366 (6).jpg,0.013021678,0
0366 (7).jpg,test\REAL\0366 (7).jpg,0.9999957,1
0366 (8).jpg,test\REAL\0366 (8).jpg,0.21276125,0
0366 (9).jpg,test\REAL\0366 (9).jpg,0.9926579,1
0366.jpg,test\REAL\0366.jpg,0.99987924,1
0367 (10).jpg,test\REAL\0367 (10).jpg,1.0,1
0367 (2).jpg,test\REAL\0367 (2).jpg,1.0,1
0367 (3).jpg,test\REAL\0367 (3).jpg,0.9966551,1
0367 (4).jpg,test\REAL\0367 (4).jpg,0.99992716,1
0367 (5).jpg,test\REAL\0367 (5).jpg,1.0,1
0367 (6).jpg,test\REAL\0367 (6).jpg,1.0,1
0367 (7).jpg,test\REAL\0367 (7).jpg,1.0,1
0367 (8).jpg,test\REAL\0367 (8).jpg,1.0,1
0367 (9).jpg,test\REAL\0367 (9).jpg,0.9996448,1
0367.jpg,test\REAL\0367.jpg,0.99480486,1
0368 (10).jpg,test\REAL\0368 (10).jpg,1.0,1
0368 (2).jpg,test\REAL\0368 (2).jpg,0.99987936,1
0368 (3).jpg,test\REAL\0368 (3).jpg,1.0,1
0368 (4).jpg,test\REAL\0368 (4).jpg,1.0,1
0368 (5).jpg,test\REAL\0368 (5).jpg,0.99781764,1
0368 (6).jpg,test\REAL\0368 (6).jpg,1.0,1
0368 (7).jpg,test\REAL\0368 (7).jpg,1.0,1
0368 (8).jpg,test\REAL\0368 (8).jpg,1.0,1
0368 (9).jpg,test\REAL\0368 (9).jpg,1.0,1
0368.jpg,test\REAL\0368.jpg,0.9979451,1
0369 (10).jpg,test\REAL\0369 (10).jpg,1.0,1
0369 (2).jpg,test\REAL\0369 (2).jpg,1.0,1
0369 (3).jpg,test\REAL\0369 (3).jpg,0.044232994,0
0369 (4).jpg,test\REAL\0369 (4).jpg,0.9982163,1
0369 (5).jpg,test\REAL\0369 (5).jpg,0.99999964,1
0369 (6).jpg,test\REAL\0369 (6).jpg,1.0,1
0369 (7).jpg,test\REAL\0369 (7).jpg,1.0,1
0369 (8).jpg,test\REAL\0369 (8).jpg,0.99892217,1
0369 (9).jpg,test\REAL\0369 (9).jpg,1.0,1
0369.jpg,test\REAL\0369.jpg,1.0,1
0370 (10).jpg,test\REAL\0370 (10).jpg,0.44525468,0
0370 (2).jpg,test\REAL\0370 (2).jpg,1.0,1
0370 (3).jpg,test\REAL\0370 (3).jpg,1.0,1
0370 (4).jpg,test\REAL\0370 (4).jpg,0.5672518,1
0370 (5).jpg,test\REAL\0370 (5).jpg,0.9978452,1
0370 (6).jpg,test\REAL\0370 (6).jpg,1.0,1
0370 (7).jpg,test\REAL\0370 (7).jpg,0.5076718,1
0370 (8).jpg,test\REAL\0370 (8).jpg,9.834766e-06,0
0370 (9).jpg,test\REAL\0370 (9).jpg,0.97361183,1
0370.jpg,test\REAL\0370.jpg,1.0,1
0371 (10).jpg,test\REAL\0371 (10).jpg,1.0,1
0371 (2).jpg,test\REAL\0371 (2).jpg,1.0,1
0371 (3).jpg,test\REAL\0371 (3).jpg,0.99962896,1
0371 (4).jpg,test\REAL\0371 (4).jpg,0.9999999,1
0371 (5).jpg,test\REAL\0371 (5).jpg,0.9999994,1
0371 (6).jpg,test\REAL\0371 (6).jpg,0.99294215,1
0371 (7).jpg,test\REAL\0371 (7).jpg,0.9992783,1
0371 (8).jpg,test\REAL\0371 (8).jpg,1.0,1
0371 (9).jpg,test\REAL\0371 (9).jpg,0.107433915,0
0371.jpg,test\REAL\0371.jpg,1.0,1
0372 (10).jpg,test\REAL\0372 (10).jpg,0.9596944,1
0372 (2).jpg,test\REAL\0372 (2).jpg,0.9331405,1
0372 (3).jpg,test\REAL\0372 (3).jpg,1.0,1
0372 (4).jpg,test\REAL\0372 (4).jpg,0.9993473,1
0372 (5).jpg,test\REAL\0372 (5).jpg,1.0,1
0372 (6).jpg,test\REAL\0372 (6).jpg,0.999933,1
0372 (7).jpg,test\REAL\0372 (7).jpg,0.96474594,1
0372 (8).jpg,test\REAL\0372 (8).jpg,0.95550704,1
0372 (9).jpg,test\REAL\0372 (9).jpg,0.96834266,1
0372.jpg,test\REAL\0372.jpg,1.0,1
0373 (10).jpg,test\REAL\0373 (10).jpg,1.0,1
0373 (2).jpg,test\REAL\0373 (2).jpg,1.0,1
0373 (3).jpg,test\REAL\0373 (3).jpg,0.42788133,0
0373 (4).jpg,test\REAL\0373 (4).jpg,1.0,1
0373 (5).jpg,test\REAL\0373 (5).jpg,0.97759676,1
0373 (6).jpg,test\REAL\0373 (6).jpg,0.0009329915,0
0373 (7).jpg,test\REAL\0373 (7).jpg,1.0,1
0373 (8).jpg,test\REAL\0373 (8).jpg,0.93904686,1
0373 (9).jpg,test\REAL\0373 (9).jpg,1.0,1
0373.jpg,test\REAL\0373.jpg,1.0,1
0374 (10).jpg,test\REAL\0374 (10).jpg,9.474158e-05,0
0374 (2).jpg,test\REAL\0374 (2).jpg,1.0,1
0374 (3).jpg,test\REAL\0374 (3).jpg,0.99999964,1
0374 (4).jpg,test\REAL\0374 (4).jpg,0.99893904,1
0374 (5).jpg,test\REAL\0374 (5).jpg,0.9999994,1
0374 (6).jpg,test\REAL\0374 (6).jpg,0.00031486154,0
0374 (7).jpg,test\REAL\0374 (7).jpg,0.9249488,1
0374 (8).jpg,test\REAL\0374 (8).jpg,1.0,1
0374 (9).jpg,test\REAL\0374 (9).jpg,1.0,1
0374.jpg,test\REAL\0374.jpg,1.0,1
0375 (10).jpg,test\REAL\0375 (10).jpg,0.0028001666,0
0375 (2).jpg,test\REAL\0375 (2).jpg,0.99999917,1
0375 (3).jpg,test\REAL\0375 (3).jpg,0.99176425,1
0375 (4).jpg,test\REAL\0375 (4).jpg,0.81417376,1
0375 (5).jpg,test\REAL\0375 (5).jpg,0.9995105,1
0375 (6).jpg,test\REAL\0375 (6).jpg,0.9999465,1
0375 (7).jpg,test\REAL\0375 (7).jpg,0.98631454,1
0375 (8).jpg,test\REAL\0375 (8).jpg,0.99487233,1
0375 (9).jpg,test\REAL\0375 (9).jpg,0.9991031,1
0375.jpg,test\REAL\0375.jpg,0.9401139,1
0376 (10).jpg,test\REAL\0376 (10).jpg,0.99997693,1
0376 (2).jpg,test\REAL\0376 (2).jpg,1.0,1
0376 (3).jpg,test\REAL\0376 (3).jpg,0.7376728,1
0376 (4).jpg,test\REAL\0376 (4).jpg,0.042309195,0
0376 (5).jpg,test\REAL\0376 (5).jpg,0.9801373,1
0376 (6).jpg,test\REAL\0376 (6).jpg,1.0,1
0376 (7).jpg,test\REAL\0376 (7).jpg,1.0,1
0376 (8).jpg,test\REAL\0376 (8).jpg,1.0,1
0376 (9).jpg,test\REAL\0376 (9).jpg,1.0,1
0376.jpg,test\REAL\0376.jpg,1.0,1
0377 (10).jpg,test\REAL\0377 (10).jpg,1.0,1
0377 (2).jpg,test\REAL\0377 (2).jpg,0.53296113,1
0377 (3).jpg,test\REAL\0377 (3).jpg,1.0,1
0377 (4).jpg,test\REAL\0377 (4).jpg,1.0,1
0377 (5).jpg,test\REAL\0377 (5).jpg,1.0,1
0377 (6).jpg,test\REAL\0377 (6).jpg,0.9999825,1
0377 (7).jpg,test\REAL\0377 (7).jpg,0.9997803,1
0377 (8).jpg,test\REAL\0377 (8).jpg,0.99999845,1
0377 (9).jpg,test\REAL\0377 (9).jpg,0.9994091,1
0377.jpg,test\REAL\0377.jpg,0.12603429,0
0378 (10).jpg,test\REAL\0378 (10).jpg,0.9690296,1
0378 (2).jpg,test\REAL\0378 (2).jpg,1.0,1
0378 (3).jpg,test\REAL\0378 (3).jpg,0.9998628,1
0378 (4).jpg,test\REAL\0378 (4).jpg,1.0,1
0378 (5).jpg,test\REAL\0378 (5).jpg,0.999968,1
0378 (6).jpg,test\REAL\0378 (6).jpg,1.0,1
0378 (7).jpg,test\REAL\0378 (7).jpg,0.99897176,1
0378 (8).jpg,test\REAL\0378 (8).jpg,2.5242567e-05,0
0378 (9).jpg,test\REAL\0378 (9).jpg,1.0,1
0378.jpg,test\REAL\0378.jpg,0.36845082,0
0379 (10).jpg,test\REAL\0379 (10).jpg,1.0,1
0379 (2).jpg,test\REAL\0379 (2).jpg,0.9999867,1
0379 (3).jpg,test\REAL\0379 (3).jpg,1.0,1
0379 (4).jpg,test\REAL\0379 (4).jpg,1.0,1
0379 (5).jpg,test\REAL\0379 (5).jpg,0.99999106,1
0379 (6).jpg,test\REAL\0379 (6).jpg,1.0,1
0379 (7).jpg,test\REAL\0379 (7).jpg,0.99189234,1
0379 (8).jpg,test\REAL\0379 (8).jpg,0.9909457,1
0379 (9).jpg,test\REAL\0379 (9).jpg,1.0,1
0379.jpg,test\REAL\0379.jpg,1.0,1
0380 (10).jpg,test\REAL\0380 (10).jpg,1.0,1
0380 (2).jpg,test\REAL\0380 (2).jpg,1.0,1
0380 (3).jpg,test\REAL\0380 (3).jpg,0.9853989,1
0380 (4).jpg,test\REAL\0380 (4).jpg,0.07891855,0
0380 (5).jpg,test\REAL\0380 (5).jpg,1.0,1
0380 (6).jpg,test\REAL\0380 (6).jpg,1.0,1
0380 (7).jpg,test\REAL\0380 (7).jpg,1.0,1
0380 (8).jpg,test\REAL\0380 (8).jpg,0.99795973,1
0380 (9).jpg,test\REAL\0380 (9).jpg,0.99999976,1
0380.jpg,test\REAL\0380.jpg,0.972563,1
0381 (10).jpg,test\REAL\0381 (10).jpg,0.99900544,1
0381 (2).jpg,test\REAL\0381 (2).jpg,1.0,1
0381 (3).jpg,test\REAL\0381 (3).jpg,0.99538493,1
0381 (4).jpg,test\REAL\0381 (4).jpg,1.0,1
0381 (5).jpg,test\REAL\0381 (5).jpg,0.98736835,1
0381 (6).jpg,test\REAL\0381 (6).jpg,1.0,1
0381 (7).jpg,test\REAL\0381 (7).jpg,1.0,1
0381 (8).jpg,test\REAL\0381 (8).jpg,0.97872245,1
0381 (9).jpg,test\REAL\0381 (9).jpg,0.9954185,1
0381.jpg,test\REAL\0381.jpg,0.99999213,1
0382 (10).jpg,test\REAL\0382 (10).jpg,0.9999846,1
0382 (2).jpg,test\REAL\0382 (2).jpg,0.83878803,1
0382 (3).jpg,test\REAL\0382 (3).jpg,0.9997911,1
0382 (4).jpg,test\REAL\0382 (4).jpg,0.037546188,0
0382 (5).jpg,test\REAL\0382 (5).jpg,0.9999821,1
0382 (6).jpg,test\REAL\0382 (6).jpg,0.9237049,1
0382 (7).jpg,test\REAL\0382 (7).jpg,0.999998,1
0382 (8).jpg,test\REAL\0382 (8).jpg,0.99998695,1
0382 (9).jpg,test\REAL\0382 (9).jpg,0.8842106,1
0382.jpg,test\REAL\0382.jpg,0.5038186,1
0383 (10).jpg,test\REAL\0383 (10).jpg,0.52097327,1
0383 (2).jpg,test\REAL\0383 (2).jpg,0.40891337,0
0383 (3).jpg,test\REAL\0383 (3).jpg,0.9999975,1
0383 (4).jpg,test\REAL\0383 (4).jpg,1.0,1
0383 (5).jpg,test\REAL\0383 (5).jpg,1.0,1
0383 (6).jpg,test\REAL\0383 (6).jpg,0.999751,1
0383 (7).jpg,test\REAL\0383 (7).jpg,0.9999099,1
0383 (8).jpg,test\REAL\0383 (8).jpg,1.0,1
0383 (9).jpg,test\REAL\0383 (9).jpg,0.6091317,1
0383.jpg,test\REAL\0383.jpg,1.0,1
0384 (10).jpg,test\REAL\0384 (10).jpg,0.84422565,1
0384 (2).jpg,test\REAL\0384 (2).jpg,0.99822617,1
0384 (3).jpg,test\REAL\0384 (3).jpg,0.99999994,1
0384 (4).jpg,test\REAL\0384 (4).jpg,1.0,1
0384 (5).jpg,test\REAL\0384 (5).jpg,0.99990493,1
0384 (6).jpg,test\REAL\0384 (6).jpg,1.0,1
0384 (7).jpg,test\REAL\0384 (7).jpg,1.0,1
0384 (8).jpg,test\REAL\0384 (8).jpg,0.010947764,0
0384 (9).jpg,test\REAL\0384 (9).jpg,0.99440575,1
0384.jpg,test\REAL\0384.jpg,1.0,1
0385 (10).jpg,test\REAL\0385 (10).jpg,5.2154064e-05,0
0385 (2).jpg,test\REAL\0385 (2).jpg,0.99112064,1
0385 (3).jpg,test\REAL\0385 (3).jpg,0.019758731,0
0385 (4).jpg,test\REAL\0385 (4).jpg,0.8483006,1
0385 (5).jpg,test\REAL\0385 (5).jpg,1.0,1
0385 (6).jpg,test\REAL\0385 (6).jpg,0.82982576,1
0385 (7).jpg,test\REAL\0385 (7).jpg,1.0,1
0385 (8).jpg,test\REAL\0385 (8).jpg,0.99954903,1
0385 (9).jpg,test\REAL\0385 (9).jpg,0.9796698,1
0385.jpg,test\REAL\0385.jpg,0.99999964,1
0386 (10).jpg,test\REAL\0386 (10).jpg,0.016007662,0
0386 (2).jpg,test\REAL\0386 (2).jpg,1.0,1
0386 (3).jpg,test\REAL\0386 (3).jpg,0.99999684,1
0386 (4).jpg,test\REAL\0386 (4).jpg,0.88994324,1
0386 (5).jpg,test\REAL\0386 (5).jpg,1.0,1
0386 (6).jpg,test\REAL\0386 (6).jpg,1.0,1
0386 (7).jpg,test\REAL\0386 (7).jpg,0.9999951,1
0386 (8).jpg,test\REAL\0386 (8).jpg,1.0,1
0386 (9).jpg,test\REAL\0386 (9).jpg,1.0,1
0386.jpg,test\REAL\0386.jpg,1.0,1
0387 (10).jpg,test\REAL\0387 (10).jpg,0.5330116,1
0387 (2).jpg,test\REAL\0387 (2).jpg,0.99999976,1
0387 (3).jpg,test\REAL\0387 (3).jpg,0.99999785,1
0387 (4).jpg,test\REAL\0387 (4).jpg,0.9778835,1
0387 (5).jpg,test\REAL\0387 (5).jpg,1.0,1
0387 (6).jpg,test\REAL\0387 (6).jpg,0.99927866,1
0387 (7).jpg,test\REAL\0387 (7).jpg,1.0,1
0387 (8).jpg,test\REAL\0387 (8).jpg,0.0378128,0
0387 (9).jpg,test\REAL\0387 (9).jpg,0.95764524,1
0387.jpg,test\REAL\0387.jpg,0.0002297759,0
0388 (10).jpg,test\REAL\0388 (10).jpg,0.99891645,1
0388 (2).jpg,test\REAL\0388 (2).jpg,1.0,1
0388 (3).jpg,test\REAL\0388 (3).jpg,0.9999612,1
0388 (4).jpg,test\REAL\0388 (4).jpg,0.9999999,1
0388 (5).jpg,test\REAL\0388 (5).jpg,1.0,1
0388 (6).jpg,test\REAL\0388 (6).jpg,1.0,1
0388 (7).jpg,test\REAL\0388 (7).jpg,0.9999997,1
0388 (8).jpg,test\REAL\0388 (8).jpg,0.9985038,1
0388 (9).jpg,test\REAL\0388 (9).jpg,1.0,1
0388.jpg,test\REAL\0388.jpg,1.0,1
0389 (10).jpg,test\REAL\0389 (10).jpg,1.0,1
0389 (2).jpg,test\REAL\0389 (2).jpg,0.76067793,1
0389 (3).jpg,test\REAL\0389 (3).jpg,0.99999714,1
0389 (4).jpg,test\REAL\0389 (4).jpg,0.03776014,0
0389 (5).jpg,test\REAL\0389 (5).jpg,0.41419035,0
0389 (6).jpg,test\REAL\0389 (6).jpg,0.9999982,1
0389 (7).jpg,test\REAL\0389 (7).jpg,0.47060493,0
0389 (8).jpg,test\REAL\0389 (8).jpg,1.0,1
0389 (9).jpg,test\REAL\0389 (9).jpg,0.8741106,1
0389.jpg,test\REAL\0389.jpg,1.0,1
0390 (10).jpg,test\REAL\0390 (10).jpg,1.0,1
0390 (2).jpg,test\REAL\0390 (2).jpg,0.41384444,0
0390 (3).jpg,test\REAL\0390 (3).jpg,0.6114006,1
0390 (4).jpg,test\REAL\0390 (4).jpg,0.010511756,0
0390 (5).jpg,test\REAL\0390 (5).jpg,1.0,1
0390 (6).jpg,test\REAL\0390 (6).jpg,1.4364719e-05,0
0390 (7).jpg,test\REAL\0390 (7).jpg,1.0,1
0390 (8).jpg,test\REAL\0390 (8).jpg,0.06956461,0
0390 (9).jpg,test\REAL\0390 (9).jpg,0.9998534,1
0390.jpg,test\REAL\0390.jpg,0.6267727,1
0391 (10).jpg,test\REAL\0391 (10).jpg,1.0,1
0391 (2).jpg,test\REAL\0391 (2).jpg,0.9080273,1
0391 (3).jpg,test\REAL\0391 (3).jpg,0.99777997,1
0391 (4).jpg,test\REAL\0391 (4).jpg,0.6450522,1
0391 (5).jpg,test\REAL\0391 (5).jpg,0.6763176,1
0391 (6).jpg,test\REAL\0391 (6).jpg,1.0,1
0391 (7).jpg,test\REAL\0391 (7).jpg,0.99998695,1
0391 (8).jpg,test\REAL\0391 (8).jpg,0.99999905,1
0391 (9).jpg,test\REAL\0391 (9).jpg,1.0,1
0391.jpg,test\REAL\0391.jpg,0.99999976,1
0392 (10).jpg,test\REAL\0392 (10).jpg,1.0,1
0392 (2).jpg,test\REAL\0392 (2).jpg,0.99987984,1
0392 (3).jpg,test\REAL\0392 (3).jpg,0.9793375,1
0392 (4).jpg,test\REAL\0392 (4).jpg,0.9999,1
0392 (5).jpg,test\REAL\0392 (5).jpg,0.9999999,1
0392 (6).jpg,test\REAL\0392 (6).jpg,1.0,1
0392 (7).jpg,test\REAL\0392 (7).jpg,0.98536074,1
0392 (8).jpg,test\REAL\0392 (8).jpg,0.9999982,1
0392 (9).jpg,test\REAL\0392 (9).jpg,0.92254883,1
0392.jpg,test\REAL\0392.jpg,0.9999999,1
0393 (10).jpg,test\REAL\0393 (10).jpg,0.99999976,1
0393 (2).jpg,test\REAL\0393 (2).jpg,0.9999991,1
0393 (3).jpg,test\REAL\0393 (3).jpg,6.201863e-05,0
0393 (4).jpg,test\REAL\0393 (4).jpg,1.0,1
0393 (5).jpg,test\REAL\0393 (5).jpg,0.999455,1
0393 (6).jpg,test\REAL\0393 (6).jpg,0.9999999,1
0393 (7).jpg,test\REAL\0393 (7).jpg,0.9999988,1
0393 (8).jpg,test\REAL\0393 (8).jpg,0.84294426,1
0393 (9).jpg,test\REAL\0393 (9).jpg,0.9996963,1
0393.jpg,test\REAL\0393.jpg,2.0176172e-05,0
0394 (10).jpg,test\REAL\0394 (10).jpg,0.99426794,1
0394 (2).jpg,test\REAL\0394 (2).jpg,0.9987831,1
0394 (3).jpg,test\REAL\0394 (3).jpg,0.9962126,1
0394 (4).jpg,test\REAL\0394 (4).jpg,0.00019180775,0
0394 (5).jpg,test\REAL\0394 (5).jpg,1.0,1
0394 (6).jpg,test\REAL\0394 (6).jpg,1.0,1
0394 (7).jpg,test\REAL\0394 (7).jpg,1.0,1
0394 (8).jpg,test\REAL\0394 (8).jpg,1.0,1
0394 (9).jpg,test\REAL\0394 (9).jpg,0.7929524,1
0394.jpg,test\REAL\0394.jpg,0.01872629,0
0395 (10).jpg,test\REAL\0395 (10).jpg,1.0,1
0395 (2).jpg,test\REAL\0395 (2).jpg,0.9999592,1
0395 (3).jpg,test\REAL\0395 (3).jpg,1.0,1
0395 (4).jpg,test\REAL\0395 (4).jpg,0.91019964,1
0395 (5).jpg,test\REAL\0395 (5).jpg,0.982345,1
0395 (6).jpg,test\REAL\0395 (6).jpg,0.999991,1
0395 (7).jpg,test\REAL\0395 (7).jpg,0.98884547,1
0395 (8).jpg,test\REAL\0395 (8).jpg,0.96191406,1
0395 (9).jpg,test\REAL\0395 (9).jpg,0.2066496,0
0395.jpg,test\REAL\0395.jpg,0.99894357,1
0396 (10).jpg,test\REAL\0396 (10).jpg,0.00019106269,0
0396 (2).jpg,test\REAL\0396 (2).jpg,0.50993156,1
0396 (3).jpg,test\REAL\0396 (3).jpg,0.99999976,1
0396 (4).jpg,test\REAL\0396 (4).jpg,0.99980795,1
0396 (5).jpg,test\REAL\0396 (5).jpg,0.99985844,1
0396 (6).jpg,test\REAL\0396 (6).jpg,0.99976933,1
0396 (7).jpg,test\REAL\0396 (7).jpg,1.0,1
0396 (8).jpg,test\REAL\0396 (8).jpg,1.0,1
0396 (9).jpg,test\REAL\0396 (9).jpg,0.82571566,1
0396.jpg,test\REAL\0396.jpg,0.0,0
0397 (10).jpg,test\REAL\0397 (10).jpg,0.99998987,1
0397 (2).jpg,test\REAL\0397 (2).jpg,0.966207,1
0397 (3).jpg,test\REAL\0397 (3).jpg,0.9999956,1
0397 (4).jpg,test\REAL\0397 (4).jpg,0.9939443,1
0397 (5).jpg,test\REAL\0397 (5).jpg,0.99823874,1
0397 (6).jpg,test\REAL\0397 (6).jpg,1.0,1
0397 (7).jpg,test\REAL\0397 (7).jpg,0.9975178,1
0397 (8).jpg,test\REAL\0397 (8).jpg,0.9999744,1
0397 (9).jpg,test\REAL\0397 (9).jpg,1.0,1
0397.jpg,test\REAL\0397.jpg,0.020933777,0
0398 (10).jpg,test\REAL\0398 (10).jpg,0.9999999,1
0398 (2).jpg,test\REAL\0398 (2).jpg,0.9997654,1
0398 (3).jpg,test\REAL\0398 (3).jpg,0.13635254,0
0398 (4).jpg,test\REAL\0398 (4).jpg,1.0,1
0398 (5).jpg,test\REAL\0398 (5).jpg,0.9999993,1
0398 (6).jpg,test\REAL\0398 (6).jpg,2.8967857e-05,0
0398 (7).jpg,test\REAL\0398 (7).jpg,0.9994638,1
0398 (8).jpg,test\REAL\0398 (8).jpg,1.0,1
0398 (9).jpg,test\REAL\0398 (9).jpg,0.9999747,1
0398.jpg,test\REAL\0398.jpg,1.0,1
0399 (10).jpg,test\REAL\0399 (10).jpg,1.0,1
0399 (2).jpg,test\REAL\0399 (2).jpg,1.0,1
0399 (3).jpg,test\REAL\0399 (3).jpg,0.003129989,0
0399 (4).jpg,test\REAL\0399 (4).jpg,0.9956533,1
0399 (5).jpg,test\REAL\0399 (5).jpg,0.9998675,1
0399 (6).jpg,test\REAL\0399 (6).jpg,1.0,1
0399 (7).jpg,test\REAL\0399 (7).jpg,0.9999994,1
0399 (8).jpg,test\REAL\0399 (8).jpg,1.0,1
0399 (9).jpg,test\REAL\0399 (9).jpg,0.9982095,1
0399.jpg,test\REAL\0399.jpg,0.99990344,1
0400 (10).jpg,test\REAL\0400 (10).jpg,1.0,1
0400 (2).jpg,test\REAL\0400 (2).jpg,1.0,1
0400 (3).jpg,test\REAL\0400 (3).jpg,0.99999416,1
0400 (4).jpg,test\REAL\0400 (4).jpg,1.0,1
0400 (5).jpg,test\REAL\0400 (5).jpg,0.999761,1
0400 (6).jpg,test\REAL\0400 (6).jpg,0.93972236,1
0400 (7).jpg,test\REAL\0400 (7).jpg,1.0,1
0400 (8).jpg,test\REAL\0400 (8).jpg,1.0,1
0400 (9).jpg,test\REAL\0400 (9).jpg,1.0,1
0400.jpg,test\REAL\0400.jpg,1.0,1
0401 (10).jpg,test\REAL\0401 (10).jpg,0.9999894,1
0401 (2).jpg,test\REAL\0401 (2).jpg,1.0,1
0401 (3).jpg,test\REAL\0401 (3).jpg,0.25099254,0
0401 (4).jpg,test\REAL\0401 (4).jpg,1.0,1
0401 (5).jpg,test\REAL\0401 (5).jpg,1.0,1
0401 (6).jpg,test\REAL\0401 (6).jpg,0.99952984,1
0401 (7).jpg,test\REAL\0401 (7).jpg,1.0,1
0401 (8).jpg,test\REAL\0401 (8).jpg,0.99997854,1
0401 (9).jpg,test\REAL\0401 (9).jpg,1.0,1
0401.jpg,test\REAL\0401.jpg,1.0,1
0402 (10).jpg,test\REAL\0402 (10).jpg,1.0,1
0402 (2).jpg,test\REAL\0402 (2).jpg,0.003742069,0
0402 (3).jpg,test\REAL\0402 (3).jpg,0.9999705,1
0402 (4).jpg,test\REAL\0402 (4).jpg,1.0,1
0402 (5).jpg,test\REAL\0402 (5).jpg,0.99999976,1
0402 (6).jpg,test\REAL\0402 (6).jpg,0.9999999,1
0402 (7).jpg,test\REAL\0402 (7).jpg,1.0,1
0402 (8).jpg,test\REAL\0402 (8).jpg,0.9722655,1
0402 (9).jpg,test\REAL\0402 (9).jpg,0.003890425,0
0402.jpg,test\REAL\0402.jpg,1.0,1
0403 (10).jpg,test\REAL\0403 (10).jpg,1.0,1
0403 (2).jpg,test\REAL\0403 (2).jpg,0.33307874,0
0403 (3).jpg,test\REAL\0403 (3).jpg,0.99999106,1
0403 (4).jpg,test\REAL\0403 (4).jpg,0.99998695,1
0403 (5).jpg,test\REAL\0403 (5).jpg,1.0,1
0403 (6).jpg,test\REAL\0403 (6).jpg,1.5079975e-05,0
0403 (7).jpg,test\REAL\0403 (7).jpg,0.9906068,1
0403 (8).jpg,test\REAL\0403 (8).jpg,0.92673075,1
0403 (9).jpg,test\REAL\0403 (9).jpg,0.99929106,1
0403.jpg,test\REAL\0403.jpg,0.9993646,1
0404 (10).jpg,test\REAL\0404 (10).jpg,1.0,1
0404 (2).jpg,test\REAL\0404 (2).jpg,0.99738896,1
0404 (3).jpg,test\REAL\0404 (3).jpg,1.0,1
0404 (4).jpg,test\REAL\0404 (4).jpg,0.9999999,1
0404 (5).jpg,test\REAL\0404 (5).jpg,0.9999996,1
0404 (6).jpg,test\REAL\0404 (6).jpg,1.0,1
0404 (7).jpg,test\REAL\0404 (7).jpg,0.9999999,1
0404 (8).jpg,test\REAL\0404 (8).jpg,0.19413528,0
0404 (9).jpg,test\REAL\0404 (9).jpg,0.99999976,1
0404.jpg,test\REAL\0404.jpg,1.0,1
0405 (10).jpg,test\REAL\0405 (10).jpg,1.0,1
0405 (2).jpg,test\REAL\0405 (2).jpg,0.9999666,1
0405 (3).jpg,test\REAL\0405 (3).jpg,1.0,1
0405 (4).jpg,test\REAL\0405 (4).jpg,0.68787855,1
0405 (5).jpg,test\REAL\0405 (5).jpg,0.9976301,1
0405 (6).jpg,test\REAL\0405 (6).jpg,1.0,1
0405 (7).jpg,test\REAL\0405 (7).jpg,1.0,1
0405 (8).jpg,test\REAL\0405 (8).jpg,0.99999976,1
0405 (9).jpg,test\REAL\0405 (9).jpg,0.20657808,0
0405.jpg,test\REAL\0405.jpg,0.8553283,1
0406 (10).jpg,test\REAL\0406 (10).jpg,0.010003358,0
0406 (2).jpg,test\REAL\0406 (2).jpg,0.968448,1
0406 (3).jpg,test\REAL\0406 (3).jpg,0.99999726,1
0406 (4).jpg,test\REAL\0406 (4).jpg,1.0,1
0406 (5).jpg,test\REAL\0406 (5).jpg,1.0,1
0406 (6).jpg,test\REAL\0406 (6).jpg,1.0,1
0406 (7).jpg,test\REAL\0406 (7).jpg,0.5801362,1
0406 (8).jpg,test\REAL\0406 (8).jpg,0.99959767,1
0406 (9).jpg,test\REAL\0406 (9).jpg,0.959476,1
0406.jpg,test\REAL\0406.jpg,1.0,1
0407 (10).jpg,test\REAL\0407 (10).jpg,0.38251534,0
0407 (2).jpg,test\REAL\0407 (2).jpg,0.9827167,1
0407 (3).jpg,test\REAL\0407 (3).jpg,0.9993162,1
0407 (4).jpg,test\REAL\0407 (4).jpg,0.9999994,1
0407 (5).jpg,test\REAL\0407 (5).jpg,0.99849147,1
0407 (6).jpg,test\REAL\0407 (6).jpg,0.22191992,0
0407 (7).jpg,test\REAL\0407 (7).jpg,1.0,1
0407 (8).jpg,test\REAL\0407 (8).jpg,1.0,1
0407 (9).jpg,test\REAL\0407 (9).jpg,0.9999947,1
0407.jpg,test\REAL\0407.jpg,0.99993837,1
0408 (10).jpg,test\REAL\0408 (10).jpg,1.0,1
0408 (2).jpg,test\REAL\0408 (2).jpg,0.72081655,1
0408 (3).jpg,test\REAL\0408 (3).jpg,1.0,1
0408 (4).jpg,test\REAL\0408 (4).jpg,1.0,1
0408 (5).jpg,test\REAL\0408 (5).jpg,0.9999988,1
0408 (6).jpg,test\REAL\0408 (6).jpg,0.9479617,1
0408 (7).jpg,test\REAL\0408 (7).jpg,1.0,1
0408 (8).jpg,test\REAL\0408 (8).jpg,1.0,1
0408 (9).jpg,test\REAL\0408 (9).jpg,1.0,1
0408.jpg,test\REAL\0408.jpg,1.0,1
0409 (10).jpg,test\REAL\0409 (10).jpg,0.111417174,0
0409 (2).jpg,test\REAL\0409 (2).jpg,0.15111819,0
0409 (3).jpg,test\REAL\0409 (3).jpg,0.99999774,1
0409 (4).jpg,test\REAL\0409 (4).jpg,0.22304556,0
0409 (5).jpg,test\REAL\0409 (5).jpg,0.9871775,1
0409 (6).jpg,test\REAL\0409 (6).jpg,1.0,1
0409 (7).jpg,test\REAL\0409 (7).jpg,0.9980289,1
0409 (8).jpg,test\REAL\0409 (8).jpg,0.9999839,1
0409 (9).jpg,test\REAL\0409 (9).jpg,1.0,1
0409.jpg,test\REAL\0409.jpg,0.8028468,1
0410 (10).jpg,test\REAL\0410 (10).jpg,0.88320655,1
0410 (2).jpg,test\REAL\0410 (2).jpg,1.0,1
0410 (3).jpg,test\REAL\0410 (3).jpg,0.9971124,1
0410 (4).jpg,test\REAL\0410 (4).jpg,1.0,1
0410 (5).jpg,test\REAL\0410 (5).jpg,0.99982476,1
0410 (6).jpg,test\REAL\0410 (6).jpg,0.0003105402,0
0410 (7).jpg,test\REAL\0410 (7).jpg,0.9958605,1
0410 (8).jpg,test\REAL\0410 (8).jpg,0.9959868,1
0410 (9).jpg,test\REAL\0410 (9).jpg,0.99969673,1
0410.jpg,test\REAL\0410.jpg,0.99999976,1
0411 (10).jpg,test\REAL\0411 (10).jpg,1.0,1
0411 (2).jpg,test\REAL\0411 (2).jpg,1.0,1
0411 (3).jpg,test\REAL\0411 (3).jpg,0.9999855,1
0411 (4).jpg,test\REAL\0411 (4).jpg,0.9999999,1
0411 (5).jpg,test\REAL\0411 (5).jpg,0.9966177,1
0411 (6).jpg,test\REAL\0411 (6).jpg,1.0,1
0411 (7).jpg,test\REAL\0411 (7).jpg,0.63266957,1
0411 (8).jpg,test\REAL\0411 (8).jpg,1.0,1
0411 (9).jpg,test\REAL\0411 (9).jpg,0.97363794,1
0411.jpg,test\REAL\0411.jpg,0.52388257,1
0412 (10).jpg,test\REAL\0412 (10).jpg,0.9999827,1
0412 (2).jpg,test\REAL\0412 (2).jpg,6.7323446e-05,0
0412 (3).jpg,test\REAL\0412 (3).jpg,0.9999703,1
0412 (4).jpg,test\REAL\0412 (4).jpg,1.0,1
0412 (5).jpg,test\REAL\0412 (5).jpg,1.0,1
0412 (6).jpg,test\REAL\0412 (6).jpg,1.0,1
0412 (7).jpg,test\REAL\0412 (7).jpg,1.0,1
0412 (8).jpg,test\REAL\0412 (8).jpg,1.0,1
0412 (9).jpg,test\REAL\0412 (9).jpg,0.6279212,1
0412.jpg,test\REAL\0412.jpg,1.0,1
0413 (10).jpg,test\REAL\0413 (10).jpg,0.5461315,1
0413 (2).jpg,test\REAL\0413 (2).jpg,0.999953,1
0413 (3).jpg,test\REAL\0413 (3).jpg,1.0,1
0413 (4).jpg,test\REAL\0413 (4).jpg,0.33253443,0
0413 (5).jpg,test\REAL\0413 (5).jpg,1.0,1
0413 (6).jpg,test\REAL\0413 (6).jpg,0.05104488,0
0413 (7).jpg,test\REAL\0413 (7).jpg,0.99701697,1
0413 (8).jpg,test\REAL\0413 (8).jpg,0.003089726,0
0413 (9).jpg,test\REAL\0413 (9).jpg,1.0,1
0413.jpg,test\REAL\0413.jpg,0.99999577,1
0414 (10).jpg,test\REAL\0414 (10).jpg,0.9999974,1
0414 (2).jpg,test\REAL\0414 (2).jpg,0.6534862,1
0414 (3).jpg,test\REAL\0414 (3).jpg,0.99970746,1
0414 (4).jpg,test\REAL\0414 (4).jpg,0.9999796,1
0414 (5).jpg,test\REAL\0414 (5).jpg,0.36614943,0
0414 (6).jpg,test\REAL\0414 (6).jpg,0.0012203455,0
0414 (7).jpg,test\REAL\0414 (7).jpg,1.0,1
0414 (8).jpg,test\REAL\0414 (8).jpg,0.99998933,1
0414 (9).jpg,test\REAL\0414 (9).jpg,1.0,1
0414.jpg,test\REAL\0414.jpg,0.6798098,1
0415 (10).jpg,test\REAL\0415 (10).jpg,0.6422691,1
0415 (2).jpg,test\REAL\0415 (2).jpg,1.0,1
0415 (3).jpg,test\REAL\0415 (3).jpg,1.0,1
0415 (4).jpg,test\REAL\0415 (4).jpg,1.0,1
0415 (5).jpg,test\REAL\0415 (5).jpg,1.0,1
0415 (6).jpg,test\REAL\0415 (6).jpg,1.0,1
0415 (7).jpg,test\REAL\0415 (7).jpg,0.9999994,1
0415 (8).jpg,test\REAL\0415 (8).jpg,0.99728256,1
0415 (9).jpg,test\REAL\0415 (9).jpg,0.016038328,0
0415.jpg,test\REAL\0415.jpg,1.0,1
0416 (10).jpg,test\REAL\0416 (10).jpg,1.0,1
0416 (2).jpg,test\REAL\0416 (2).jpg,0.9999863,1
0416 (3).jpg,test\REAL\0416 (3).jpg,0.9970061,1
0416 (4).jpg,test\REAL\0416 (4).jpg,0.9999999,1
0416 (5).jpg,test\REAL\0416 (5).jpg,1.0,1
0416 (6).jpg,test\REAL\0416 (6).jpg,1.0,1
0416 (7).jpg,test\REAL\0416 (7).jpg,0.99727774,1
0416 (8).jpg,test\REAL\0416 (8).jpg,1.0,1
0416 (9).jpg,test\REAL\0416 (9).jpg,0.9989909,1
0416.jpg,test\REAL\0416.jpg,0.9999969,1
0417 (10).jpg,test\REAL\0417 (10).jpg,1.0,1
0417 (2).jpg,test\REAL\0417 (2).jpg,1.0,1
0417 (3).jpg,test\REAL\0417 (3).jpg,1.0,1
0417 (4).jpg,test\REAL\0417 (4).jpg,1.0,1
0417 (5).jpg,test\REAL\0417 (5).jpg,0.9999456,1
0417 (6).jpg,test\REAL\0417 (6).jpg,1.0,1
0417 (7).jpg,test\REAL\0417 (7).jpg,0.99951833,1
0417 (8).jpg,test\REAL\0417 (8).jpg,0.9999985,1
0417 (9).jpg,test\REAL\0417 (9).jpg,1.0,1
0417.jpg,test\REAL\0417.jpg,0.999974,1
0418 (10).jpg,test\REAL\0418 (10).jpg,1.0,1
0418 (2).jpg,test\REAL\0418 (2).jpg,0.99941516,1
0418 (3).jpg,test\REAL\0418 (3).jpg,1.0,1
0418 (4).jpg,test\REAL\0418 (4).jpg,0.10260549,0
0418 (5).jpg,test\REAL\0418 (5).jpg,1.0,1
0418 (6).jpg,test\REAL\0418 (6).jpg,0.0010283887,0
0418 (7).jpg,test\REAL\0418 (7).jpg,1.7881393e-07,0
0418 (8).jpg,test\REAL\0418 (8).jpg,0.98523974,1
0418 (9).jpg,test\REAL\0418 (9).jpg,0.99999994,1
0418.jpg,test\REAL\0418.jpg,1.4960766e-05,0
0419 (10).jpg,test\REAL\0419 (10).jpg,1.0,1
0419 (2).jpg,test\REAL\0419 (2).jpg,0.9346804,1
0419 (3).jpg,test\REAL\0419 (3).jpg,0.9999896,1
0419 (4).jpg,test\REAL\0419 (4).jpg,8.940697e-08,0
0419 (5).jpg,test\REAL\0419 (5).jpg,0.99999356,1
0419 (6).jpg,test\REAL\0419 (6).jpg,0.9999194,1
0419 (7).jpg,test\REAL\0419 (7).jpg,0.0041328967,0
0419 (8).jpg,test\REAL\0419 (8).jpg,1.0,1
0419 (9).jpg,test\REAL\0419 (9).jpg,0.7138785,1
0419.jpg,test\REAL\0419.jpg,1.0,1
0420 (10).jpg,test\REAL\0420 (10).jpg,1.0,1
0420 (2).jpg,test\REAL\0420 (2).jpg,0.999826,1
0420 (3).jpg,test\REAL\0420 (3).jpg,0.83841795,1
0420 (4).jpg,test\REAL\0420 (4).jpg,1.0,1
0420 (5).jpg,test\REAL\0420 (5).jpg,1.0,1
0420 (6).jpg,test\REAL\0420 (6).jpg,1.0,1
0420 (7).jpg,test\REAL\0420 (7).jpg,1.0,1
0420 (8).jpg,test\REAL\0420 (8).jpg,0.9998946,1
0420 (9).jpg,test\REAL\0420 (9).jpg,0.9990257,1
0420.jpg,test\REAL\0420.jpg,0.92167693,1
0421 (10).jpg,test\REAL\0421 (10).jpg,1.0,1
0421 (2).jpg,test\REAL\0421 (2).jpg,0.99787426,1
0421 (3).jpg,test\REAL\0421 (3).jpg,0.9858333,1
0421 (4).jpg,test\REAL\0421 (4).jpg,0.99659556,1
0421 (5).jpg,test\REAL\0421 (5).jpg,1.0,1
0421 (6).jpg,test\REAL\0421 (6).jpg,0.99994683,1
0421 (7).jpg,test\REAL\0421 (7).jpg,1.0,1
0421 (8).jpg,test\REAL\0421 (8).jpg,0.9984143,1
0421 (9).jpg,test\REAL\0421 (9).jpg,0.9999994,1
0421.jpg,test\REAL\0421.jpg,0.010004103,0
0422 (10).jpg,test\REAL\0422 (10).jpg,0.999998,1
0422 (2).jpg,test\REAL\0422 (2).jpg,0.16299671,0
0422 (3).jpg,test\REAL\0422 (3).jpg,0.8422301,1
0422 (4).jpg,test\REAL\0422 (4).jpg,1.0,1
0422 (5).jpg,test\REAL\0422 (5).jpg,0.9931742,1
0422 (6).jpg,test\REAL\0422 (6).jpg,0.9999997,1
0422 (7).jpg,test\REAL\0422 (7).jpg,1.0,1
0422 (8).jpg,test\REAL\0422 (8).jpg,1.0,1
0422 (9).jpg,test\REAL\0422 (9).jpg,0.9999995,1
0422.jpg,test\REAL\0422.jpg,0.056735933,0
0423 (10).jpg,test\REAL\0423 (10).jpg,1.0,1
0423 (2).jpg,test\REAL\0423 (2).jpg,0.9545747,1
0423 (3).jpg,test\REAL\0423 (3).jpg,0.2735883,0
0423 (4).jpg,test\REAL\0423 (4).jpg,1.0,1
0423 (5).jpg,test\REAL\0423 (5).jpg,1.0,1
0423 (6).jpg,test\REAL\0423 (6).jpg,0.9999814,1
0423 (7).jpg,test\REAL\0423 (7).jpg,0.960095,1
0423 (8).jpg,test\REAL\0423 (8).jpg,1.0,1
0423 (9).jpg,test\REAL\0423 (9).jpg,1.0,1
0423.jpg,test\REAL\0423.jpg,1.0,1
0424 (10).jpg,test\REAL\0424 (10).jpg,1.0,1
0424 (2).jpg,test\REAL\0424 (2).jpg,1.0,1
0424 (3).jpg,test\REAL\0424 (3).jpg,0.99999976,1
0424 (4).jpg,test\REAL\0424 (4).jpg,1.0,1
0424 (5).jpg,test\REAL\0424 (5).jpg,0.1300016,0
0424 (6).jpg,test\REAL\0424 (6).jpg,1.0,1
0424 (7).jpg,test\REAL\0424 (7).jpg,0.99899864,1
0424 (8).jpg,test\REAL\0424 (8).jpg,0.68797296,1
0424 (9).jpg,test\REAL\0424 (9).jpg,6.4998865e-05,0
0424.jpg,test\REAL\0424.jpg,1.0,1
0425 (10).jpg,test\REAL\0425 (10).jpg,0.99999994,1
0425 (2).jpg,test\REAL\0425 (2).jpg,0.00013279915,0
0425 (3).jpg,test\REAL\0425 (3).jpg,0.67408717,1
0425 (4).jpg,test\REAL\0425 (4).jpg,1.0,1
0425 (5).jpg,test\REAL\0425 (5).jpg,1.0,1
0425 (6).jpg,test\REAL\0425 (6).jpg,0.9969695,1
0425 (7).jpg,test\REAL\0425 (7).jpg,0.27908796,0
0425 (8).jpg,test\REAL\0425 (8).jpg,0.9855622,1
0425 (9).jpg,test\REAL\0425 (9).jpg,1.0,1
0425.jpg,test\REAL\0425.jpg,0.999974,1
0426 (10).jpg,test\REAL\0426 (10).jpg,0.9997976,1
0426 (2).jpg,test\REAL\0426 (2).jpg,0.99797416,1
0426 (3).jpg,test\REAL\0426 (3).jpg,0.45805204,0
0426 (4).jpg,test\REAL\0426 (4).jpg,1.0,1
0426 (5).jpg,test\REAL\0426 (5).jpg,0.8612956,1
0426 (6).jpg,test\REAL\0426 (6).jpg,0.9999225,1
0426 (7).jpg,test\REAL\0426 (7).jpg,0.99950564,1
0426 (8).jpg,test\REAL\0426 (8).jpg,0.99999464,1
0426 (9).jpg,test\REAL\0426 (9).jpg,1.0,1
0426.jpg,test\REAL\0426.jpg,1.0,1
0427 (10).jpg,test\REAL\0427 (10).jpg,0.101926506,0
0427 (2).jpg,test\REAL\0427 (2).jpg,1.0,1
0427 (3).jpg,test\REAL\0427 (3).jpg,0.9999999,1
0427 (4).jpg,test\REAL\0427 (4).jpg,0.9999998,1
0427 (5).jpg,test\REAL\0427 (5).jpg,0.9998314,1
0427 (6).jpg,test\REAL\0427 (6).jpg,1.0,1
0427 (7).jpg,test\REAL\0427 (7).jpg,1.0,1
0427 (8).jpg,test\REAL\0427 (8).jpg,1.0,1
0427 (9).jpg,test\REAL\0427 (9).jpg,1.0,1
0427.jpg,test\REAL\0427.jpg,0.5147303,1
0428 (10).jpg,test\REAL\0428 (10).jpg,1.0,1
0428 (2).jpg,test\REAL\0428 (2).jpg,1.0,1
0428 (3).jpg,test\REAL\0428 (3).jpg,0.85457706,1
0428 (4).jpg,test\REAL\0428 (4).jpg,1.0,1
0428 (5).jpg,test\REAL\0428 (5).jpg,1.0,1
0428 (6).jpg,test\REAL\0428 (6).jpg,0.99999493,1
0428 (7).jpg,test\REAL\0428 (7).jpg,0.96672297,1
0428 (8).jpg,test\REAL\0428 (8).jpg,0.9999999,1
0428 (9).jpg,test\REAL\0428 (9).jpg,0.8837621,1
0428.jpg,test\REAL\0428.jpg,0.99808073,1
0429 (10).jpg,test\REAL\0429 (10).jpg,1.0,1
0429 (2).jpg,test\REAL\0429 (2).jpg,0.9997412,1
0429 (3).jpg,test\REAL\0429 (3).jpg,0.14866409,0
0429 (4).jpg,test\REAL\0429 (4).jpg,1.0,1
0429 (5).jpg,test\REAL\0429 (5).jpg,1.0,1
0429 (6).jpg,test\REAL\0429 (6).jpg,1.0,1
0429 (7).jpg,test\REAL\0429 (7).jpg,0.99958706,1
0429 (8).jpg,test\REAL\0429 (8).jpg,1.0,1
0429 (9).jpg,test\REAL\0429 (9).jpg,4.1276217e-05,0
0429.jpg,test\REAL\0429.jpg,1.0,1
0430 (10).jpg,test\REAL\0430 (10).jpg,1.0,1
0430 (2).jpg,test\REAL\0430 (2).jpg,1.0,1
0430 (3).jpg,test\REAL\0430 (3).jpg,1.0,1
0430 (4).jpg,test\REAL\0430 (4).jpg,0.994413,1
0430 (5).jpg,test\REAL\0430 (5).jpg,1.0,1
0430 (6).jpg,test\REAL\0430 (6).jpg,0.99988306,1
0430 (7).jpg,test\REAL\0430 (7).jpg,1.0,1
0430 (8).jpg,test\REAL\0430 (8).jpg,1.0,1
0430 (9).jpg,test\REAL\0430 (9).jpg,0.9999846,1
0430.jpg,test\REAL\0430.jpg,0.99967444,1
0431 (10).jpg,test\REAL\0431 (10).jpg,0.9999926,1
0431 (2).jpg,test\REAL\0431 (2).jpg,0.9998706,1
0431 (3).jpg,test\REAL\0431 (3).jpg,1.0,1
0431 (4).jpg,test\REAL\0431 (4).jpg,1.0,1
0431 (5).jpg,test\REAL\0431 (5).jpg,0.5890713,1
0431 (6).jpg,test\REAL\0431 (6).jpg,8.940697e-08,0
0431 (7).jpg,test\REAL\0431 (7).jpg,0.9977079,1
0431 (8).jpg,test\REAL\0431 (8).jpg,0.9945118,1
0431 (9).jpg,test\REAL\0431 (9).jpg,0.30299628,0
0431.jpg,test\REAL\0431.jpg,1.0,1
0432 (10).jpg,test\REAL\0432 (10).jpg,0.62739915,1
0432 (2).jpg,test\REAL\0432 (2).jpg,1.0,1
0432 (3).jpg,test\REAL\0432 (3).jpg,0.9995475,1
0432 (4).jpg,test\REAL\0432 (4).jpg,0.99999964,1
0432 (5).jpg,test\REAL\0432 (5).jpg,0.9999994,1
0432 (6).jpg,test\REAL\0432 (6).jpg,0.9999991,1
0432 (7).jpg,test\REAL\0432 (7).jpg,0.9718017,1
0432 (8).jpg,test\REAL\0432 (8).jpg,0.7027613,1
0432 (9).jpg,test\REAL\0432 (9).jpg,0.99720764,1
0432.jpg,test\REAL\0432.jpg,0.99906373,1
0433 (10).jpg,test\REAL\0433 (10).jpg,0.025089025,0
0433 (2).jpg,test\REAL\0433 (2).jpg,0.9999998,1
0433 (3).jpg,test\REAL\0433 (3).jpg,0.9931772,1
0433 (4).jpg,test\REAL\0433 (4).jpg,0.9999982,1
0433 (5).jpg,test\REAL\0433 (5).jpg,1.0,1
0433 (6).jpg,test\REAL\0433 (6).jpg,1.0,1
0433 (7).jpg,test\REAL\0433 (7).jpg,0.6682423,1
0433 (8).jpg,test\REAL\0433 (8).jpg,0.9999993,1
0433 (9).jpg,test\REAL\0433 (9).jpg,4.568696e-05,0
0433.jpg,test\REAL\0433.jpg,1.0,1
0434 (10).jpg,test\REAL\0434 (10).jpg,0.94867945,1
0434 (2).jpg,test\REAL\0434 (2).jpg,2.8908253e-06,0
0434 (3).jpg,test\REAL\0434 (3).jpg,0.16513851,0
0434 (4).jpg,test\REAL\0434 (4).jpg,0.13112557,0
0434 (5).jpg,test\REAL\0434 (5).jpg,1.0,1
0434 (6).jpg,test\REAL\0434 (6).jpg,1.0,1
0434 (7).jpg,test\REAL\0434 (7).jpg,1.0,1
0434 (8).jpg,test\REAL\0434 (8).jpg,0.9999999,1
0434 (9).jpg,test\REAL\0434 (9).jpg,1.0,1
0434.jpg,test\REAL\0434.jpg,1.0,1
0435 (10).jpg,test\REAL\0435 (10).jpg,0.9258617,1
0435 (2).jpg,test\REAL\0435 (2).jpg,1.0,1
0435 (3).jpg,test\REAL\0435 (3).jpg,1.0,1
0435 (4).jpg,test\REAL\0435 (4).jpg,1.0,1
0435 (5).jpg,test\REAL\0435 (5).jpg,0.9999933,1
0435 (6).jpg,test\REAL\0435 (6).jpg,0.9998928,1
0435 (7).jpg,test\REAL\0435 (7).jpg,1.0,1
0435 (8).jpg,test\REAL\0435 (8).jpg,0.013224572,0
0435 (9).jpg,test\REAL\0435 (9).jpg,0.99999344,1
0435.jpg,test\REAL\0435.jpg,0.67215836,1
0436 (10).jpg,test\REAL\0436 (10).jpg,0.98669493,1
0436 (2).jpg,test\REAL\0436 (2).jpg,1.0,1
0436 (3).jpg,test\REAL\0436 (3).jpg,0.7516712,1
0436 (4).jpg,test\REAL\0436 (4).jpg,0.88072383,1
0436 (5).jpg,test\REAL\0436 (5).jpg,1.0,1
0436 (6).jpg,test\REAL\0436 (6).jpg,1.0,1
0436 (7).jpg,test\REAL\0436 (7).jpg,0.99567425,1
0436 (8).jpg,test\REAL\0436 (8).jpg,0.9759262,1
0436 (9).jpg,test\REAL\0436 (9).jpg,0.0036408901,0
0436.jpg,test\REAL\0436.jpg,1.0,1
0437 (10).jpg,test\REAL\0437 (10).jpg,0.99997467,1
0437 (2).jpg,test\REAL\0437 (2).jpg,0.5074661,1
0437 (3).jpg,test\REAL\0437 (3).jpg,1.0,1
0437 (4).jpg,test\REAL\0437 (4).jpg,1.0,1
0437 (5).jpg,test\REAL\0437 (5).jpg,0.9997679,1
0437 (6).jpg,test\REAL\0437 (6).jpg,1.0,1
0437 (7).jpg,test\REAL\0437 (7).jpg,0.97948647,1
0437 (8).jpg,test\REAL\0437 (8).jpg,0.9999999,1
0437 (9).jpg,test\REAL\0437 (9).jpg,0.99830943,1
0437.jpg,test\REAL\0437.jpg,1.0,1
0438 (10).jpg,test\REAL\0438 (10).jpg,1.0,1
0438 (2).jpg,test\REAL\0438 (2).jpg,1.0,1
0438 (3).jpg,test\REAL\0438 (3).jpg,0.0010576546,0
0438 (4).jpg,test\REAL\0438 (4).jpg,0.9999669,1
0438 (5).jpg,test\REAL\0438 (5).jpg,0.81234944,1
0438 (6).jpg,test\REAL\0438 (6).jpg,0.9999998,1
0438 (7).jpg,test\REAL\0438 (7).jpg,0.65471214,1
0438 (8).jpg,test\REAL\0438 (8).jpg,1.0,1
0438 (9).jpg,test\REAL\0438 (9).jpg,0.046032637,0
0438.jpg,test\REAL\0438.jpg,1.0,1
0439 (10).jpg,test\REAL\0439 (10).jpg,1.0,1
0439 (2).jpg,test\REAL\0439 (2).jpg,0.18818685,0
0439 (3).jpg,test\REAL\0439 (3).jpg,0.2271958,0
0439 (4).jpg,test\REAL\0439 (4).jpg,0.9765048,1
0439 (5).jpg,test\REAL\0439 (5).jpg,0.90386444,1
0439 (6).jpg,test\REAL\0439 (6).jpg,0.99903506,1
0439 (7).jpg,test\REAL\0439 (7).jpg,0.9999999,1
0439 (8).jpg,test\REAL\0439 (8).jpg,0.99999976,1
0439 (9).jpg,test\REAL\0439 (9).jpg,0.7463628,1
0439.jpg,test\REAL\0439.jpg,0.98403364,1
0440 (10).jpg,test\REAL\0440 (10).jpg,4.7147274e-05,0
0440 (2).jpg,test\REAL\0440 (2).jpg,1.0,1
0440 (3).jpg,test\REAL\0440 (3).jpg,0.9999999,1
0440 (4).jpg,test\REAL\0440 (4).jpg,0.004638225,0
0440 (5).jpg,test\REAL\0440 (5).jpg,1.0,1
0440 (6).jpg,test\REAL\0440 (6).jpg,0.0025314987,0
0440 (7).jpg,test\REAL\0440 (7).jpg,0.98569536,1
0440 (8).jpg,test\REAL\0440 (8).jpg,0.297239,0
0440 (9).jpg,test\REAL\0440 (9).jpg,1.0,1
0440.jpg,test\REAL\0440.jpg,1.0,1
0441 (10).jpg,test\REAL\0441 (10).jpg,1.0,1
0441 (2).jpg,test\REAL\0441 (2).jpg,1.0,1
0441 (3).jpg,test\REAL\0441 (3).jpg,0.76356876,1
0441 (4).jpg,test\REAL\0441 (4).jpg,0.021021903,0
0441 (5).jpg,test\REAL\0441 (5).jpg,0.9920812,1
0441 (6).jpg,test\REAL\0441 (6).jpg,1.0,1
0441 (7).jpg,test\REAL\0441 (7).jpg,0.921562,1
0441 (8).jpg,test\REAL\0441 (8).jpg,1.0,1
0441 (9).jpg,test\REAL\0441 (9).jpg,0.86943924,1
0441.jpg,test\REAL\0441.jpg,1.0,1
0442 (10).jpg,test\REAL\0442 (10).jpg,1.0,1
0442 (2).jpg,test\REAL\0442 (2).jpg,0.99995637,1
0442 (3).jpg,test\REAL\0442 (3).jpg,0.99999654,1
0442 (4).jpg,test\REAL\0442 (4).jpg,1.0,1
0442 (5).jpg,test\REAL\0442 (5).jpg,1.0,1
0442 (6).jpg,test\REAL\0442 (6).jpg,1.0,1
0442 (7).jpg,test\REAL\0442 (7).jpg,0.99998856,1
0442 (8).jpg,test\REAL\0442 (8).jpg,0.99440956,1
0442 (9).jpg,test\REAL\0442 (9).jpg,1.0,1
0442.jpg,test\REAL\0442.jpg,1.0,1
0443 (10).jpg,test\REAL\0443 (10).jpg,0.963869,1
0443 (2).jpg,test\REAL\0443 (2).jpg,1.0,1
0443 (3).jpg,test\REAL\0443 (3).jpg,0.6034442,1
0443 (4).jpg,test\REAL\0443 (4).jpg,0.9999162,1
0443 (5).jpg,test\REAL\0443 (5).jpg,0.9999947,1
0443 (6).jpg,test\REAL\0443 (6).jpg,1.0,1
0443 (7).jpg,test\REAL\0443 (7).jpg,0.9980506,1
0443 (8).jpg,test\REAL\0443 (8).jpg,0.9999999,1
0443 (9).jpg,test\REAL\0443 (9).jpg,0.3855933,0
0443.jpg,test\REAL\0443.jpg,0.99861604,1
0444 (10).jpg,test\REAL\0444 (10).jpg,0.14365679,0
0444 (2).jpg,test\REAL\0444 (2).jpg,0.99999976,1
0444 (3).jpg,test\REAL\0444 (3).jpg,1.0,1
0444 (4).jpg,test\REAL\0444 (4).jpg,0.9616754,1
0444 (5).jpg,test\REAL\0444 (5).jpg,1.0,1
0444 (6).jpg,test\REAL\0444 (6).jpg,0.9108528,1
0444 (7).jpg,test\REAL\0444 (7).jpg,1.0,1
0444 (8).jpg,test\REAL\0444 (8).jpg,1.0,1
0444 (9).jpg,test\REAL\0444 (9).jpg,1.0,1
0444.jpg,test\REAL\0444.jpg,0.9603307,1
0445 (10).jpg,test\REAL\0445 (10).jpg,1.0,1
0445 (2).jpg,test\REAL\0445 (2).jpg,1.0,1
0445 (3).jpg,test\REAL\0445 (3).jpg,1.0,1
0445 (4).jpg,test\REAL\0445 (4).jpg,0.9977634,1
0445 (5).jpg,test\REAL\0445 (5).jpg,0.9999556,1
0445 (6).jpg,test\REAL\0445 (6).jpg,0.9999988,1
0445 (7).jpg,test\REAL\0445 (7).jpg,0.99999225,1
0445 (8).jpg,test\REAL\0445 (8).jpg,0.9993896,1
0445 (9).jpg,test\REAL\0445 (9).jpg,0.0035170913,0
0445.jpg,test\REAL\0445.jpg,0.13838753,0
0446 (10).jpg,test\REAL\0446 (10).jpg,1.3113022e-06,0
0446 (2).jpg,test\REAL\0446 (2).jpg,0.9999999,1
0446 (3).jpg,test\REAL\0446 (3).jpg,9.328127e-06,0
0446 (4).jpg,test\REAL\0446 (4).jpg,1.0,1
0446 (5).jpg,test\REAL\0446 (5).jpg,1.0,1
0446 (6).jpg,test\REAL\0446 (6).jpg,0.9999999,1
0446 (7).jpg,test\REAL\0446 (7).jpg,1.0,1
0446 (8).jpg,test\REAL\0446 (8).jpg,0.99153244,1
0446 (9).jpg,test\REAL\0446 (9).jpg,0.9999961,1
0446.jpg,test\REAL\0446.jpg,1.0,1
0447 (10).jpg,test\REAL\0447 (10).jpg,0.9986793,1
0447 (2).jpg,test\REAL\0447 (2).jpg,1.0,1
0447 (3).jpg,test\REAL\0447 (3).jpg,0.9999496,1
0447 (4).jpg,test\REAL\0447 (4).jpg,1.0,1
0447 (5).jpg,test\REAL\0447 (5).jpg,0.9893114,1
0447 (6).jpg,test\REAL\0447 (6).jpg,0.99999857,1
0447 (7).jpg,test\REAL\0447 (7).jpg,1.0,1
0447 (8).jpg,test\REAL\0447 (8).jpg,0.9999987,1
0447 (9).jpg,test\REAL\0447 (9).jpg,0.9720433,1
0447.jpg,test\REAL\0447.jpg,1.0,1
0448 (10).jpg,test\REAL\0448 (10).jpg,1.0,1
0448 (2).jpg,test\REAL\0448 (2).jpg,1.0,1
0448 (3).jpg,test\REAL\0448 (3).jpg,0.9999999,1
0448 (4).jpg,test\REAL\0448 (4).jpg,1.0,1
0448 (5).jpg,test\REAL\0448 (5).jpg,1.0,1
0448 (6).jpg,test\REAL\0448 (6).jpg,1.0,1
0448 (7).jpg,test\REAL\0448 (7).jpg,0.95026743,1
0448 (8).jpg,test\REAL\0448 (8).jpg,1.0,1
0448 (9).jpg,test\REAL\0448 (9).jpg,0.9999999,1
0448.jpg,test\REAL\0448.jpg,1.0,1
0449 (10).jpg,test\REAL\0449 (10).jpg,1.0,1
0449 (2).jpg,test\REAL\0449 (2).jpg,1.0,1
0449 (3).jpg,test\REAL\0449 (3).jpg,0.99999994,1
0449 (4).jpg,test\REAL\0449 (4).jpg,1.0,1
0449 (5).jpg,test\REAL\0449 (5).jpg,1.0,1
0449 (6).jpg,test\REAL\0449 (6).jpg,1.0,1
0449 (7).jpg,test\REAL\0449 (7).jpg,0.9999985,1
0449 (8).jpg,test\REAL\0449 (8).jpg,0.9997821,1
0449 (9).jpg,test\REAL\0449 (9).jpg,0.10472077,0
0449.jpg,test\REAL\0449.jpg,1.0,1
0450 (10).jpg,test\REAL\0450 (10).jpg,1.0,1
0450 (2).jpg,test\REAL\0450 (2).jpg,0.16542917,0
0450 (3).jpg,test\REAL\0450 (3).jpg,0.9993566,1
0450 (4).jpg,test\REAL\0450 (4).jpg,0.9113071,1
0450 (5).jpg,test\REAL\0450 (5).jpg,0.17410138,0
0450 (6).jpg,test\REAL\0450 (6).jpg,0.9999995,1
0450 (7).jpg,test\REAL\0450 (7).jpg,1.0,1
0450 (8).jpg,test\REAL\0450 (8).jpg,0.9997914,1
0450 (9).jpg,test\REAL\0450 (9).jpg,0.99234843,1
0450.jpg,test\REAL\0450.jpg,0.98474306,1
0451 (10).jpg,test\REAL\0451 (10).jpg,0.99999875,1
0451 (2).jpg,test\REAL\0451 (2).jpg,1.0,1
0451 (3).jpg,test\REAL\0451 (3).jpg,0.99974763,1
0451 (4).jpg,test\REAL\0451 (4).jpg,0.9994492,1
0451 (5).jpg,test\REAL\0451 (5).jpg,0.4424297,0
0451 (6).jpg,test\REAL\0451 (6).jpg,0.9999943,1
0451 (7).jpg,test\REAL\0451 (7).jpg,0.99999934,1
0451 (8).jpg,test\REAL\0451 (8).jpg,1.0,1
0451 (9).jpg,test\REAL\0451 (9).jpg,0.05138603,0
0451.jpg,test\REAL\0451.jpg,1.0,1
0452 (10).jpg,test\REAL\0452 (10).jpg,1.0,1
0452 (2).jpg,test\REAL\0452 (2).jpg,0.9956726,1
0452 (3).jpg,test\REAL\0452 (3).jpg,0.9999702,1
0452 (4).jpg,test\REAL\0452 (4).jpg,0.9729188,1
0452 (5).jpg,test\REAL\0452 (5).jpg,0.99999976,1
0452 (6).jpg,test\REAL\0452 (6).jpg,1.0,1
0452 (7).jpg,test\REAL\0452 (7).jpg,0.9999597,1
0452 (8).jpg,test\REAL\0452 (8).jpg,0.32926148,0
0452 (9).jpg,test\REAL\0452 (9).jpg,0.9976417,1
0452.jpg,test\REAL\0452.jpg,0.061341524,0
0453 (10).jpg,test\REAL\0453 (10).jpg,1.0,1
0453 (2).jpg,test\REAL\0453 (2).jpg,0.98990744,1
0453 (3).jpg,test\REAL\0453 (3).jpg,0.056470007,0
0453 (4).jpg,test\REAL\0453 (4).jpg,0.9932431,1
0453 (5).jpg,test\REAL\0453 (5).jpg,1.0,1
0453 (6).jpg,test\REAL\0453 (6).jpg,1.0,1
0453 (7).jpg,test\REAL\0453 (7).jpg,0.9999999,1
0453 (8).jpg,test\REAL\0453 (8).jpg,0.99169576,1
0453 (9).jpg,test\REAL\0453 (9).jpg,1.0,1
0453.jpg,test\REAL\0453.jpg,1.0,1
0454 (10).jpg,test\REAL\0454 (10).jpg,0.9991256,1
0454 (2).jpg,test\REAL\0454 (2).jpg,1.0,1
0454 (3).jpg,test\REAL\0454 (3).jpg,1.0,1
0454 (4).jpg,test\REAL\0454 (4).jpg,1.0,1
0454 (5).jpg,test\REAL\0454 (5).jpg,0.99999976,1
0454 (6).jpg,test\REAL\0454 (6).jpg,0.99999726,1
0454 (7).jpg,test\REAL\0454 (7).jpg,1.0,1
0454 (8).jpg,test\REAL\0454 (8).jpg,0.00024244189,0
0454 (9).jpg,test\REAL\0454 (9).jpg,0.98984134,1
0454.jpg,test\REAL\0454.jpg,0.98691607,1
0455 (10).jpg,test\REAL\0455 (10).jpg,0.9983617,1
0455 (2).jpg,test\REAL\0455 (2).jpg,1.0,1
0455 (3).jpg,test\REAL\0455 (3).jpg,0.9999831,1
0455 (4).jpg,test\REAL\0455 (4).jpg,1.0,1
0455 (5).jpg,test\REAL\0455 (5).jpg,0.99997604,1
0455 (6).jpg,test\REAL\0455 (6).jpg,0.9999788,1
0455 (7).jpg,test\REAL\0455 (7).jpg,0.9843066,1
0455 (8).jpg,test\REAL\0455 (8).jpg,0.07994583,0
0455 (9).jpg,test\REAL\0455 (9).jpg,1.0,1
0455.jpg,test\REAL\0455.jpg,0.00010114908,0
0456 (10).jpg,test\REAL\0456 (10).jpg,0.10998136,0
0456 (2).jpg,test\REAL\0456 (2).jpg,0.021011114,0
0456 (3).jpg,test\REAL\0456 (3).jpg,0.9977639,1
0456 (4).jpg,test\REAL\0456 (4).jpg,1.0,1
0456 (5).jpg,test\REAL\0456 (5).jpg,0.99999404,1
0456 (6).jpg,test\REAL\0456 (6).jpg,0.94572246,1
0456 (7).jpg,test\REAL\0456 (7).jpg,0.810364,1
0456 (8).jpg,test\REAL\0456 (8).jpg,0.9998751,1
0456 (9).jpg,test\REAL\0456 (9).jpg,0.9999043,1
0456.jpg,test\REAL\0456.jpg,1.0,1
0457 (10).jpg,test\REAL\0457 (10).jpg,0.9999782,1
0457 (2).jpg,test\REAL\0457 (2).jpg,0.1021342,0
0457 (3).jpg,test\REAL\0457 (3).jpg,1.0,1
0457 (4).jpg,test\REAL\0457 (4).jpg,0.9999999,1
0457 (5).jpg,test\REAL\0457 (5).jpg,1.0,1
0457 (6).jpg,test\REAL\0457 (6).jpg,1.0,1
0457 (7).jpg,test\REAL\0457 (7).jpg,0.6020193,1
0457 (8).jpg,test\REAL\0457 (8).jpg,1.0,1
0457 (9).jpg,test\REAL\0457 (9).jpg,0.35277507,0
0457.jpg,test\REAL\0457.jpg,0.9186069,1
0458 (10).jpg,test\REAL\0458 (10).jpg,0.99999136,1
0458 (2).jpg,test\REAL\0458 (2).jpg,1.0,1
0458 (3).jpg,test\REAL\0458 (3).jpg,0.5748972,1
0458 (4).jpg,test\REAL\0458 (4).jpg,1.0,1
0458 (5).jpg,test\REAL\0458 (5).jpg,0.9999287,1
0458 (6).jpg,test\REAL\0458 (6).jpg,0.9999913,1
0458 (7).jpg,test\REAL\0458 (7).jpg,1.0,1
0458 (8).jpg,test\REAL\0458 (8).jpg,0.37007937,0
0458 (9).jpg,test\REAL\0458 (9).jpg,0.0284369,0
0458.jpg,test\REAL\0458.jpg,0.794554,1
0459 (10).jpg,test\REAL\0459 (10).jpg,0.8855746,1
0459 (2).jpg,test\REAL\0459 (2).jpg,0.9998032,1
0459 (3).jpg,test\REAL\0459 (3).jpg,1.0,1
0459 (4).jpg,test\REAL\0459 (4).jpg,1.0,1
0459 (5).jpg,test\REAL\0459 (5).jpg,1.0,1
0459 (6).jpg,test\REAL\0459 (6).jpg,0.9992763,1
0459 (7).jpg,test\REAL\0459 (7).jpg,0.9989773,1
0459 (8).jpg,test\REAL\0459 (8).jpg,0.99994755,1
0459 (9).jpg,test\REAL\0459 (9).jpg,1.0,1
0459.jpg,test\REAL\0459.jpg,0.0,0
0460 (10).jpg,test\REAL\0460 (10).jpg,0.9994006,1
0460 (2).jpg,test\REAL\0460 (2).jpg,0.016103834,0
0460 (3).jpg,test\REAL\0460 (3).jpg,1.0,1
0460 (4).jpg,test\REAL\0460 (4).jpg,0.9999997,1
0460 (5).jpg,test\REAL\0460 (5).jpg,0.9999999,1
0460 (6).jpg,test\REAL\0460 (6).jpg,1.0,1
0460 (7).jpg,test\REAL\0460 (7).jpg,0.97896826,1
0460 (8).jpg,test\REAL\0460 (8).jpg,1.0,1
0460 (9).jpg,test\REAL\0460 (9).jpg,1.9937754e-05,0
0460.jpg,test\REAL\0460.jpg,0.63919806,1
0461 (10).jpg,test\REAL\0461 (10).jpg,0.009712279,0
0461 (2).jpg,test\REAL\0461 (2).jpg,1.0,1
0461 (3).jpg,test\REAL\0461 (3).jpg,1.0,1
0461 (4).jpg,test\REAL\0461 (4).jpg,1.0,1
0461 (5).jpg,test\REAL\0461 (5).jpg,1.0,1
0461 (6).jpg,test\REAL\0461 (6).jpg,0.9989157,1
0461 (7).jpg,test\REAL\0461 (7).jpg,1.0,1
0461 (8).jpg,test\REAL\0461 (8).jpg,1.0,1
0461 (9).jpg,test\REAL\0461 (9).jpg,1.0,1
0461.jpg,test\REAL\0461.jpg,0.9987647,1
0462 (10).jpg,test\REAL\0462 (10).jpg,0.99999666,1
0462 (2).jpg,test\REAL\0462 (2).jpg,0.9999931,1
0462 (3).jpg,test\REAL\0462 (3).jpg,0.9989023,1
0462 (4).jpg,test\REAL\0462 (4).jpg,0.99999785,1
0462 (5).jpg,test\REAL\0462 (5).jpg,0.0290263,0
0462 (6).jpg,test\REAL\0462 (6).jpg,1.0,1
0462 (7).jpg,test\REAL\0462 (7).jpg,0.1256024,0
0462 (8).jpg,test\REAL\0462 (8).jpg,0.9999974,1
0462 (9).jpg,test\REAL\0462 (9).jpg,0.9999995,1
0462.jpg,test\REAL\0462.jpg,1.0,1
0463 (10).jpg,test\REAL\0463 (10).jpg,0.9966173,1
0463 (2).jpg,test\REAL\0463 (2).jpg,1.0,1
0463 (3).jpg,test\REAL\0463 (3).jpg,0.993822,1
0463 (4).jpg,test\REAL\0463 (4).jpg,1.0,1
0463 (5).jpg,test\REAL\0463 (5).jpg,1.0,1
0463 (6).jpg,test\REAL\0463 (6).jpg,0.9999838,1
0463 (7).jpg,test\REAL\0463 (7).jpg,0.99679637,1
0463 (8).jpg,test\REAL\0463 (8).jpg,1.0,1
0463 (9).jpg,test\REAL\0463 (9).jpg,0.98200727,1
0463.jpg,test\REAL\0463.jpg,0.2889461,0
0464 (10).jpg,test\REAL\0464 (10).jpg,0.9966545,1
0464 (2).jpg,test\REAL\0464 (2).jpg,0.6375497,1
0464 (3).jpg,test\REAL\0464 (3).jpg,0.99991477,1
0464 (4).jpg,test\REAL\0464 (4).jpg,1.0,1
0464 (5).jpg,test\REAL\0464 (5).jpg,0.99999964,1
0464 (6).jpg,test\REAL\0464 (6).jpg,0.9893825,1
0464 (7).jpg,test\REAL\0464 (7).jpg,0.999847,1
0464 (8).jpg,test\REAL\0464 (8).jpg,1.0,1
0464 (9).jpg,test\REAL\0464 (9).jpg,1.0,1
0464.jpg,test\REAL\0464.jpg,0.9999608,1
0465 (10).jpg,test\REAL\0465 (10).jpg,0.99735665,1
0465 (2).jpg,test\REAL\0465 (2).jpg,0.9999999,1
0465 (3).jpg,test\REAL\0465 (3).jpg,1.0,1
0465 (4).jpg,test\REAL\0465 (4).jpg,0.9998106,1
0465 (5).jpg,test\REAL\0465 (5).jpg,0.9999765,1
0465 (6).jpg,test\REAL\0465 (6).jpg,1.0,1
0465 (7).jpg,test\REAL\0465 (7).jpg,0.99997073,1
0465 (8).jpg,test\REAL\0465 (8).jpg,1.0,1
0465 (9).jpg,test\REAL\0465 (9).jpg,1.0,1
0465.jpg,test\REAL\0465.jpg,1.0,1
0466 (10).jpg,test\REAL\0466 (10).jpg,1.0,1
0466 (2).jpg,test\REAL\0466 (2).jpg,1.0,1
0466 (3).jpg,test\REAL\0466 (3).jpg,0.98843217,1
0466 (4).jpg,test\REAL\0466 (4).jpg,0.0032452345,0
0466 (5).jpg,test\REAL\0466 (5).jpg,0.9996015,1
0466 (6).jpg,test\REAL\0466 (6).jpg,1.0,1
0466 (7).jpg,test\REAL\0466 (7).jpg,1.0,1
0466 (8).jpg,test\REAL\0466 (8).jpg,1.0,1
0466 (9).jpg,test\REAL\0466 (9).jpg,0.99274683,1
0466.jpg,test\REAL\0466.jpg,1.0,1
0467 (10).jpg,test\REAL\0467 (10).jpg,0.9676893,1
0467 (2).jpg,test\REAL\0467 (2).jpg,0.99999034,1
0467 (3).jpg,test\REAL\0467 (3).jpg,0.3378256,0
0467 (4).jpg,test\REAL\0467 (4).jpg,3.874302e-07,0
0467 (5).jpg,test\REAL\0467 (5).jpg,0.99988365,1
0467 (6).jpg,test\REAL\0467 (6).jpg,0.99046046,1
0467 (7).jpg,test\REAL\0467 (7).jpg,0.6741859,1
0467 (8).jpg,test\REAL\0467 (8).jpg,0.22312695,0
0467 (9).jpg,test\REAL\0467 (9).jpg,1.0,1
0467.jpg,test\REAL\0467.jpg,0.9998876,1
0468 (10).jpg,test\REAL\0468 (10).jpg,0.9999863,1
0468 (2).jpg,test\REAL\0468 (2).jpg,0.9870956,1
0468 (3).jpg,test\REAL\0468 (3).jpg,1.0,1
0468 (4).jpg,test\REAL\0468 (4).jpg,1.0,1
0468 (5).jpg,test\REAL\0468 (5).jpg,0.99859333,1
0468 (6).jpg,test\REAL\0468 (6).jpg,0.99998856,1
0468 (7).jpg,test\REAL\0468 (7).jpg,1.0,1
0468 (8).jpg,test\REAL\0468 (8).jpg,0.99999976,1
0468 (9).jpg,test\REAL\0468 (9).jpg,0.11244604,0
0468.jpg,test\REAL\0468.jpg,1.0,1
0469 (10).jpg,test\REAL\0469 (10).jpg,1.0,1
0469 (2).jpg,test\REAL\0469 (2).jpg,1.0,1
0469 (3).jpg,test\REAL\0469 (3).jpg,0.9961722,1
0469 (4).jpg,test\REAL\0469 (4).jpg,0.99999917,1
0469 (5).jpg,test\REAL\0469 (5).jpg,0.99999905,1
0469 (6).jpg,test\REAL\0469 (6).jpg,0.99996513,1
0469 (7).jpg,test\REAL\0469 (7).jpg,0.993715,1
0469 (8).jpg,test\REAL\0469 (8).jpg,0.99999994,1
0469 (9).jpg,test\REAL\0469 (9).jpg,1.0,1
0469.jpg,test\REAL\0469.jpg,0.889971,1
0470 (10).jpg,test\REAL\0470 (10).jpg,1.0,1
0470 (2).jpg,test\REAL\0470 (2).jpg,0.9999994,1
0470 (3).jpg,test\REAL\0470 (3).jpg,0.9999999,1
0470 (4).jpg,test\REAL\0470 (4).jpg,0.5372219,1
0470 (5).jpg,test\REAL\0470 (5).jpg,0.9968879,1
0470 (6).jpg,test\REAL\0470 (6).jpg,1.0,1
0470 (7).jpg,test\REAL\0470 (7).jpg,1.0,1
0470 (8).jpg,test\REAL\0470 (8).jpg,0.99988437,1
0470 (9).jpg,test\REAL\0470 (9).jpg,1.0,1
0470.jpg,test\REAL\0470.jpg,1.0,1
0471 (10).jpg,test\REAL\0471 (10).jpg,1.0,1
0471 (2).jpg,test\REAL\0471 (2).jpg,1.0,1
0471 (3).jpg,test\REAL\0471 (3).jpg,0.99999994,1
0471 (4).jpg,test\REAL\0471 (4).jpg,0.36475432,0
0471 (5).jpg,test\REAL\0471 (5).jpg,1.0,1
0471 (6).jpg,test\REAL\0471 (6).jpg,0.99999934,1
0471 (7).jpg,test\REAL\0471 (7).jpg,1.0,1
0471 (8).jpg,test\REAL\0471 (8).jpg,0.9999832,1
0471 (9).jpg,test\REAL\0471 (9).jpg,0.9112205,1
0471.jpg,test\REAL\0471.jpg,1.0,1
0472 (10).jpg,test\REAL\0472 (10).jpg,0.9999556,1
0472 (2).jpg,test\REAL\0472 (2).jpg,1.0,1
0472 (3).jpg,test\REAL\0472 (3).jpg,1.0,1
0472 (4).jpg,test\REAL\0472 (4).jpg,0.02452749,0
0472 (5).jpg,test\REAL\0472 (5).jpg,0.99998224,1
0472 (6).jpg,test\REAL\0472 (6).jpg,0.20313123,0
0472 (7).jpg,test\REAL\0472 (7).jpg,0.9900922,1
0472 (8).jpg,test\REAL\0472 (8).jpg,0.9999093,1
0472 (9).jpg,test\REAL\0472 (9).jpg,0.99478054,1
0472.jpg,test\REAL\0472.jpg,1.0,1
0473 (10).jpg,test\REAL\0473 (10).jpg,1.0,1
0473 (2).jpg,test\REAL\0473 (2).jpg,0.99999994,1
0473 (3).jpg,test\REAL\0473 (3).jpg,0.9997091,1
0473 (4).jpg,test\REAL\0473 (4).jpg,0.38310605,0
0473 (5).jpg,test\REAL\0473 (5).jpg,0.94075626,1
0473 (6).jpg,test\REAL\0473 (6).jpg,0.9798009,1
0473 (7).jpg,test\REAL\0473 (7).jpg,0.9999993,1
0473 (8).jpg,test\REAL\0473 (8).jpg,0.99984527,1
0473 (9).jpg,test\REAL\0473 (9).jpg,0.9992309,1
0473.jpg,test\REAL\0473.jpg,0.38661695,0
0474 (10).jpg,test\REAL\0474 (10).jpg,1.0,1
0474 (2).jpg,test\REAL\0474 (2).jpg,0.95518565,1
0474 (3).jpg,test\REAL\0474 (3).jpg,1.0,1
0474 (4).jpg,test\REAL\0474 (4).jpg,0.8816039,1
0474 (5).jpg,test\REAL\0474 (5).jpg,0.9999616,1
0474 (6).jpg,test\REAL\0474 (6).jpg,0.99999976,1
0474 (7).jpg,test\REAL\0474 (7).jpg,1.0,1
0474 (8).jpg,test\REAL\0474 (8).jpg,1.0,1
0474 (9).jpg,test\REAL\0474 (9).jpg,0.0010739863,0
0474.jpg,test\REAL\0474.jpg,1.0,1
0475 (10).jpg,test\REAL\0475 (10).jpg,1.0,1
0475 (2).jpg,test\REAL\0475 (2).jpg,1.0,1
0475 (3).jpg,test\REAL\0475 (3).jpg,0.9993675,1
0475 (4).jpg,test\REAL\0475 (4).jpg,0.951877,1
0475 (5).jpg,test\REAL\0475 (5).jpg,0.9999887,1
0475 (6).jpg,test\REAL\0475 (6).jpg,0.05245018,0
0475 (7).jpg,test\REAL\0475 (7).jpg,1.0,1
0475 (8).jpg,test\REAL\0475 (8).jpg,0.99996346,1
0475 (9).jpg,test\REAL\0475 (9).jpg,0.99994737,1
0475.jpg,test\REAL\0475.jpg,0.99999976,1
0476 (10).jpg,test\REAL\0476 (10).jpg,1.0,1
0476 (2).jpg,test\REAL\0476 (2).jpg,1.0,1
0476 (3).jpg,test\REAL\0476 (3).jpg,0.0010357499,0
0476 (4).jpg,test\REAL\0476 (4).jpg,0.99988896,1
0476 (5).jpg,test\REAL\0476 (5).jpg,0.3887152,0
0476 (6).jpg,test\REAL\0476 (6).jpg,1.0,1
0476 (7).jpg,test\REAL\0476 (7).jpg,0.92291826,1
0476 (8).jpg,test\REAL\0476 (8).jpg,0.9945524,1
0476 (9).jpg,test\REAL\0476 (9).jpg,1.0,1
0476.jpg,test\REAL\0476.jpg,0.9814501,1
0477 (10).jpg,test\REAL\0477 (10).jpg,1.0,1
0477 (2).jpg,test\REAL\0477 (2).jpg,0.99999917,1
0477 (3).jpg,test\REAL\0477 (3).jpg,1.0,1
0477 (4).jpg,test\REAL\0477 (4).jpg,1.0,1
0477 (5).jpg,test\REAL\0477 (5).jpg,0.9999324,1
0477 (6).jpg,test\REAL\0477 (6).jpg,1.0,1
0477 (7).jpg,test\REAL\0477 (7).jpg,0.99995095,1
0477 (8).jpg,test\REAL\0477 (8).jpg,1.0,1
0477 (9).jpg,test\REAL\0477 (9).jpg,1.0,1
0477.jpg,test\REAL\0477.jpg,1.0,1
0478 (10).jpg,test\REAL\0478 (10).jpg,1.0,1
0478 (2).jpg,test\REAL\0478 (2).jpg,0.993943,1
0478 (3).jpg,test\REAL\0478 (3).jpg,0.013398707,0
0478 (4).jpg,test\REAL\0478 (4).jpg,0.9987105,1
0478 (5).jpg,test\REAL\0478 (5).jpg,0.99999976,1
0478 (6).jpg,test\REAL\0478 (6).jpg,1.0,1
0478 (7).jpg,test\REAL\0478 (7).jpg,0.9980373,1
0478 (8).jpg,test\REAL\0478 (8).jpg,0.9984914,1
0478 (9).jpg,test\REAL\0478 (9).jpg,0.99998546,1
0478.jpg,test\REAL\0478.jpg,1.0,1
0479 (10).jpg,test\REAL\0479 (10).jpg,1.0,1
0479 (2).jpg,test\REAL\0479 (2).jpg,0.408551,0
0479 (3).jpg,test\REAL\0479 (3).jpg,0.98886454,1
0479 (4).jpg,test\REAL\0479 (4).jpg,0.9999988,1
0479 (5).jpg,test\REAL\0479 (5).jpg,1.0,1
0479 (6).jpg,test\REAL\0479 (6).jpg,0.999935,1
0479 (7).jpg,test\REAL\0479 (7).jpg,1.0,1
0479 (8).jpg,test\REAL\0479 (8).jpg,0.9888157,1
0479 (9).jpg,test\REAL\0479 (9).jpg,1.0,1
0479.jpg,test\REAL\0479.jpg,1.0,1
0480 (10).jpg,test\REAL\0480 (10).jpg,1.0,1
0480 (2).jpg,test\REAL\0480 (2).jpg,1.0,1
0480 (3).jpg,test\REAL\0480 (3).jpg,1.0,1
0480 (4).jpg,test\REAL\0480 (4).jpg,0.9994739,1
0480 (5).jpg,test\REAL\0480 (5).jpg,1.0,1
0480 (6).jpg,test\REAL\0480 (6).jpg,0.90872526,1
0480 (7).jpg,test\REAL\0480 (7).jpg,1.0,1
0480 (8).jpg,test\REAL\0480 (8).jpg,0.999992,1
0480 (9).jpg,test\REAL\0480 (9).jpg,0.36642492,0
0480.jpg,test\REAL\0480.jpg,1.0,1
0481 (10).jpg,test\REAL\0481 (10).jpg,1.0,1
0481 (2).jpg,test\REAL\0481 (2).jpg,0.0014956594,0
0481 (3).jpg,test\REAL\0481 (3).jpg,0.8974229,1
0481 (4).jpg,test\REAL\0481 (4).jpg,1.0,1
0481 (5).jpg,test\REAL\0481 (5).jpg,0.99998975,1
0481 (6).jpg,test\REAL\0481 (6).jpg,1.0,1
0481 (7).jpg,test\REAL\0481 (7).jpg,0.9999999,1
0481 (8).jpg,test\REAL\0481 (8).jpg,0.29834032,0
0481 (9).jpg,test\REAL\0481 (9).jpg,0.91886926,1
0481.jpg,test\REAL\0481.jpg,0.20461199,0
0482 (10).jpg,test\REAL\0482 (10).jpg,0.91552436,1
0482 (2).jpg,test\REAL\0482 (2).jpg,0.9999938,1
0482 (3).jpg,test\REAL\0482 (3).jpg,0.004663825,0
0482 (4).jpg,test\REAL\0482 (4).jpg,0.99992007,1
0482 (5).jpg,test\REAL\0482 (5).jpg,0.8575351,1
0482 (6).jpg,test\REAL\0482 (6).jpg,1.0,1
0482 (7).jpg,test\REAL\0482 (7).jpg,1.0,1
0482 (8).jpg,test\REAL\0482 (8).jpg,1.0,1
0482 (9).jpg,test\REAL\0482 (9).jpg,0.0034118295,0
0482.jpg,test\REAL\0482.jpg,0.9999386,1
0483 (10).jpg,test\REAL\0483 (10).jpg,1.0,1
0483 (2).jpg,test\REAL\0483 (2).jpg,0.99999994,1
0483 (3).jpg,test\REAL\0483 (3).jpg,1.0,1
0483 (4).jpg,test\REAL\0483 (4).jpg,1.0,1
0483 (5).jpg,test\REAL\0483 (5).jpg,0.7358796,1
0483 (6).jpg,test\REAL\0483 (6).jpg,0.99999774,1
0483 (7).jpg,test\REAL\0483 (7).jpg,1.0,1
0483 (8).jpg,test\REAL\0483 (8).jpg,0.9824095,1
0483 (9).jpg,test\REAL\0483 (9).jpg,0.0030851662,0
0483.jpg,test\REAL\0483.jpg,1.0,1
0484 (10).jpg,test\REAL\0484 (10).jpg,0.9999994,1
0484 (2).jpg,test\REAL\0484 (2).jpg,0.9999952,1
0484 (3).jpg,test\REAL\0484 (3).jpg,0.85358506,1
0484 (4).jpg,test\REAL\0484 (4).jpg,1.0,1
0484 (5).jpg,test\REAL\0484 (5).jpg,1.0,1
0484 (6).jpg,test\REAL\0484 (6).jpg,1.0,1
0484 (7).jpg,test\REAL\0484 (7).jpg,0.07122797,0
0484 (8).jpg,test\REAL\0484 (8).jpg,1.0,1
0484 (9).jpg,test\REAL\0484 (9).jpg,0.06341416,0
0484.jpg,test\REAL\0484.jpg,0.9999981,1
0485 (10).jpg,test\REAL\0485 (10).jpg,1.0,1
0485 (2).jpg,test\REAL\0485 (2).jpg,0.32983914,0
0485 (3).jpg,test\REAL\0485 (3).jpg,0.4364167,0
0485 (4).jpg,test\REAL\0485 (4).jpg,0.9999681,1
0485 (5).jpg,test\REAL\0485 (5).jpg,0.9999999,1
0485 (6).jpg,test\REAL\0485 (6).jpg,0.9995592,1
0485 (7).jpg,test\REAL\0485 (7).jpg,0.999973,1
0485 (8).jpg,test\REAL\0485 (8).jpg,1.0,1
0485 (9).jpg,test\REAL\0485 (9).jpg,0.8033191,1
0485.jpg,test\REAL\0485.jpg,0.99884725,1
0486 (10).jpg,test\REAL\0486 (10).jpg,1.0,1
0486 (2).jpg,test\REAL\0486 (2).jpg,0.9999993,1
0486 (3).jpg,test\REAL\0486 (3).jpg,0.99999785,1
0486 (4).jpg,test\REAL\0486 (4).jpg,0.99999607,1
0486 (5).jpg,test\REAL\0486 (5).jpg,0.99999964,1
0486 (6).jpg,test\REAL\0486 (6).jpg,0.9999998,1
0486 (7).jpg,test\REAL\0486 (7).jpg,1.0,1
0486 (8).jpg,test\REAL\0486 (8).jpg,0.9999998,1
0486 (9).jpg,test\REAL\0486 (9).jpg,1.0,1
0486.jpg,test\REAL\0486.jpg,1.0,1
0487 (10).jpg,test\REAL\0487 (10).jpg,0.2971098,0
0487 (2).jpg,test\REAL\0487 (2).jpg,0.83367366,1
0487 (3).jpg,test\REAL\0487 (3).jpg,0.9992485,1
0487 (4).jpg,test\REAL\0487 (4).jpg,1.0,1
0487 (5).jpg,test\REAL\0487 (5).jpg,0.7410242,1
0487 (6).jpg,test\REAL\0487 (6).jpg,1.0,1
0487 (7).jpg,test\REAL\0487 (7).jpg,1.0,1
0487 (8).jpg,test\REAL\0487 (8).jpg,0.98335135,1
0487 (9).jpg,test\REAL\0487 (9).jpg,0.9999905,1
0487.jpg,test\REAL\0487.jpg,0.43696487,0
0488 (10).jpg,test\REAL\0488 (10).jpg,1.0,1
0488 (2).jpg,test\REAL\0488 (2).jpg,0.99999964,1
0488 (3).jpg,test\REAL\0488 (3).jpg,0.88271016,1
0488 (4).jpg,test\REAL\0488 (4).jpg,1.0,1
0488 (5).jpg,test\REAL\0488 (5).jpg,0.014423966,0
0488 (6).jpg,test\REAL\0488 (6).jpg,0.9999779,1
0488 (7).jpg,test\REAL\0488 (7).jpg,1.0,1
0488 (8).jpg,test\REAL\0488 (8).jpg,0.9819416,1
0488 (9).jpg,test\REAL\0488 (9).jpg,1.0,1
0488.jpg,test\REAL\0488.jpg,1.0,1
0489 (10).jpg,test\REAL\0489 (10).jpg,1.0,1
0489 (2).jpg,test\REAL\0489 (2).jpg,0.9999999,1
0489 (3).jpg,test\REAL\0489 (3).jpg,0.9999882,1
0489 (4).jpg,test\REAL\0489 (4).jpg,0.0018317103,0
0489 (5).jpg,test\REAL\0489 (5).jpg,0.96821654,1
0489 (6).jpg,test\REAL\0489 (6).jpg,1.0,1
0489 (7).jpg,test\REAL\0489 (7).jpg,0.9999819,1
0489 (8).jpg,test\REAL\0489 (8).jpg,0.99999356,1
0489 (9).jpg,test\REAL\0489 (9).jpg,0.999999,1
0489.jpg,test\REAL\0489.jpg,0.15740499,0
0490 (10).jpg,test\REAL\0490 (10).jpg,1.0,1
0490 (2).jpg,test\REAL\0490 (2).jpg,0.99999964,1
0490 (3).jpg,test\REAL\0490 (3).jpg,0.99375284,1
0490 (4).jpg,test\REAL\0490 (4).jpg,0.9999033,1
0490 (5).jpg,test\REAL\0490 (5).jpg,0.9999896,1
0490 (6).jpg,test\REAL\0490 (6).jpg,0.98171794,1
0490 (7).jpg,test\REAL\0490 (7).jpg,0.9999258,1
0490 (8).jpg,test\REAL\0490 (8).jpg,0.9750674,1
0490 (9).jpg,test\REAL\0490 (9).jpg,0.9998704,1
0490.jpg,test\REAL\0490.jpg,1.0,1
0491 (10).jpg,test\REAL\0491 (10).jpg,1.0,1
0491 (2).jpg,test\REAL\0491 (2).jpg,1.0,1
0491 (3).jpg,test\REAL\0491 (3).jpg,1.0,1
0491 (4).jpg,test\REAL\0491 (4).jpg,0.9514692,1
0491 (5).jpg,test\REAL\0491 (5).jpg,0.9998716,1
0491 (6).jpg,test\REAL\0491 (6).jpg,1.1891127e-05,0
0491 (7).jpg,test\REAL\0491 (7).jpg,0.999916,1
0491 (8).jpg,test\REAL\0491 (8).jpg,1.0,1
0491 (9).jpg,test\REAL\0491 (9).jpg,0.99557173,1
0491.jpg,test\REAL\0491.jpg,1.0,1
0492 (10).jpg,test\REAL\0492 (10).jpg,0.9999999,1
0492 (2).jpg,test\REAL\0492 (2).jpg,0.9444972,1
0492 (3).jpg,test\REAL\0492 (3).jpg,0.731956,1
0492 (4).jpg,test\REAL\0492 (4).jpg,1.0,1
0492 (5).jpg,test\REAL\0492 (5).jpg,0.9999964,1
0492 (6).jpg,test\REAL\0492 (6).jpg,0.9995264,1
0492 (7).jpg,test\REAL\0492 (7).jpg,1.0,1
0492 (8).jpg,test\REAL\0492 (8).jpg,0.9184799,1
0492 (9).jpg,test\REAL\0492 (9).jpg,1.0,1
0492.jpg,test\REAL\0492.jpg,1.0,1
0493 (10).jpg,test\REAL\0493 (10).jpg,0.9999896,1
0493 (2).jpg,test\REAL\0493 (2).jpg,1.0,1
0493 (3).jpg,test\REAL\0493 (3).jpg,1.0,1
0493 (4).jpg,test\REAL\0493 (4).jpg,0.99325943,1
0493 (5).jpg,test\REAL\0493 (5).jpg,0.9737202,1
0493 (6).jpg,test\REAL\0493 (6).jpg,0.98520595,1
0493 (7).jpg,test\REAL\0493 (7).jpg,1.0,1
0493 (8).jpg,test\REAL\0493 (8).jpg,0.99994385,1
0493 (9).jpg,test\REAL\0493 (9).jpg,7.236004e-05,0
0493.jpg,test\REAL\0493.jpg,1.0,1
0494 (10).jpg,test\REAL\0494 (10).jpg,1.0,1
0494 (2).jpg,test\REAL\0494 (2).jpg,1.0,1
0494 (3).jpg,test\REAL\0494 (3).jpg,0.93201125,1
0494 (4).jpg,test\REAL\0494 (4).jpg,0.9973655,1
0494 (5).jpg,test\REAL\0494 (5).jpg,1.0,1
0494 (6).jpg,test\REAL\0494 (6).jpg,0.9945756,1
0494 (7).jpg,test\REAL\0494 (7).jpg,1.0,1
0494 (8).jpg,test\REAL\0494 (8).jpg,0.9999999,1
0494 (9).jpg,test\REAL\0494 (9).jpg,1.0,1
0494.jpg,test\REAL\0494.jpg,1.0,1
0495 (10).jpg,test\REAL\0495 (10).jpg,0.66800106,1
0495 (2).jpg,test\REAL\0495 (2).jpg,0.95534784,1
0495 (3).jpg,test\REAL\0495 (3).jpg,0.97816384,1
0495 (4).jpg,test\REAL\0495 (4).jpg,0.9995855,1
0495 (5).jpg,test\REAL\0495 (5).jpg,0.73480684,1
0495 (6).jpg,test\REAL\0495 (6).jpg,1.0,1
0495 (7).jpg,test\REAL\0495 (7).jpg,0.45595598,0
0495 (8).jpg,test\REAL\0495 (8).jpg,0.69629073,1
0495 (9).jpg,test\REAL\0495 (9).jpg,0.99977285,1
0495.jpg,test\REAL\0495.jpg,0.019379795,0
0496 (10).jpg,test\REAL\0496 (10).jpg,0.6541012,1
0496 (2).jpg,test\REAL\0496 (2).jpg,0.9861442,1
0496 (3).jpg,test\REAL\0496 (3).jpg,0.9999851,1
0496 (4).jpg,test\REAL\0496 (4).jpg,1.0,1
0496 (5).jpg,test\REAL\0496 (5).jpg,0.9999995,1
0496 (6).jpg,test\REAL\0496 (6).jpg,1.0,1
0496 (7).jpg,test\REAL\0496 (7).jpg,0.7180904,1
0496 (8).jpg,test\REAL\0496 (8).jpg,0.9999466,1
0496 (9).jpg,test\REAL\0496 (9).jpg,1.0,1
0496.jpg,test\REAL\0496.jpg,1.0,1
0497 (10).jpg,test\REAL\0497 (10).jpg,1.0,1
0497 (2).jpg,test\REAL\0497 (2).jpg,0.9942989,1
0497 (3).jpg,test\REAL\0497 (3).jpg,0.99998903,1
0497 (4).jpg,test\REAL\0497 (4).jpg,1.0,1
0497 (5).jpg,test\REAL\0497 (5).jpg,1.0,1
0497 (6).jpg,test\REAL\0497 (6).jpg,0.99999857,1
0497 (7).jpg,test\REAL\0497 (7).jpg,1.0,1
0497 (8).jpg,test\REAL\0497 (8).jpg,0.99999857,1
0497 (9).jpg,test\REAL\0497 (9).jpg,1.0,1
0497.jpg,test\REAL\0497.jpg,0.9906274,1
0498 (10).jpg,test\REAL\0498 (10).jpg,1.0,1
0498 (2).jpg,test\REAL\0498 (2).jpg,0.88052,1
0498 (3).jpg,test\REAL\0498 (3).jpg,1.0,1
0498 (4).jpg,test\REAL\0498 (4).jpg,0.99466896,1
0498 (5).jpg,test\REAL\0498 (5).jpg,0.99999046,1
0498 (6).jpg,test\REAL\0498 (6).jpg,0.9999989,1
0498 (7).jpg,test\REAL\0498 (7).jpg,0.9999999,1
0498 (8).jpg,test\REAL\0498 (8).jpg,1.0,1
0498 (9).jpg,test\REAL\0498 (9).jpg,0.99988055,1
0498.jpg,test\REAL\0498.jpg,1.0,1
0499 (10).jpg,test\REAL\0499 (10).jpg,1.0,1
0499 (2).jpg,test\REAL\0499 (2).jpg,7.748604e-07,0
0499 (3).jpg,test\REAL\0499 (3).jpg,1.0,1
0499 (4).jpg,test\REAL\0499 (4).jpg,0.99978936,1
0499 (5).jpg,test\REAL\0499 (5).jpg,0.9970687,1
0499 (6).jpg,test\REAL\0499 (6).jpg,0.9999994,1
0499 (7).jpg,test\REAL\0499 (7).jpg,1.0,1
0499 (8).jpg,test\REAL\0499 (8).jpg,1.0,1
0499 (9).jpg,test\REAL\0499 (9).jpg,0.99999964,1
0499.jpg,test\REAL\0499.jpg,1.0,1
0500 (10).jpg,test\REAL\0500 (10).jpg,0.9999999,1
0500 (2).jpg,test\REAL\0500 (2).jpg,0.9983496,1
0500 (3).jpg,test\REAL\0500 (3).jpg,0.9739603,1
0500 (4).jpg,test\REAL\0500 (4).jpg,0.961923,1
0500 (5).jpg,test\REAL\0500 (5).jpg,0.99999994,1
0500 (6).jpg,test\REAL\0500 (6).jpg,1.0,1
0500 (7).jpg,test\REAL\0500 (7).jpg,0.99998367,1
0500 (8).jpg,test\REAL\0500 (8).jpg,0.9999994,1
0500 (9).jpg,test\REAL\0500 (9).jpg,0.9987432,1
0500.jpg,test\REAL\0500.jpg,0.9997693,1
0501 (10).jpg,test\REAL\0501 (10).jpg,0.9470487,1
0501 (2).jpg,test\REAL\0501 (2).jpg,1.0,1
0501 (3).jpg,test\REAL\0501 (3).jpg,0.99986446,1
0501 (4).jpg,test\REAL\0501 (4).jpg,0.08729115,0
0501 (5).jpg,test\REAL\0501 (5).jpg,1.0,1
0501 (6).jpg,test\REAL\0501 (6).jpg,0.42618683,0
0501 (7).jpg,test\REAL\0501 (7).jpg,1.0,1
0501 (8).jpg,test\REAL\0501 (8).jpg,0.67428184,1
0501 (9).jpg,test\REAL\0501 (9).jpg,0.99999744,1
0501.jpg,test\REAL\0501.jpg,1.0,1
0502 (10).jpg,test\REAL\0502 (10).jpg,0.9604256,1
0502 (2).jpg,test\REAL\0502 (2).jpg,0.97513103,1
0502 (3).jpg,test\REAL\0502 (3).jpg,1.0,1
0502 (4).jpg,test\REAL\0502 (4).jpg,1.0,1
0502 (5).jpg,test\REAL\0502 (5).jpg,0.82401824,1
0502 (6).jpg,test\REAL\0502 (6).jpg,1.0,1
0502 (7).jpg,test\REAL\0502 (7).jpg,0.99608505,1
0502 (8).jpg,test\REAL\0502 (8).jpg,0.99999315,1
0502 (9).jpg,test\REAL\0502 (9).jpg,0.78072,1
0502.jpg,test\REAL\0502.jpg,1.0,1
0503 (10).jpg,test\REAL\0503 (10).jpg,0.6437829,1
0503 (2).jpg,test\REAL\0503 (2).jpg,1.0,1
0503 (3).jpg,test\REAL\0503 (3).jpg,0.07567218,0
0503 (4).jpg,test\REAL\0503 (4).jpg,1.0,1
0503 (5).jpg,test\REAL\0503 (5).jpg,0.53497547,1
0503 (6).jpg,test\REAL\0503 (6).jpg,0.9965768,1
0503 (7).jpg,test\REAL\0503 (7).jpg,0.99999994,1
0503 (8).jpg,test\REAL\0503 (8).jpg,1.0,1
0503 (9).jpg,test\REAL\0503 (9).jpg,1.0,1
0503.jpg,test\REAL\0503.jpg,0.1443643,0
0504 (10).jpg,test\REAL\0504 (10).jpg,0.9999994,1
0504 (2).jpg,test\REAL\0504 (2).jpg,0.062019527,0
0504 (3).jpg,test\REAL\0504 (3).jpg,9.045005e-05,0
0504 (4).jpg,test\REAL\0504 (4).jpg,1.0,1
0504 (5).jpg,test\REAL\0504 (5).jpg,0.9999769,1
0504 (6).jpg,test\REAL\0504 (6).jpg,0.9999477,1
0504 (7).jpg,test\REAL\0504 (7).jpg,1.0,1
0504 (8).jpg,test\REAL\0504 (8).jpg,0.9999991,1
0504 (9).jpg,test\REAL\0504 (9).jpg,0.92910564,1
0504.jpg,test\REAL\0504.jpg,1.0,1
0505 (10).jpg,test\REAL\0505 (10).jpg,0.8010633,1
0505 (2).jpg,test\REAL\0505 (2).jpg,0.99989873,1
0505 (3).jpg,test\REAL\0505 (3).jpg,1.0,1
0505 (4).jpg,test\REAL\0505 (4).jpg,0.991539,1
0505 (5).jpg,test\REAL\0505 (5).jpg,0.04064226,0
0505 (6).jpg,test\REAL\0505 (6).jpg,0.8975214,1
0505 (7).jpg,test\REAL\0505 (7).jpg,1.0,1
0505 (8).jpg,test\REAL\0505 (8).jpg,0.74824274,1
0505 (9).jpg,test\REAL\0505 (9).jpg,0.9999999,1
0505.jpg,test\REAL\0505.jpg,0.7725568,1
0506 (10).jpg,test\REAL\0506 (10).jpg,1.0,1
0506 (2).jpg,test\REAL\0506 (2).jpg,1.0,1
0506 (3).jpg,test\REAL\0506 (3).jpg,0.0021168292,0
0506 (4).jpg,test\REAL\0506 (4).jpg,0.020566434,0
0506 (5).jpg,test\REAL\0506 (5).jpg,1.0,1
0506 (6).jpg,test\REAL\0506 (6).jpg,0.99981666,1
0506 (7).jpg,test\REAL\0506 (7).jpg,1.0,1
0506 (8).jpg,test\REAL\0506 (8).jpg,1.0,1
0506 (9).jpg,test\REAL\0506 (9).jpg,1.0,1
0506.jpg,test\REAL\0506.jpg,0.9999837,1
0507 (10).jpg,test\REAL\0507 (10).jpg,0.98786056,1
0507 (2).jpg,test\REAL\0507 (2).jpg,0.00359717,0
0507 (3).jpg,test\REAL\0507 (3).jpg,0.6907381,1
0507 (4).jpg,test\REAL\0507 (4).jpg,0.002373606,0
0507 (5).jpg,test\REAL\0507 (5).jpg,0.9999633,1
0507 (6).jpg,test\REAL\0507 (6).jpg,0.027381182,0
0507 (7).jpg,test\REAL\0507 (7).jpg,1.0,1
0507 (8).jpg,test\REAL\0507 (8).jpg,1.0,1
0507 (9).jpg,test\REAL\0507 (9).jpg,0.9999082,1
0507.jpg,test\REAL\0507.jpg,0.51178753,1
0508 (10).jpg,test\REAL\0508 (10).jpg,1.0,1
0508 (2).jpg,test\REAL\0508 (2).jpg,1.0,1
0508 (3).jpg,test\REAL\0508 (3).jpg,0.0110241175,0
0508 (4).jpg,test\REAL\0508 (4).jpg,0.55457157,1
0508 (5).jpg,test\REAL\0508 (5).jpg,0.8859848,1
0508 (6).jpg,test\REAL\0508 (6).jpg,0.9973868,1
0508 (7).jpg,test\REAL\0508 (7).jpg,1.0,1
0508 (8).jpg,test\REAL\0508 (8).jpg,1.0,1
0508 (9).jpg,test\REAL\0508 (9).jpg,1.0,1
0508.jpg,test\REAL\0508.jpg,0.99671996,1
0509 (10).jpg,test\REAL\0509 (10).jpg,1.0,1
0509 (2).jpg,test\REAL\0509 (2).jpg,0.0020032823,0
0509 (3).jpg,test\REAL\0509 (3).jpg,0.99971545,1
0509 (4).jpg,test\REAL\0509 (4).jpg,1.0,1
0509 (5).jpg,test\REAL\0509 (5).jpg,0.99941635,1
0509 (6).jpg,test\REAL\0509 (6).jpg,1.0,1
0509 (7).jpg,test\REAL\0509 (7).jpg,0.99999714,1
0509 (8).jpg,test\REAL\0509 (8).jpg,1.0,1
0509 (9).jpg,test\REAL\0509 (9).jpg,1.0,1
0509.jpg,test\REAL\0509.jpg,1.0,1
0510 (10).jpg,test\REAL\0510 (10).jpg,1.0,1
0510 (2).jpg,test\REAL\0510 (2).jpg,0.9999688,1
0510 (3).jpg,test\REAL\0510 (3).jpg,0.99999154,1
0510 (4).jpg,test\REAL\0510 (4).jpg,0.9999996,1
0510 (5).jpg,test\REAL\0510 (5).jpg,1.0,1
0510 (6).jpg,test\REAL\0510 (6).jpg,1.0,1
0510 (7).jpg,test\REAL\0510 (7).jpg,1.0,1
0510 (8).jpg,test\REAL\0510 (8).jpg,0.46013296,0
0510 (9).jpg,test\REAL\0510 (9).jpg,0.3971261,0
0510.jpg,test\REAL\0510.jpg,0.22194037,0
0511 (10).jpg,test\REAL\0511 (10).jpg,0.9999858,1
0511 (2).jpg,test\REAL\0511 (2).jpg,0.00878486,0
0511 (3).jpg,test\REAL\0511 (3).jpg,1.0,1
0511 (4).jpg,test\REAL\0511 (4).jpg,0.49039435,0
0511 (5).jpg,test\REAL\0511 (5).jpg,0.99999994,1
0511 (6).jpg,test\REAL\0511 (6).jpg,0.9976443,1
0511 (7).jpg,test\REAL\0511 (7).jpg,1.0,1
0511 (8).jpg,test\REAL\0511 (8).jpg,1.0,1
0511 (9).jpg,test\REAL\0511 (9).jpg,1.0,1
0511.jpg,test\REAL\0511.jpg,1.0,1
0512 (10).jpg,test\REAL\0512 (10).jpg,1.0,1
0512 (2).jpg,test\REAL\0512 (2).jpg,0.10244295,0
0512 (3).jpg,test\REAL\0512 (3).jpg,0.9999651,1
0512 (4).jpg,test\REAL\0512 (4).jpg,1.0,1
0512 (5).jpg,test\REAL\0512 (5).jpg,0.9999897,1
0512 (6).jpg,test\REAL\0512 (6).jpg,1.0,1
0512 (7).jpg,test\REAL\0512 (7).jpg,0.9999722,1
0512 (8).jpg,test\REAL\0512 (8).jpg,0.9623883,1
0512 (9).jpg,test\REAL\0512 (9).jpg,0.563843,1
0512.jpg,test\REAL\0512.jpg,0.6586522,1
0513 (10).jpg,test\REAL\0513 (10).jpg,0.0018430352,0
0513 (2).jpg,test\REAL\0513 (2).jpg,0.99999994,1
0513 (3).jpg,test\REAL\0513 (3).jpg,0.99999785,1
0513 (4).jpg,test\REAL\0513 (4).jpg,0.99961364,1
0513 (5).jpg,test\REAL\0513 (5).jpg,1.0,1
0513 (6).jpg,test\REAL\0513 (6).jpg,0.93247855,1
0513 (7).jpg,test\REAL\0513 (7).jpg,0.9832921,1
0513 (8).jpg,test\REAL\0513 (8).jpg,0.91286033,1
0513 (9).jpg,test\REAL\0513 (9).jpg,0.9999943,1
0513.jpg,test\REAL\0513.jpg,0.9708537,1
0514 (10).jpg,test\REAL\0514 (10).jpg,1.0,1
0514 (2).jpg,test\REAL\0514 (2).jpg,1.0,1
0514 (3).jpg,test\REAL\0514 (3).jpg,0.35100698,0
0514 (4).jpg,test\REAL\0514 (4).jpg,1.0,1
0514 (5).jpg,test\REAL\0514 (5).jpg,0.99903417,1
0514 (6).jpg,test\REAL\0514 (6).jpg,1.0,1
0514 (7).jpg,test\REAL\0514 (7).jpg,0.99676,1
0514 (8).jpg,test\REAL\0514 (8).jpg,0.99999636,1
0514 (9).jpg,test\REAL\0514 (9).jpg,1.0,1
0514.jpg,test\REAL\0514.jpg,0.36872244,0
0515 (10).jpg,test\REAL\0515 (10).jpg,0.999999,1
0515 (2).jpg,test\REAL\0515 (2).jpg,1.0,1
0515 (3).jpg,test\REAL\0515 (3).jpg,0.98727477,1
0515 (4).jpg,test\REAL\0515 (4).jpg,0.9410342,1
0515 (5).jpg,test\REAL\0515 (5).jpg,1.0,1
0515 (6).jpg,test\REAL\0515 (6).jpg,1.0,1
0515 (7).jpg,test\REAL\0515 (7).jpg,1.0,1
0515 (8).jpg,test\REAL\0515 (8).jpg,1.0,1
0515 (9).jpg,test\REAL\0515 (9).jpg,0.94852144,1
0515.jpg,test\REAL\0515.jpg,1.0,1
0516 (10).jpg,test\REAL\0516 (10).jpg,1.0,1
0516 (2).jpg,test\REAL\0516 (2).jpg,0.99989486,1
0516 (3).jpg,test\REAL\0516 (3).jpg,0.9999959,1
0516 (4).jpg,test\REAL\0516 (4).jpg,1.0,1
0516 (5).jpg,test\REAL\0516 (5).jpg,1.0,1
0516 (6).jpg,test\REAL\0516 (6).jpg,0.21378791,0
0516 (7).jpg,test\REAL\0516 (7).jpg,1.0,1
0516 (8).jpg,test\REAL\0516 (8).jpg,0.9821054,1
0516 (9).jpg,test\REAL\0516 (9).jpg,0.99999994,1
0516.jpg,test\REAL\0516.jpg,0.9726175,1
0517 (10).jpg,test\REAL\0517 (10).jpg,1.0,1
0517 (2).jpg,test\REAL\0517 (2).jpg,1.0,1
0517 (3).jpg,test\REAL\0517 (3).jpg,1.0,1
0517 (4).jpg,test\REAL\0517 (4).jpg,1.0,1
0517 (5).jpg,test\REAL\0517 (5).jpg,1.0,1
0517 (6).jpg,test\REAL\0517 (6).jpg,0.9580208,1
0517 (7).jpg,test\REAL\0517 (7).jpg,1.0,1
0517 (8).jpg,test\REAL\0517 (8).jpg,1.0,1
0517 (9).jpg,test\REAL\0517 (9).jpg,0.09193498,0
0517.jpg,test\REAL\0517.jpg,0.98367155,1
0518 (10).jpg,test\REAL\0518 (10).jpg,0.9999999,1
0518 (2).jpg,test\REAL\0518 (2).jpg,1.0,1
0518 (3).jpg,test\REAL\0518 (3).jpg,0.99994993,1
0518 (4).jpg,test\REAL\0518 (4).jpg,1.0,1
0518 (5).jpg,test\REAL\0518 (5).jpg,0.9935247,1
0518 (6).jpg,test\REAL\0518 (6).jpg,1.0,1
0518 (7).jpg,test\REAL\0518 (7).jpg,0.9999807,1
0518 (8).jpg,test\REAL\0518 (8).jpg,1.0,1
0518 (9).jpg,test\REAL\0518 (9).jpg,1.0,1
0518.jpg,test\REAL\0518.jpg,0.84565055,1
0519 (10).jpg,test\REAL\0519 (10).jpg,1.0,1
0519 (2).jpg,test\REAL\0519 (2).jpg,0.99999994,1
0519 (3).jpg,test\REAL\0519 (3).jpg,1.0,1
0519 (4).jpg,test\REAL\0519 (4).jpg,0.99749213,1
0519 (5).jpg,test\REAL\0519 (5).jpg,0.9999509,1
0519 (6).jpg,test\REAL\0519 (6).jpg,1.0,1
0519 (7).jpg,test\REAL\0519 (7).jpg,0.99082553,1
0519 (8).jpg,test\REAL\0519 (8).jpg,0.9976651,1
0519 (9).jpg,test\REAL\0519 (9).jpg,1.0,1
0519.jpg,test\REAL\0519.jpg,0.98034656,1
0520 (10).jpg,test\REAL\0520 (10).jpg,1.0,1
0520 (2).jpg,test\REAL\0520 (2).jpg,1.0,1
0520 (3).jpg,test\REAL\0520 (3).jpg,0.9993859,1
0520 (4).jpg,test\REAL\0520 (4).jpg,0.9954679,1
0520 (5).jpg,test\REAL\0520 (5).jpg,0.99900436,1
0520 (6).jpg,test\REAL\0520 (6).jpg,1.0,1
0520 (7).jpg,test\REAL\0520 (7).jpg,1.0,1
0520 (8).jpg,test\REAL\0520 (8).jpg,1.0,1
0520 (9).jpg,test\REAL\0520 (9).jpg,1.0,1
0520.jpg,test\REAL\0520.jpg,0.9999931,1
0521 (10).jpg,test\REAL\0521 (10).jpg,0.63147616,1
0521 (2).jpg,test\REAL\0521 (2).jpg,0.40621322,0
0521 (3).jpg,test\REAL\0521 (3).jpg,1.0,1
0521 (4).jpg,test\REAL\0521 (4).jpg,0.9999875,1
0521 (5).jpg,test\REAL\0521 (5).jpg,1.0,1
0521 (6).jpg,test\REAL\0521 (6).jpg,1.0,1
0521 (7).jpg,test\REAL\0521 (7).jpg,0.9999978,1
0521 (8).jpg,test\REAL\0521 (8).jpg,0.99911857,1
0521 (9).jpg,test\REAL\0521 (9).jpg,1.0,1
0521.jpg,test\REAL\0521.jpg,1.0,1
0522 (10).jpg,test\REAL\0522 (10).jpg,1.0,1
0522 (2).jpg,test\REAL\0522 (2).jpg,1.0,1
0522 (3).jpg,test\REAL\0522 (3).jpg,0.85524595,1
0522 (4).jpg,test\REAL\0522 (4).jpg,0.9918653,1
0522 (5).jpg,test\REAL\0522 (5).jpg,0.8688277,1
0522 (6).jpg,test\REAL\0522 (6).jpg,0.9996599,1
0522 (7).jpg,test\REAL\0522 (7).jpg,1.0,1
0522 (8).jpg,test\REAL\0522 (8).jpg,0.9999942,1
0522 (9).jpg,test\REAL\0522 (9).jpg,1.0,1
0522.jpg,test\REAL\0522.jpg,1.0,1
0523 (10).jpg,test\REAL\0523 (10).jpg,8.940697e-08,0
0523 (2).jpg,test\REAL\0523 (2).jpg,0.99491084,1
0523 (3).jpg,test\REAL\0523 (3).jpg,1.0,1
0523 (4).jpg,test\REAL\0523 (4).jpg,1.0,1
0523 (5).jpg,test\REAL\0523 (5).jpg,0.99931496,1
0523 (6).jpg,test\REAL\0523 (6).jpg,1.0,1
0523 (7).jpg,test\REAL\0523 (7).jpg,1.0,1
0523 (8).jpg,test\REAL\0523 (8).jpg,0.99912393,1
0523 (9).jpg,test\REAL\0523 (9).jpg,1.0,1
0523.jpg,test\REAL\0523.jpg,1.0,1
0524 (10).jpg,test\REAL\0524 (10).jpg,1.0,1
0524 (2).jpg,test\REAL\0524 (2).jpg,0.16052589,0
0524 (3).jpg,test\REAL\0524 (3).jpg,0.988836,1
0524 (4).jpg,test\REAL\0524 (4).jpg,0.8430896,1
0524 (5).jpg,test\REAL\0524 (5).jpg,1.0,1
0524 (6).jpg,test\REAL\0524 (6).jpg,0.9999945,1
0524 (7).jpg,test\REAL\0524 (7).jpg,0.9999868,1
0524 (8).jpg,test\REAL\0524 (8).jpg,1.0,1
0524 (9).jpg,test\REAL\0524 (9).jpg,4.091859e-05,0
0524.jpg,test\REAL\0524.jpg,0.9568436,1
0525 (10).jpg,test\REAL\0525 (10).jpg,1.0,1
0525 (2).jpg,test\REAL\0525 (2).jpg,0.9999983,1
0525 (3).jpg,test\REAL\0525 (3).jpg,1.0,1
0525 (4).jpg,test\REAL\0525 (4).jpg,1.0,1
0525 (5).jpg,test\REAL\0525 (5).jpg,1.0,1
0525 (6).jpg,test\REAL\0525 (6).jpg,1.0,1
0525 (7).jpg,test\REAL\0525 (7).jpg,1.0,1
0525 (8).jpg,test\REAL\0525 (8).jpg,0.7606162,1
0525 (9).jpg,test\REAL\0525 (9).jpg,0.9971956,1
0525.jpg,test\REAL\0525.jpg,0.017704993,0
0526 (10).jpg,test\REAL\0526 (10).jpg,1.0,1
0526 (2).jpg,test\REAL\0526 (2).jpg,1.0,1
0526 (3).jpg,test\REAL\0526 (3).jpg,0.9999999,1
0526 (4).jpg,test\REAL\0526 (4).jpg,1.0,1
0526 (5).jpg,test\REAL\0526 (5).jpg,0.70295703,1
0526 (6).jpg,test\REAL\0526 (6).jpg,0.9999559,1
0526 (7).jpg,test\REAL\0526 (7).jpg,1.0,1
0526 (8).jpg,test\REAL\0526 (8).jpg,0.9999993,1
0526 (9).jpg,test\REAL\0526 (9).jpg,0.99997616,1
0526.jpg,test\REAL\0526.jpg,0.9533603,1
0527 (10).jpg,test\REAL\0527 (10).jpg,1.0,1
0527 (2).jpg,test\REAL\0527 (2).jpg,0.9946195,1
0527 (3).jpg,test\REAL\0527 (3).jpg,0.99999917,1
0527 (4).jpg,test\REAL\0527 (4).jpg,0.99431443,1
0527 (5).jpg,test\REAL\0527 (5).jpg,1.0,1
0527 (6).jpg,test\REAL\0527 (6).jpg,0.9999998,1
0527 (7).jpg,test\REAL\0527 (7).jpg,0.9977559,1
0527 (8).jpg,test\REAL\0527 (8).jpg,1.0,1
0527 (9).jpg,test\REAL\0527 (9).jpg,0.99999845,1
0527.jpg,test\REAL\0527.jpg,1.0,1
0528 (10).jpg,test\REAL\0528 (10).jpg,1.0,1
0528 (2).jpg,test\REAL\0528 (2).jpg,0.94668925,1
0528 (3).jpg,test\REAL\0528 (3).jpg,0.066305995,0
0528 (4).jpg,test\REAL\0528 (4).jpg,1.0,1
0528 (5).jpg,test\REAL\0528 (5).jpg,0.9999742,1
0528 (6).jpg,test\REAL\0528 (6).jpg,0.9505075,1
0528 (7).jpg,test\REAL\0528 (7).jpg,0.99999976,1
0528 (8).jpg,test\REAL\0528 (8).jpg,1.0,1
0528 (9).jpg,test\REAL\0528 (9).jpg,1.0,1
0528.jpg,test\REAL\0528.jpg,1.0,1
0529 (10).jpg,test\REAL\0529 (10).jpg,1.0,1
0529 (2).jpg,test\REAL\0529 (2).jpg,1.0,1
0529 (3).jpg,test\REAL\0529 (3).jpg,0.99991405,1
0529 (4).jpg,test\REAL\0529 (4).jpg,0.99999994,1
0529 (5).jpg,test\REAL\0529 (5).jpg,1.0,1
0529 (6).jpg,test\REAL\0529 (6).jpg,0.99994755,1
0529 (7).jpg,test\REAL\0529 (7).jpg,1.0,1
0529 (8).jpg,test\REAL\0529 (8).jpg,0.99999845,1
0529 (9).jpg,test\REAL\0529 (9).jpg,0.9993084,1
0529.jpg,test\REAL\0529.jpg,1.0,1
0530 (10).jpg,test\REAL\0530 (10).jpg,1.0,1
0530 (2).jpg,test\REAL\0530 (2).jpg,1.0,1
0530 (3).jpg,test\REAL\0530 (3).jpg,1.0,1
0530 (4).jpg,test\REAL\0530 (4).jpg,0.9999865,1
0530 (5).jpg,test\REAL\0530 (5).jpg,1.0,1
0530 (6).jpg,test\REAL\0530 (6).jpg,1.0,1
0530 (7).jpg,test\REAL\0530 (7).jpg,0.9999999,1
0530 (8).jpg,test\REAL\0530 (8).jpg,1.0,1
0530 (9).jpg,test\REAL\0530 (9).jpg,0.87766886,1
0530.jpg,test\REAL\0530.jpg,1.0,1
0531 (10).jpg,test\REAL\0531 (10).jpg,1.0,1
0531 (2).jpg,test\REAL\0531 (2).jpg,0.011384636,0
0531 (3).jpg,test\REAL\0531 (3).jpg,0.9996837,1
0531 (4).jpg,test\REAL\0531 (4).jpg,0.9999973,1
0531 (5).jpg,test\REAL\0531 (5).jpg,0.9829488,1
0531 (6).jpg,test\REAL\0531 (6).jpg,1.0,1
0531 (7).jpg,test\REAL\0531 (7).jpg,1.0,1
0531 (8).jpg,test\REAL\0531 (8).jpg,0.99999994,1
0531 (9).jpg,test\REAL\0531 (9).jpg,1.0,1
0531.jpg,test\REAL\0531.jpg,1.0,1
0532 (10).jpg,test\REAL\0532 (10).jpg,1.0,1
0532 (2).jpg,test\REAL\0532 (2).jpg,1.0,1
0532 (3).jpg,test\REAL\0532 (3).jpg,0.999524,1
0532 (4).jpg,test\REAL\0532 (4).jpg,1.0,1
0532 (5).jpg,test\REAL\0532 (5).jpg,1.0,1
0532 (6).jpg,test\REAL\0532 (6).jpg,1.0,1
0532 (7).jpg,test\REAL\0532 (7).jpg,0.6510459,1
0532 (8).jpg,test\REAL\0532 (8).jpg,1.0,1
0532 (9).jpg,test\REAL\0532 (9).jpg,0.9995115,1
0532.jpg,test\REAL\0532.jpg,0.9999999,1
0533 (10).jpg,test\REAL\0533 (10).jpg,1.0,1
0533 (2).jpg,test\REAL\0533 (2).jpg,0.9999968,1
0533 (3).jpg,test\REAL\0533 (3).jpg,1.0,1
0533 (4).jpg,test\REAL\0533 (4).jpg,0.049696416,0
0533 (5).jpg,test\REAL\0533 (5).jpg,0.99998343,1
0533 (6).jpg,test\REAL\0533 (6).jpg,1.0,1
0533 (7).jpg,test\REAL\0533 (7).jpg,0.029385,0
0533 (8).jpg,test\REAL\0533 (8).jpg,0.0003248453,0
0533 (9).jpg,test\REAL\0533 (9).jpg,1.0,1
0533.jpg,test\REAL\0533.jpg,0.99987113,1
0534 (10).jpg,test\REAL\0534 (10).jpg,1.0,1
0534 (2).jpg,test\REAL\0534 (2).jpg,0.99999756,1
0534 (3).jpg,test\REAL\0534 (3).jpg,1.0,1
0534 (4).jpg,test\REAL\0534 (4).jpg,0.96499467,1
0534 (5).jpg,test\REAL\0534 (5).jpg,0.9996456,1
0534 (6).jpg,test\REAL\0534 (6).jpg,0.9998756,1
0534 (7).jpg,test\REAL\0534 (7).jpg,1.0,1
0534 (8).jpg,test\REAL\0534 (8).jpg,0.9475132,1
0534 (9).jpg,test\REAL\0534 (9).jpg,0.99999964,1
0534.jpg,test\REAL\0534.jpg,1.0,1
0535 (10).jpg,test\REAL\0535 (10).jpg,1.0,1
0535 (2).jpg,test\REAL\0535 (2).jpg,1.0,1
0535 (3).jpg,test\REAL\0535 (3).jpg,1.0,1
0535 (4).jpg,test\REAL\0535 (4).jpg,0.9999862,1
0535 (5).jpg,test\REAL\0535 (5).jpg,0.9738984,1
0535 (6).jpg,test\REAL\0535 (6).jpg,1.0,1
0535 (7).jpg,test\REAL\0535 (7).jpg,1.0,1
0535 (8).jpg,test\REAL\0535 (8).jpg,0.98651177,1
0535 (9).jpg,test\REAL\0535 (9).jpg,0.9999993,1
0535.jpg,test\REAL\0535.jpg,0.0001335442,0
0536 (10).jpg,test\REAL\0536 (10).jpg,1.0,1
0536 (2).jpg,test\REAL\0536 (2).jpg,0.018276691,0
0536 (3).jpg,test\REAL\0536 (3).jpg,1.0,1
0536 (4).jpg,test\REAL\0536 (4).jpg,1.0,1
0536 (5).jpg,test\REAL\0536 (5).jpg,0.5909087,1
0536 (6).jpg,test\REAL\0536 (6).jpg,1.0,1
0536 (7).jpg,test\REAL\0536 (7).jpg,1.0,1
0536 (8).jpg,test\REAL\0536 (8).jpg,1.0,1
0536 (9).jpg,test\REAL\0536 (9).jpg,0.9999989,1
0536.jpg,test\REAL\0536.jpg,0.9999994,1
0537 (10).jpg,test\REAL\0537 (10).jpg,1.0,1
0537 (2).jpg,test\REAL\0537 (2).jpg,0.99999905,1
0537 (3).jpg,test\REAL\0537 (3).jpg,0.7579893,1
0537 (4).jpg,test\REAL\0537 (4).jpg,1.0,1
0537 (5).jpg,test\REAL\0537 (5).jpg,0.999991,1
0537 (6).jpg,test\REAL\0537 (6).jpg,0.996868,1
0537 (7).jpg,test\REAL\0537 (7).jpg,1.0,1
0537 (8).jpg,test\REAL\0537 (8).jpg,0.9655718,1
0537 (9).jpg,test\REAL\0537 (9).jpg,0.9919788,1
0537.jpg,test\REAL\0537.jpg,0.009479731,0
0538 (10).jpg,test\REAL\0538 (10).jpg,1.0,1
0538 (2).jpg,test\REAL\0538 (2).jpg,1.0,1
0538 (3).jpg,test\REAL\0538 (3).jpg,0.9999989,1
0538 (4).jpg,test\REAL\0538 (4).jpg,1.0,1
0538 (5).jpg,test\REAL\0538 (5).jpg,0.99999815,1
0538 (6).jpg,test\REAL\0538 (6).jpg,1.0,1
0538 (7).jpg,test\REAL\0538 (7).jpg,0.98367804,1
0538 (8).jpg,test\REAL\0538 (8).jpg,0.8953913,1
0538 (9).jpg,test\REAL\0538 (9).jpg,0.8385508,1
0538.jpg,test\REAL\0538.jpg,0.9999998,1
0539 (10).jpg,test\REAL\0539 (10).jpg,0.99999905,1
0539 (2).jpg,test\REAL\0539 (2).jpg,1.0,1
0539 (3).jpg,test\REAL\0539 (3).jpg,0.9968581,1
0539 (4).jpg,test\REAL\0539 (4).jpg,1.0,1
0539 (5).jpg,test\REAL\0539 (5).jpg,1.0,1
0539 (6).jpg,test\REAL\0539 (6).jpg,1.0,1
0539 (7).jpg,test\REAL\0539 (7).jpg,1.0,1
0539 (8).jpg,test\REAL\0539 (8).jpg,1.0,1
0539 (9).jpg,test\REAL\0539 (9).jpg,1.0,1
0539.jpg,test\REAL\0539.jpg,0.96518517,1
0540 (10).jpg,test\REAL\0540 (10).jpg,0.63900787,1
0540 (2).jpg,test\REAL\0540 (2).jpg,0.00086563826,0
0540 (3).jpg,test\REAL\0540 (3).jpg,0.3823431,0
0540 (4).jpg,test\REAL\0540 (4).jpg,1.0,1
0540 (5).jpg,test\REAL\0540 (5).jpg,1.0,1
0540 (6).jpg,test\REAL\0540 (6).jpg,1.0,1
0540 (7).jpg,test\REAL\0540 (7).jpg,0.9778513,1
0540 (8).jpg,test\REAL\0540 (8).jpg,0.57609373,1
0540 (9).jpg,test\REAL\0540 (9).jpg,0.69133383,1
0540.jpg,test\REAL\0540.jpg,0.99999225,1
0541 (10).jpg,test\REAL\0541 (10).jpg,1.0,1
0541 (2).jpg,test\REAL\0541 (2).jpg,0.03026399,0
0541 (3).jpg,test\REAL\0541 (3).jpg,1.0,1
0541 (4).jpg,test\REAL\0541 (4).jpg,0.9999796,1
0541 (5).jpg,test\REAL\0541 (5).jpg,1.0,1
0541 (6).jpg,test\REAL\0541 (6).jpg,1.0,1
0541 (7).jpg,test\REAL\0541 (7).jpg,0.4565516,0
0541 (8).jpg,test\REAL\0541 (8).jpg,0.9844756,1
0541 (9).jpg,test\REAL\0541 (9).jpg,1.0,1
0541.jpg,test\REAL\0541.jpg,0.5469477,1
0542 (10).jpg,test\REAL\0542 (10).jpg,0.98925513,1
0542 (2).jpg,test\REAL\0542 (2).jpg,0.7730175,1
0542 (3).jpg,test\REAL\0542 (3).jpg,0.9999999,1
0542 (4).jpg,test\REAL\0542 (4).jpg,1.0,1
0542 (5).jpg,test\REAL\0542 (5).jpg,1.0,1
0542 (6).jpg,test\REAL\0542 (6).jpg,0.99961996,1
0542 (7).jpg,test\REAL\0542 (7).jpg,0.31118202,0
0542 (8).jpg,test\REAL\0542 (8).jpg,1.0,1
0542 (9).jpg,test\REAL\0542 (9).jpg,0.008283883,0
0542.jpg,test\REAL\0542.jpg,0.9900739,1
0543 (10).jpg,test\REAL\0543 (10).jpg,1.0,1
0543 (2).jpg,test\REAL\0543 (2).jpg,0.014671266,0
0543 (3).jpg,test\REAL\0543 (3).jpg,0.9635447,1
0543 (4).jpg,test\REAL\0543 (4).jpg,0.9999645,1
0543 (5).jpg,test\REAL\0543 (5).jpg,0.99999845,1
0543 (6).jpg,test\REAL\0543 (6).jpg,1.0,1
0543 (7).jpg,test\REAL\0543 (7).jpg,0.96399504,1
0543 (8).jpg,test\REAL\0543 (8).jpg,0.079529405,0
0543 (9).jpg,test\REAL\0543 (9).jpg,0.9787502,1
0543.jpg,test\REAL\0543.jpg,1.0,1
0544 (10).jpg,test\REAL\0544 (10).jpg,0.017859608,0
0544 (2).jpg,test\REAL\0544 (2).jpg,0.016705185,0
0544 (3).jpg,test\REAL\0544 (3).jpg,0.27487862,0
0544 (4).jpg,test\REAL\0544 (4).jpg,1.0,1
0544 (5).jpg,test\REAL\0544 (5).jpg,0.9999902,1
0544 (6).jpg,test\REAL\0544 (6).jpg,1.0,1
0544 (7).jpg,test\REAL\0544 (7).jpg,0.99994105,1
0544 (8).jpg,test\REAL\0544 (8).jpg,1.0,1
0544 (9).jpg,test\REAL\0544 (9).jpg,0.8033906,1
0544.jpg,test\REAL\0544.jpg,1.0,1
0545 (10).jpg,test\REAL\0545 (10).jpg,0.99999964,1
0545 (2).jpg,test\REAL\0545 (2).jpg,1.0,1
0545 (3).jpg,test\REAL\0545 (3).jpg,0.9151516,1
0545 (4).jpg,test\REAL\0545 (4).jpg,0.9995811,1
0545 (5).jpg,test\REAL\0545 (5).jpg,0.7597045,1
0545 (6).jpg,test\REAL\0545 (6).jpg,1.0,1
0545 (7).jpg,test\REAL\0545 (7).jpg,1.0,1
0545 (8).jpg,test\REAL\0545 (8).jpg,1.0,1
0545 (9).jpg,test\REAL\0545 (9).jpg,1.0,1
0545.jpg,test\REAL\0545.jpg,0.9285109,1
0546 (10).jpg,test\REAL\0546 (10).jpg,1.0,1
0546 (2).jpg,test\REAL\0546 (2).jpg,1.0,1
0546 (3).jpg,test\REAL\0546 (3).jpg,0.98766226,1
0546 (4).jpg,test\REAL\0546 (4).jpg,0.99997395,1
0546 (5).jpg,test\REAL\0546 (5).jpg,0.99986416,1
0546 (6).jpg,test\REAL\0546 (6).jpg,1.0,1
0546 (7).jpg,test\REAL\0546 (7).jpg,1.0,1
0546 (8).jpg,test\REAL\0546 (8).jpg,0.9998625,1
0546 (9).jpg,test\REAL\0546 (9).jpg,1.0,1
0546.jpg,test\REAL\0546.jpg,0.9709794,1
0547 (10).jpg,test\REAL\0547 (10).jpg,1.0,1
0547 (2).jpg,test\REAL\0547 (2).jpg,1.0,1
0547 (3).jpg,test\REAL\0547 (3).jpg,0.99999917,1
0547 (4).jpg,test\REAL\0547 (4).jpg,0.6764047,1
0547 (5).jpg,test\REAL\0547 (5).jpg,1.0,1
0547 (6).jpg,test\REAL\0547 (6).jpg,1.0,1
0547 (7).jpg,test\REAL\0547 (7).jpg,0.99915916,1
0547 (8).jpg,test\REAL\0547 (8).jpg,0.9927795,1
0547 (9).jpg,test\REAL\0547 (9).jpg,1.0,1
0547.jpg,test\REAL\0547.jpg,0.8473707,1
0548 (10).jpg,test\REAL\0548 (10).jpg,0.995845,1
0548 (2).jpg,test\REAL\0548 (2).jpg,0.998217,1
0548 (3).jpg,test\REAL\0548 (3).jpg,1.0,1
0548 (4).jpg,test\REAL\0548 (4).jpg,1.0,1
0548 (5).jpg,test\REAL\0548 (5).jpg,1.0,1
0548 (6).jpg,test\REAL\0548 (6).jpg,0.99946153,1
0548 (7).jpg,test\REAL\0548 (7).jpg,1.0,1
0548 (8).jpg,test\REAL\0548 (8).jpg,0.99998826,1
0548 (9).jpg,test\REAL\0548 (9).jpg,0.99350035,1
0548.jpg,test\REAL\0548.jpg,0.9999979,1
0549 (10).jpg,test\REAL\0549 (10).jpg,0.5876835,1
0549 (2).jpg,test\REAL\0549 (2).jpg,0.99965703,1
0549 (3).jpg,test\REAL\0549 (3).jpg,1.0,1
0549 (4).jpg,test\REAL\0549 (4).jpg,0.98888063,1
0549 (5).jpg,test\REAL\0549 (5).jpg,0.38064677,0
0549 (6).jpg,test\REAL\0549 (6).jpg,0.5065992,1
0549 (7).jpg,test\REAL\0549 (7).jpg,0.99999756,1
0549 (8).jpg,test\REAL\0549 (8).jpg,0.99999976,1
0549 (9).jpg,test\REAL\0549 (9).jpg,0.99995905,1
0549.jpg,test\REAL\0549.jpg,0.9999982,1
0550 (10).jpg,test\REAL\0550 (10).jpg,0.28586292,0
0550 (2).jpg,test\REAL\0550 (2).jpg,1.0,1
0550 (3).jpg,test\REAL\0550 (3).jpg,0.18572867,0
0550 (4).jpg,test\REAL\0550 (4).jpg,0.9997946,1
0550 (5).jpg,test\REAL\0550 (5).jpg,1.0,1
0550 (6).jpg,test\REAL\0550 (6).jpg,1.0,1
0550 (7).jpg,test\REAL\0550 (7).jpg,0.99999905,1
0550 (8).jpg,test\REAL\0550 (8).jpg,0.9883105,1
0550 (9).jpg,test\REAL\0550 (9).jpg,0.9999832,1
0550.jpg,test\REAL\0550.jpg,1.0,1
0551 (10).jpg,test\REAL\0551 (10).jpg,1.0,1
0551 (2).jpg,test\REAL\0551 (2).jpg,1.0,1
0551 (3).jpg,test\REAL\0551 (3).jpg,1.0,1
0551 (4).jpg,test\REAL\0551 (4).jpg,1.0,1
0551 (5).jpg,test\REAL\0551 (5).jpg,1.0,1
0551 (6).jpg,test\REAL\0551 (6).jpg,0.999995,1
0551 (7).jpg,test\REAL\0551 (7).jpg,0.99999213,1
0551 (8).jpg,test\REAL\0551 (8).jpg,1.0,1
0551 (9).jpg,test\REAL\0551 (9).jpg,0.99972796,1
0551.jpg,test\REAL\0551.jpg,1.0,1
0552 (10).jpg,test\REAL\0552 (10).jpg,1.0,1
0552 (2).jpg,test\REAL\0552 (2).jpg,0.9842818,1
0552 (3).jpg,test\REAL\0552 (3).jpg,0.30634254,0
0552 (4).jpg,test\REAL\0552 (4).jpg,0.9985658,1
0552 (5).jpg,test\REAL\0552 (5).jpg,0.9635447,1
0552 (6).jpg,test\REAL\0552 (6).jpg,0.9953717,1
0552 (7).jpg,test\REAL\0552 (7).jpg,1.0,1
0552 (8).jpg,test\REAL\0552 (8).jpg,0.9999989,1
0552 (9).jpg,test\REAL\0552 (9).jpg,0.9981832,1
0552.jpg,test\REAL\0552.jpg,1.0,1
0553 (10).jpg,test\REAL\0553 (10).jpg,1.0,1
0553 (2).jpg,test\REAL\0553 (2).jpg,1.0,1
0553 (3).jpg,test\REAL\0553 (3).jpg,1.0,1
0553 (4).jpg,test\REAL\0553 (4).jpg,1.0,1
0553 (5).jpg,test\REAL\0553 (5).jpg,0.9999857,1
0553 (6).jpg,test\REAL\0553 (6).jpg,1.0,1
0553 (7).jpg,test\REAL\0553 (7).jpg,1.0,1
0553 (8).jpg,test\REAL\0553 (8).jpg,0.9909462,1
0553 (9).jpg,test\REAL\0553 (9).jpg,0.9939164,1
0553.jpg,test\REAL\0553.jpg,0.00025996566,0
0554 (10).jpg,test\REAL\0554 (10).jpg,1.0,1
0554 (2).jpg,test\REAL\0554 (2).jpg,0.9964484,1
0554 (3).jpg,test\REAL\0554 (3).jpg,0.686187,1
0554 (4).jpg,test\REAL\0554 (4).jpg,1.0,1
0554 (5).jpg,test\REAL\0554 (5).jpg,1.0,1
0554 (6).jpg,test\REAL\0554 (6).jpg,0.9971911,1
0554 (7).jpg,test\REAL\0554 (7).jpg,1.0,1
0554 (8).jpg,test\REAL\0554 (8).jpg,1.1920929e-07,0
0554 (9).jpg,test\REAL\0554 (9).jpg,0.99995476,1
0554.jpg,test\REAL\0554.jpg,0.9999994,1
0555 (10).jpg,test\REAL\0555 (10).jpg,1.0,1
0555 (2).jpg,test\REAL\0555 (2).jpg,0.0020653307,0
0555 (3).jpg,test\REAL\0555 (3).jpg,1.0,1
0555 (4).jpg,test\REAL\0555 (4).jpg,0.7923076,1
0555 (5).jpg,test\REAL\0555 (5).jpg,1.0,1
0555 (6).jpg,test\REAL\0555 (6).jpg,1.0,1
0555 (7).jpg,test\REAL\0555 (7).jpg,1.0,1
0555 (8).jpg,test\REAL\0555 (8).jpg,0.00038427114,0
0555 (9).jpg,test\REAL\0555 (9).jpg,1.0,1
0555.jpg,test\REAL\0555.jpg,0.003728807,0
0556 (10).jpg,test\REAL\0556 (10).jpg,1.0,1
0556 (2).jpg,test\REAL\0556 (2).jpg,0.6712538,1
0556 (3).jpg,test\REAL\0556 (3).jpg,0.9262427,1
0556 (4).jpg,test\REAL\0556 (4).jpg,1.0,1
0556 (5).jpg,test\REAL\0556 (5).jpg,1.0,1
0556 (6).jpg,test\REAL\0556 (6).jpg,1.0,1
0556 (7).jpg,test\REAL\0556 (7).jpg,0.996161,1
0556 (8).jpg,test\REAL\0556 (8).jpg,0.9375917,1
0556 (9).jpg,test\REAL\0556 (9).jpg,1.0,1
0556.jpg,test\REAL\0556.jpg,0.9969864,1
0557 (10).jpg,test\REAL\0557 (10).jpg,0.9999999,1
0557 (2).jpg,test\REAL\0557 (2).jpg,0.9848528,1
0557 (3).jpg,test\REAL\0557 (3).jpg,1.0,1
0557 (4).jpg,test\REAL\0557 (4).jpg,0.10165176,0
0557 (5).jpg,test\REAL\0557 (5).jpg,1.0,1
0557 (6).jpg,test\REAL\0557 (6).jpg,1.0,1
0557 (7).jpg,test\REAL\0557 (7).jpg,1.0,1
0557 (8).jpg,test\REAL\0557 (8).jpg,1.0,1
0557 (9).jpg,test\REAL\0557 (9).jpg,0.9863757,1
0557.jpg,test\REAL\0557.jpg,1.0,1
0558 (10).jpg,test\REAL\0558 (10).jpg,0.9999978,1
0558 (2).jpg,test\REAL\0558 (2).jpg,0.7686887,1
0558 (3).jpg,test\REAL\0558 (3).jpg,0.97979546,1
0558 (4).jpg,test\REAL\0558 (4).jpg,0.6947367,1
0558 (5).jpg,test\REAL\0558 (5).jpg,1.0,1
0558 (6).jpg,test\REAL\0558 (6).jpg,0.99999535,1
0558 (7).jpg,test\REAL\0558 (7).jpg,1.0,1
0558 (8).jpg,test\REAL\0558 (8).jpg,0.9999988,1
0558 (9).jpg,test\REAL\0558 (9).jpg,0.08592647,0
0558.jpg,test\REAL\0558.jpg,1.0,1
0559 (10).jpg,test\REAL\0559 (10).jpg,1.0,1
0559 (2).jpg,test\REAL\0559 (2).jpg,0.0003273189,0
0559 (3).jpg,test\REAL\0559 (3).jpg,0.9999989,1
0559 (4).jpg,test\REAL\0559 (4).jpg,0.9999995,1
0559 (5).jpg,test\REAL\0559 (5).jpg,1.0,1
0559 (6).jpg,test\REAL\0559 (6).jpg,0.99962956,1
0559 (7).jpg,test\REAL\0559 (7).jpg,0.9885263,1
0559 (8).jpg,test\REAL\0559 (8).jpg,1.0,1
0559 (9).jpg,test\REAL\0559 (9).jpg,0.6880092,1
0559.jpg,test\REAL\0559.jpg,0.10022375,0
0560 (10).jpg,test\REAL\0560 (10).jpg,1.0,1
0560 (2).jpg,test\REAL\0560 (2).jpg,0.96765304,1
0560 (3).jpg,test\REAL\0560 (3).jpg,0.99999976,1
0560 (4).jpg,test\REAL\0560 (4).jpg,1.0,1
0560 (5).jpg,test\REAL\0560 (5).jpg,0.86100215,1
0560 (6).jpg,test\REAL\0560 (6).jpg,0.9054342,1
0560 (7).jpg,test\REAL\0560 (7).jpg,0.9999846,1
0560 (8).jpg,test\REAL\0560 (8).jpg,0.9999974,1
0560 (9).jpg,test\REAL\0560 (9).jpg,0.9999949,1
0560.jpg,test\REAL\0560.jpg,1.0,1
0561 (10).jpg,test\REAL\0561 (10).jpg,0.19469157,0
0561 (2).jpg,test\REAL\0561 (2).jpg,0.9999991,1
0561 (3).jpg,test\REAL\0561 (3).jpg,0.94838476,1
0561 (4).jpg,test\REAL\0561 (4).jpg,0.066752255,0
0561 (5).jpg,test\REAL\0561 (5).jpg,1.0,1
0561 (6).jpg,test\REAL\0561 (6).jpg,0.9999999,1
0561 (7).jpg,test\REAL\0561 (7).jpg,1.0,1
0561 (8).jpg,test\REAL\0561 (8).jpg,1.0,1
0561 (9).jpg,test\REAL\0561 (9).jpg,0.9999974,1
0561.jpg,test\REAL\0561.jpg,0.98530084,1
0562 (10).jpg,test\REAL\0562 (10).jpg,1.0,1
0562 (2).jpg,test\REAL\0562 (2).jpg,1.0,1
0562 (3).jpg,test\REAL\0562 (3).jpg,1.0,1
0562 (4).jpg,test\REAL\0562 (4).jpg,0.18508682,0
0562 (5).jpg,test\REAL\0562 (5).jpg,1.0,1
0562 (6).jpg,test\REAL\0562 (6).jpg,1.0,1
0562 (7).jpg,test\REAL\0562 (7).jpg,1.0,1
0562 (8).jpg,test\REAL\0562 (8).jpg,1.0,1
0562 (9).jpg,test\REAL\0562 (9).jpg,0.99999994,1
0562.jpg,test\REAL\0562.jpg,1.0,1
0563 (10).jpg,test\REAL\0563 (10).jpg,1.0,1
0563 (2).jpg,test\REAL\0563 (2).jpg,1.0728836e-06,0
0563 (3).jpg,test\REAL\0563 (3).jpg,1.0,1
0563 (4).jpg,test\REAL\0563 (4).jpg,1.0,1
0563 (5).jpg,test\REAL\0563 (5).jpg,1.0,1
0563 (6).jpg,test\REAL\0563 (6).jpg,1.0,1
0563 (7).jpg,test\REAL\0563 (7).jpg,0.99983823,1
0563 (8).jpg,test\REAL\0563 (8).jpg,0.9999301,1
0563 (9).jpg,test\REAL\0563 (9).jpg,0.99986887,1
0563.jpg,test\REAL\0563.jpg,0.99999976,1
0564 (10).jpg,test\REAL\0564 (10).jpg,1.0,1
0564 (2).jpg,test\REAL\0564 (2).jpg,0.9900049,1
0564 (3).jpg,test\REAL\0564 (3).jpg,1.0,1
0564 (4).jpg,test\REAL\0564 (4).jpg,0.9999891,1
0564 (5).jpg,test\REAL\0564 (5).jpg,0.9997251,1
0564 (6).jpg,test\REAL\0564 (6).jpg,1.0,1
0564 (7).jpg,test\REAL\0564 (7).jpg,1.0,1
0564 (8).jpg,test\REAL\0564 (8).jpg,1.0,1
0564 (9).jpg,test\REAL\0564 (9).jpg,1.0,1
0564.jpg,test\REAL\0564.jpg,0.99999577,1
0565 (10).jpg,test\REAL\0565 (10).jpg,0.998201,1
0565 (2).jpg,test\REAL\0565 (2).jpg,0.998624,1
0565 (3).jpg,test\REAL\0565 (3).jpg,0.55481225,1
0565 (4).jpg,test\REAL\0565 (4).jpg,1.0,1
0565 (5).jpg,test\REAL\0565 (5).jpg,1.0,1
0565 (6).jpg,test\REAL\0565 (6).jpg,0.8653866,1
0565 (7).jpg,test\REAL\0565 (7).jpg,1.0,1
0565 (8).jpg,test\REAL\0565 (8).jpg,0.98956263,1
0565 (9).jpg,test\REAL\0565 (9).jpg,0.9999939,1
0565.jpg,test\REAL\0565.jpg,0.9999986,1
0566 (10).jpg,test\REAL\0566 (10).jpg,1.0,1
0566 (2).jpg,test\REAL\0566 (2).jpg,0.9990592,1
0566 (3).jpg,test\REAL\0566 (3).jpg,1.0,1
0566 (4).jpg,test\REAL\0566 (4).jpg,1.0,1
0566 (5).jpg,test\REAL\0566 (5).jpg,0.0027252138,0
0566 (6).jpg,test\REAL\0566 (6).jpg,1.0,1
0566 (7).jpg,test\REAL\0566 (7).jpg,1.0,1
0566 (8).jpg,test\REAL\0566 (8).jpg,1.0,1
0566 (9).jpg,test\REAL\0566 (9).jpg,1.0,1
0566.jpg,test\REAL\0566.jpg,0.8723568,1
0567 (10).jpg,test\REAL\0567 (10).jpg,0.9386532,1
0567 (2).jpg,test\REAL\0567 (2).jpg,1.0,1
0567 (3).jpg,test\REAL\0567 (3).jpg,0.9931046,1
0567 (4).jpg,test\REAL\0567 (4).jpg,0.96930337,1
0567 (5).jpg,test\REAL\0567 (5).jpg,1.0,1
0567 (6).jpg,test\REAL\0567 (6).jpg,0.9994374,1
0567 (7).jpg,test\REAL\0567 (7).jpg,0.9999964,1
0567 (8).jpg,test\REAL\0567 (8).jpg,1.0,1
0567 (9).jpg,test\REAL\0567 (9).jpg,0.042246968,0
0567.jpg,test\REAL\0567.jpg,0.7792033,1
0568 (10).jpg,test\REAL\0568 (10).jpg,1.0,1
0568 (2).jpg,test\REAL\0568 (2).jpg,0.999977,1
0568 (3).jpg,test\REAL\0568 (3).jpg,0.99999905,1
0568 (4).jpg,test\REAL\0568 (4).jpg,1.0,1
0568 (5).jpg,test\REAL\0568 (5).jpg,0.0015414655,0
0568 (6).jpg,test\REAL\0568 (6).jpg,1.0,1
0568 (7).jpg,test\REAL\0568 (7).jpg,1.0,1
0568 (8).jpg,test\REAL\0568 (8).jpg,0.99973637,1
0568 (9).jpg,test\REAL\0568 (9).jpg,0.0,0
0568.jpg,test\REAL\0568.jpg,0.006787032,0
0569 (10).jpg,test\REAL\0569 (10).jpg,1.0,1
0569 (2).jpg,test\REAL\0569 (2).jpg,0.7357567,1
0569 (3).jpg,test\REAL\0569 (3).jpg,0.999032,1
0569 (4).jpg,test\REAL\0569 (4).jpg,1.0,1
0569 (5).jpg,test\REAL\0569 (5).jpg,1.0,1
0569 (6).jpg,test\REAL\0569 (6).jpg,1.0,1
0569 (7).jpg,test\REAL\0569 (7).jpg,0.9993448,1
0569 (8).jpg,test\REAL\0569 (8).jpg,0.8859079,1
0569 (9).jpg,test\REAL\0569 (9).jpg,0.9770827,1
0569.jpg,test\REAL\0569.jpg,0.9947666,1
0570 (10).jpg,test\REAL\0570 (10).jpg,0.9999999,1
0570 (2).jpg,test\REAL\0570 (2).jpg,1.0,1
0570 (3).jpg,test\REAL\0570 (3).jpg,0.99999964,1
0570 (4).jpg,test\REAL\0570 (4).jpg,1.0,1
0570 (5).jpg,test\REAL\0570 (5).jpg,0.9999814,1
0570 (6).jpg,test\REAL\0570 (6).jpg,1.0,1
0570 (7).jpg,test\REAL\0570 (7).jpg,0.9677733,1
0570 (8).jpg,test\REAL\0570 (8).jpg,1.0,1
0570 (9).jpg,test\REAL\0570 (9).jpg,0.719891,1
0570.jpg,test\REAL\0570.jpg,0.99999696,1
0571 (10).jpg,test\REAL\0571 (10).jpg,0.9999999,1
0571 (2).jpg,test\REAL\0571 (2).jpg,0.89152586,1
0571 (3).jpg,test\REAL\0571 (3).jpg,0.9989077,1
0571 (4).jpg,test\REAL\0571 (4).jpg,1.0,1
0571 (5).jpg,test\REAL\0571 (5).jpg,0.17886388,0
0571 (6).jpg,test\REAL\0571 (6).jpg,1.0,1
0571 (7).jpg,test\REAL\0571 (7).jpg,0.9999996,1
0571 (8).jpg,test\REAL\0571 (8).jpg,0.9915272,1
0571 (9).jpg,test\REAL\0571 (9).jpg,0.9997381,1
0571.jpg,test\REAL\0571.jpg,0.9080739,1
0572 (10).jpg,test\REAL\0572 (10).jpg,0.99865294,1
0572 (2).jpg,test\REAL\0572 (2).jpg,0.9999429,1
0572 (3).jpg,test\REAL\0572 (3).jpg,0.99932265,1
0572 (4).jpg,test\REAL\0572 (4).jpg,1.0,1
0572 (5).jpg,test\REAL\0572 (5).jpg,0.94574606,1
0572 (6).jpg,test\REAL\0572 (6).jpg,1.0,1
0572 (7).jpg,test\REAL\0572 (7).jpg,1.0,1
0572 (8).jpg,test\REAL\0572 (8).jpg,1.0,1
0572 (9).jpg,test\REAL\0572 (9).jpg,0.999995,1
0572.jpg,test\REAL\0572.jpg,0.9999999,1
0573 (10).jpg,test\REAL\0573 (10).jpg,0.076372266,0
0573 (2).jpg,test\REAL\0573 (2).jpg,0.9944737,1
0573 (3).jpg,test\REAL\0573 (3).jpg,1.0,1
0573 (4).jpg,test\REAL\0573 (4).jpg,0.99998224,1
0573 (5).jpg,test\REAL\0573 (5).jpg,0.9999672,1
0573 (6).jpg,test\REAL\0573 (6).jpg,1.0,1
0573 (7).jpg,test\REAL\0573 (7).jpg,0.33669502,0
0573 (8).jpg,test\REAL\0573 (8).jpg,0.99999964,1
0573 (9).jpg,test\REAL\0573 (9).jpg,1.0,1
0573.jpg,test\REAL\0573.jpg,1.0,1
0574 (10).jpg,test\REAL\0574 (10).jpg,0.97388506,1
0574 (2).jpg,test\REAL\0574 (2).jpg,1.0,1
0574 (3).jpg,test\REAL\0574 (3).jpg,0.4374119,0
0574 (4).jpg,test\REAL\0574 (4).jpg,0.9991226,1
0574 (5).jpg,test\REAL\0574 (5).jpg,0.2892517,0
0574 (6).jpg,test\REAL\0574 (6).jpg,0.9999999,1
0574 (7).jpg,test\REAL\0574 (7).jpg,0.005505353,0
0574 (8).jpg,test\REAL\0574 (8).jpg,1.0,1
0574 (9).jpg,test\REAL\0574 (9).jpg,0.99997723,1
0574.jpg,test\REAL\0574.jpg,0.9918681,1
0575 (10).jpg,test\REAL\0575 (10).jpg,1.0,1
0575 (2).jpg,test\REAL\0575 (2).jpg,0.9999993,1
0575 (3).jpg,test\REAL\0575 (3).jpg,1.0,1
0575 (4).jpg,test\REAL\0575 (4).jpg,0.99941313,1
0575 (5).jpg,test\REAL\0575 (5).jpg,0.99999994,1
0575 (6).jpg,test\REAL\0575 (6).jpg,1.0,1
0575 (7).jpg,test\REAL\0575 (7).jpg,1.0,1
0575 (8).jpg,test\REAL\0575 (8).jpg,0.99906445,1
0575 (9).jpg,test\REAL\0575 (9).jpg,1.0,1
0575.jpg,test\REAL\0575.jpg,0.98199075,1
0576 (10).jpg,test\REAL\0576 (10).jpg,0.99937,1
0576 (2).jpg,test\REAL\0576 (2).jpg,0.44676623,0
0576 (3).jpg,test\REAL\0576 (3).jpg,0.9559347,1
0576 (4).jpg,test\REAL\0576 (4).jpg,0.2641362,0
0576 (5).jpg,test\REAL\0576 (5).jpg,0.99999976,1
0576 (6).jpg,test\REAL\0576 (6).jpg,0.81695503,1
0576 (7).jpg,test\REAL\0576 (7).jpg,0.9999998,1
0576 (8).jpg,test\REAL\0576 (8).jpg,1.0,1
0576 (9).jpg,test\REAL\0576 (9).jpg,1.0,1
0576.jpg,test\REAL\0576.jpg,1.0,1
0577 (10).jpg,test\REAL\0577 (10).jpg,1.0,1
0577 (2).jpg,test\REAL\0577 (2).jpg,1.0,1
0577 (3).jpg,test\REAL\0577 (3).jpg,0.9949133,1
0577 (4).jpg,test\REAL\0577 (4).jpg,0.84392107,1
0577 (5).jpg,test\REAL\0577 (5).jpg,0.77170634,1
0577 (6).jpg,test\REAL\0577 (6).jpg,0.99999094,1
0577 (7).jpg,test\REAL\0577 (7).jpg,1.0,1
0577 (8).jpg,test\REAL\0577 (8).jpg,0.9999999,1
0577 (9).jpg,test\REAL\0577 (9).jpg,1.0,1
0577.jpg,test\REAL\0577.jpg,0.9998139,1
0578 (10).jpg,test\REAL\0578 (10).jpg,1.0,1
0578 (2).jpg,test\REAL\0578 (2).jpg,0.9999988,1
0578 (3).jpg,test\REAL\0578 (3).jpg,1.0,1
0578 (4).jpg,test\REAL\0578 (4).jpg,1.0,1
0578 (5).jpg,test\REAL\0578 (5).jpg,0.9999957,1
0578 (6).jpg,test\REAL\0578 (6).jpg,0.9999999,1
0578 (7).jpg,test\REAL\0578 (7).jpg,1.0,1
0578 (8).jpg,test\REAL\0578 (8).jpg,0.9996918,1
0578 (9).jpg,test\REAL\0578 (9).jpg,0.048779756,0
0578.jpg,test\REAL\0578.jpg,0.0013114512,0
0579 (10).jpg,test\REAL\0579 (10).jpg,1.0,1
0579 (2).jpg,test\REAL\0579 (2).jpg,1.0,1
0579 (3).jpg,test\REAL\0579 (3).jpg,0.97582954,1
0579 (4).jpg,test\REAL\0579 (4).jpg,0.9999999,1
0579 (5).jpg,test\REAL\0579 (5).jpg,1.0,1
0579 (6).jpg,test\REAL\0579 (6).jpg,0.9410125,1
0579 (7).jpg,test\REAL\0579 (7).jpg,1.0,1
0579 (8).jpg,test\REAL\0579 (8).jpg,0.8604522,1
0579 (9).jpg,test\REAL\0579 (9).jpg,1.0,1
0579.jpg,test\REAL\0579.jpg,0.00036990643,0
0580 (10).jpg,test\REAL\0580 (10).jpg,0.8547421,1
0580 (2).jpg,test\REAL\0580 (2).jpg,0.44473207,0
0580 (3).jpg,test\REAL\0580 (3).jpg,0.99844915,1
0580 (4).jpg,test\REAL\0580 (4).jpg,0.9995704,1
0580 (5).jpg,test\REAL\0580 (5).jpg,0.9999989,1
0580 (6).jpg,test\REAL\0580 (6).jpg,1.0,1
0580 (7).jpg,test\REAL\0580 (7).jpg,1.0,1
0580 (8).jpg,test\REAL\0580 (8).jpg,0.9999758,1
0580 (9).jpg,test\REAL\0580 (9).jpg,1.0,1
0580.jpg,test\REAL\0580.jpg,1.0,1
0581 (10).jpg,test\REAL\0581 (10).jpg,1.0,1
0581 (2).jpg,test\REAL\0581 (2).jpg,0.024784863,0
0581 (3).jpg,test\REAL\0581 (3).jpg,1.0,1
0581 (4).jpg,test\REAL\0581 (4).jpg,0.9999774,1
0581 (5).jpg,test\REAL\0581 (5).jpg,0.9999974,1
0581 (6).jpg,test\REAL\0581 (6).jpg,0.98893917,1
0581 (7).jpg,test\REAL\0581 (7).jpg,0.9999132,1
0581 (8).jpg,test\REAL\0581 (8).jpg,1.0,1
0581 (9).jpg,test\REAL\0581 (9).jpg,1.0,1
0581.jpg,test\REAL\0581.jpg,1.0,1
0582 (10).jpg,test\REAL\0582 (10).jpg,1.0,1
0582 (2).jpg,test\REAL\0582 (2).jpg,1.0,1
0582 (3).jpg,test\REAL\0582 (3).jpg,0.7257265,1
0582 (4).jpg,test\REAL\0582 (4).jpg,0.13527301,0
0582 (5).jpg,test\REAL\0582 (5).jpg,0.97821367,1
0582 (6).jpg,test\REAL\0582 (6).jpg,1.0,1
0582 (7).jpg,test\REAL\0582 (7).jpg,1.0,1
0582 (8).jpg,test\REAL\0582 (8).jpg,0.54531693,1
0582 (9).jpg,test\REAL\0582 (9).jpg,0.9989007,1
0582.jpg,test\REAL\0582.jpg,0.99861,1
0583 (10).jpg,test\REAL\0583 (10).jpg,0.9999999,1
0583 (2).jpg,test\REAL\0583 (2).jpg,1.0,1
0583 (3).jpg,test\REAL\0583 (3).jpg,0.9936275,1
0583 (4).jpg,test\REAL\0583 (4).jpg,1.0,1
0583 (5).jpg,test\REAL\0583 (5).jpg,1.0,1
0583 (6).jpg,test\REAL\0583 (6).jpg,1.0,1
0583 (7).jpg,test\REAL\0583 (7).jpg,0.99999976,1
0583 (8).jpg,test\REAL\0583 (8).jpg,0.9999996,1
0583 (9).jpg,test\REAL\0583 (9).jpg,0.40506685,0
0583.jpg,test\REAL\0583.jpg,0.008716911,0
0584 (10).jpg,test\REAL\0584 (10).jpg,1.0,1
0584 (2).jpg,test\REAL\0584 (2).jpg,0.99576116,1
0584 (3).jpg,test\REAL\0584 (3).jpg,0.9960369,1
0584 (4).jpg,test\REAL\0584 (4).jpg,1.0,1
0584 (5).jpg,test\REAL\0584 (5).jpg,0.9999991,1
0584 (6).jpg,test\REAL\0584 (6).jpg,0.9999975,1
0584 (7).jpg,test\REAL\0584 (7).jpg,0.99997115,1
0584 (8).jpg,test\REAL\0584 (8).jpg,1.0,1
0584 (9).jpg,test\REAL\0584 (9).jpg,1.0,1
0584.jpg,test\REAL\0584.jpg,1.0,1
0585 (10).jpg,test\REAL\0585 (10).jpg,0.99997807,1
0585 (2).jpg,test\REAL\0585 (2).jpg,0.9999364,1
0585 (3).jpg,test\REAL\0585 (3).jpg,1.0,1
0585 (4).jpg,test\REAL\0585 (4).jpg,1.0,1
0585 (5).jpg,test\REAL\0585 (5).jpg,1.0,1
0585 (6).jpg,test\REAL\0585 (6).jpg,1.0,1
0585 (7).jpg,test\REAL\0585 (7).jpg,0.0430229,0
0585 (8).jpg,test\REAL\0585 (8).jpg,0.99995494,1
0585 (9).jpg,test\REAL\0585 (9).jpg,0.9836339,1
0585.jpg,test\REAL\0585.jpg,0.87106925,1
0586 (10).jpg,test\REAL\0586 (10).jpg,0.35456434,0
0586 (2).jpg,test\REAL\0586 (2).jpg,0.999964,1
0586 (3).jpg,test\REAL\0586 (3).jpg,0.99999964,1
0586 (4).jpg,test\REAL\0586 (4).jpg,0.96087295,1
0586 (5).jpg,test\REAL\0586 (5).jpg,0.9999965,1
0586 (6).jpg,test\REAL\0586 (6).jpg,0.9942783,1
0586 (7).jpg,test\REAL\0586 (7).jpg,1.0,1
0586 (8).jpg,test\REAL\0586 (8).jpg,1.0,1
0586 (9).jpg,test\REAL\0586 (9).jpg,0.7353103,1
0586.jpg,test\REAL\0586.jpg,0.9999994,1
0587 (10).jpg,test\REAL\0587 (10).jpg,0.99185336,1
0587 (2).jpg,test\REAL\0587 (2).jpg,0.9682174,1
0587 (3).jpg,test\REAL\0587 (3).jpg,0.99397945,1
0587 (4).jpg,test\REAL\0587 (4).jpg,0.9999995,1
0587 (5).jpg,test\REAL\0587 (5).jpg,0.80961984,1
0587 (6).jpg,test\REAL\0587 (6).jpg,0.9990668,1
0587 (7).jpg,test\REAL\0587 (7).jpg,0.99841183,1
0587 (8).jpg,test\REAL\0587 (8).jpg,1.0,1
0587 (9).jpg,test\REAL\0587 (9).jpg,1.0,1
0587.jpg,test\REAL\0587.jpg,1.0,1
0588 (10).jpg,test\REAL\0588 (10).jpg,0.9999901,1
0588 (2).jpg,test\REAL\0588 (2).jpg,0.99993634,1
0588 (3).jpg,test\REAL\0588 (3).jpg,0.00028643012,0
0588 (4).jpg,test\REAL\0588 (4).jpg,0.99979126,1
0588 (5).jpg,test\REAL\0588 (5).jpg,0.99993324,1
0588 (6).jpg,test\REAL\0588 (6).jpg,1.0,1
0588 (7).jpg,test\REAL\0588 (7).jpg,0.9995234,1
0588 (8).jpg,test\REAL\0588 (8).jpg,1.0,1
0588 (9).jpg,test\REAL\0588 (9).jpg,1.0,1
0588.jpg,test\REAL\0588.jpg,1.0,1
0589 (10).jpg,test\REAL\0589 (10).jpg,1.0,1
0589 (2).jpg,test\REAL\0589 (2).jpg,0.99984956,1
0589 (3).jpg,test\REAL\0589 (3).jpg,0.9984956,1
0589 (4).jpg,test\REAL\0589 (4).jpg,1.0,1
0589 (5).jpg,test\REAL\0589 (5).jpg,0.829584,1
0589 (6).jpg,test\REAL\0589 (6).jpg,1.0,1
0589 (7).jpg,test\REAL\0589 (7).jpg,1.0,1
0589 (8).jpg,test\REAL\0589 (8).jpg,0.99993175,1
0589 (9).jpg,test\REAL\0589 (9).jpg,0.999992,1
0589.jpg,test\REAL\0589.jpg,0.9999999,1
0590 (10).jpg,test\REAL\0590 (10).jpg,1.0,1
0590 (2).jpg,test\REAL\0590 (2).jpg,1.0,1
0590 (3).jpg,test\REAL\0590 (3).jpg,0.999941,1
0590 (4).jpg,test\REAL\0590 (4).jpg,0.99914056,1
0590 (5).jpg,test\REAL\0590 (5).jpg,1.0,1
0590 (6).jpg,test\REAL\0590 (6).jpg,0.99917704,1
0590 (7).jpg,test\REAL\0590 (7).jpg,0.4524474,0
0590 (8).jpg,test\REAL\0590 (8).jpg,0.9999996,1
0590 (9).jpg,test\REAL\0590 (9).jpg,0.99999964,1
0590.jpg,test\REAL\0590.jpg,5.543232e-06,0
0591 (10).jpg,test\REAL\0591 (10).jpg,0.99979734,1
0591 (2).jpg,test\REAL\0591 (2).jpg,1.0,1
0591 (3).jpg,test\REAL\0591 (3).jpg,0.38039267,0
0591 (4).jpg,test\REAL\0591 (4).jpg,1.0,1
0591 (5).jpg,test\REAL\0591 (5).jpg,0.7806293,1
0591 (6).jpg,test\REAL\0591 (6).jpg,1.0,1
0591 (7).jpg,test\REAL\0591 (7).jpg,1.0,1
0591 (8).jpg,test\REAL\0591 (8).jpg,0.90484214,1
0591 (9).jpg,test\REAL\0591 (9).jpg,0.08291829,0
0591.jpg,test\REAL\0591.jpg,1.0,1
0592 (10).jpg,test\REAL\0592 (10).jpg,0.00062039495,0
0592 (2).jpg,test\REAL\0592 (2).jpg,0.999997,1
0592 (3).jpg,test\REAL\0592 (3).jpg,0.18633083,0
0592 (4).jpg,test\REAL\0592 (4).jpg,1.0,1
0592 (5).jpg,test\REAL\0592 (5).jpg,1.0,1
0592 (6).jpg,test\REAL\0592 (6).jpg,1.0,1
0592 (7).jpg,test\REAL\0592 (7).jpg,1.0,1
0592 (8).jpg,test\REAL\0592 (8).jpg,1.0,1
0592 (9).jpg,test\REAL\0592 (9).jpg,0.9239506,1
0592.jpg,test\REAL\0592.jpg,0.31992275,0
0593 (10).jpg,test\REAL\0593 (10).jpg,1.0,1
0593 (2).jpg,test\REAL\0593 (2).jpg,0.9209223,1
0593 (3).jpg,test\REAL\0593 (3).jpg,0.99995327,1
0593 (4).jpg,test\REAL\0593 (4).jpg,1.0,1
0593 (5).jpg,test\REAL\0593 (5).jpg,1.0,1
0593 (6).jpg,test\REAL\0593 (6).jpg,1.0,1
0593 (7).jpg,test\REAL\0593 (7).jpg,0.9999888,1
0593 (8).jpg,test\REAL\0593 (8).jpg,0.9999987,1
0593 (9).jpg,test\REAL\0593 (9).jpg,0.65062696,1
0593.jpg,test\REAL\0593.jpg,1.0,1
0594 (10).jpg,test\REAL\0594 (10).jpg,0.25747597,0
0594 (2).jpg,test\REAL\0594 (2).jpg,0.99999774,1
0594 (3).jpg,test\REAL\0594 (3).jpg,0.999992,1
0594 (4).jpg,test\REAL\0594 (4).jpg,1.0,1
0594 (5).jpg,test\REAL\0594 (5).jpg,0.7995707,1
0594 (6).jpg,test\REAL\0594 (6).jpg,1.0,1
0594 (7).jpg,test\REAL\0594 (7).jpg,0.727922,1
0594 (8).jpg,test\REAL\0594 (8).jpg,0.99986243,1
0594 (9).jpg,test\REAL\0594 (9).jpg,6.854534e-06,0
0594.jpg,test\REAL\0594.jpg,0.76367843,1
0595 (10).jpg,test\REAL\0595 (10).jpg,0.99999666,1
0595 (2).jpg,test\REAL\0595 (2).jpg,1.0,1
0595 (3).jpg,test\REAL\0595 (3).jpg,0.99999857,1
0595 (4).jpg,test\REAL\0595 (4).jpg,0.99782515,1
0595 (5).jpg,test\REAL\0595 (5).jpg,1.0,1
0595 (6).jpg,test\REAL\0595 (6).jpg,0.11436647,0
0595 (7).jpg,test\REAL\0595 (7).jpg,0.9999995,1
0595 (8).jpg,test\REAL\0595 (8).jpg,0.99614596,1
0595 (9).jpg,test\REAL\0595 (9).jpg,0.983359,1
0595.jpg,test\REAL\0595.jpg,1.0,1
0596 (10).jpg,test\REAL\0596 (10).jpg,0.9874347,1
0596 (2).jpg,test\REAL\0596 (2).jpg,1.0,1
0596 (3).jpg,test\REAL\0596 (3).jpg,1.0,1
0596 (4).jpg,test\REAL\0596 (4).jpg,0.92584336,1
0596 (5).jpg,test\REAL\0596 (5).jpg,0.999758,1
0596 (6).jpg,test\REAL\0596 (6).jpg,1.0,1
0596 (7).jpg,test\REAL\0596 (7).jpg,1.0,1
0596 (8).jpg,test\REAL\0596 (8).jpg,1.0,1
0596 (9).jpg,test\REAL\0596 (9).jpg,0.99999976,1
0596.jpg,test\REAL\0596.jpg,0.99853766,1
0597 (10).jpg,test\REAL\0597 (10).jpg,0.99977493,1
0597 (2).jpg,test\REAL\0597 (2).jpg,0.0020584166,0
0597 (3).jpg,test\REAL\0597 (3).jpg,0.7267678,1
0597 (4).jpg,test\REAL\0597 (4).jpg,1.0,1
0597 (5).jpg,test\REAL\0597 (5).jpg,1.0,1
0597 (6).jpg,test\REAL\0597 (6).jpg,1.0,1
0597 (7).jpg,test\REAL\0597 (7).jpg,1.0,1
0597 (8).jpg,test\REAL\0597 (8).jpg,0.7345743,1
0597 (9).jpg,test\REAL\0597 (9).jpg,0.9999865,1
0597.jpg,test\REAL\0597.jpg,0.9991283,1
0598 (10).jpg,test\REAL\0598 (10).jpg,1.0,1
0598 (2).jpg,test\REAL\0598 (2).jpg,0.9679208,1
0598 (3).jpg,test\REAL\0598 (3).jpg,1.0,1
0598 (4).jpg,test\REAL\0598 (4).jpg,0.99989784,1
0598 (5).jpg,test\REAL\0598 (5).jpg,0.9999993,1
0598 (6).jpg,test\REAL\0598 (6).jpg,0.897159,1
0598 (7).jpg,test\REAL\0598 (7).jpg,0.9804388,1
0598 (8).jpg,test\REAL\0598 (8).jpg,1.0,1
0598 (9).jpg,test\REAL\0598 (9).jpg,0.005193919,0
0598.jpg,test\REAL\0598.jpg,0.024310082,0
0599 (10).jpg,test\REAL\0599 (10).jpg,1.0,1
0599 (2).jpg,test\REAL\0599 (2).jpg,1.0,1
0599 (3).jpg,test\REAL\0599 (3).jpg,0.00086936355,0
0599 (4).jpg,test\REAL\0599 (4).jpg,0.7233213,1
0599 (5).jpg,test\REAL\0599 (5).jpg,0.99634784,1
0599 (6).jpg,test\REAL\0599 (6).jpg,1.0,1
0599 (7).jpg,test\REAL\0599 (7).jpg,0.9990326,1
0599 (8).jpg,test\REAL\0599 (8).jpg,1.0,1
0599 (9).jpg,test\REAL\0599 (9).jpg,1.0,1
0599.jpg,test\REAL\0599.jpg,0.9999967,1
0600 (10).jpg,test\REAL\0600 (10).jpg,1.0,1
0600 (2).jpg,test\REAL\0600 (2).jpg,0.9999996,1
0600 (3).jpg,test\REAL\0600 (3).jpg,1.0,1
0600 (4).jpg,test\REAL\0600 (4).jpg,1.0,1
0600 (5).jpg,test\REAL\0600 (5).jpg,0.9999875,1
0600 (6).jpg,test\REAL\0600 (6).jpg,1.0,1
0600 (7).jpg,test\REAL\0600 (7).jpg,0.71661115,1
0600 (8).jpg,test\REAL\0600 (8).jpg,1.0,1
0600 (9).jpg,test\REAL\0600 (9).jpg,0.03923729,0
0600.jpg,test\REAL\0600.jpg,0.9524838,1
0601 (10).jpg,test\REAL\0601 (10).jpg,1.0,1
0601 (2).jpg,test\REAL\0601 (2).jpg,0.8447584,1
0601 (3).jpg,test\REAL\0601 (3).jpg,0.4888817,0
0601 (4).jpg,test\REAL\0601 (4).jpg,1.0,1
0601 (5).jpg,test\REAL\0601 (5).jpg,0.9999997,1
0601 (6).jpg,test\REAL\0601 (6).jpg,0.9676217,1
0601 (7).jpg,test\REAL\0601 (7).jpg,0.9958077,1
0601 (8).jpg,test\REAL\0601 (8).jpg,0.0024566948,0
0601 (9).jpg,test\REAL\0601 (9).jpg,1.0,1
0601.jpg,test\REAL\0601.jpg,0.989637,1
0602 (10).jpg,test\REAL\0602 (10).jpg,1.0,1
0602 (2).jpg,test\REAL\0602 (2).jpg,0.16447267,0
0602 (3).jpg,test\REAL\0602 (3).jpg,1.0,1
0602 (4).jpg,test\REAL\0602 (4).jpg,0.99999976,1
0602 (5).jpg,test\REAL\0602 (5).jpg,1.0,1
0602 (6).jpg,test\REAL\0602 (6).jpg,1.0,1
0602 (7).jpg,test\REAL\0602 (7).jpg,0.999954,1
0602 (8).jpg,test\REAL\0602 (8).jpg,0.96441066,1
0602 (9).jpg,test\REAL\0602 (9).jpg,1.0,1
0602.jpg,test\REAL\0602.jpg,0.99993736,1
0603 (10).jpg,test\REAL\0603 (10).jpg,1.0,1
0603 (2).jpg,test\REAL\0603 (2).jpg,1.0,1
0603 (3).jpg,test\REAL\0603 (3).jpg,0.022412896,0
0603 (4).jpg,test\REAL\0603 (4).jpg,0.99791634,1
0603 (5).jpg,test\REAL\0603 (5).jpg,0.9515587,1
0603 (6).jpg,test\REAL\0603 (6).jpg,1.0,1
0603 (7).jpg,test\REAL\0603 (7).jpg,1.0,1
0603 (8).jpg,test\REAL\0603 (8).jpg,0.9998139,1
0603 (9).jpg,test\REAL\0603 (9).jpg,0.58232015,1
0603.jpg,test\REAL\0603.jpg,0.19542316,0
0604 (10).jpg,test\REAL\0604 (10).jpg,1.0,1
0604 (2).jpg,test\REAL\0604 (2).jpg,0.9999194,1
0604 (3).jpg,test\REAL\0604 (3).jpg,0.7145008,1
0604 (4).jpg,test\REAL\0604 (4).jpg,0.98290706,1
0604 (5).jpg,test\REAL\0604 (5).jpg,1.0,1
0604 (6).jpg,test\REAL\0604 (6).jpg,1.0,1
0604 (7).jpg,test\REAL\0604 (7).jpg,1.0,1
0604 (8).jpg,test\REAL\0604 (8).jpg,0.88827866,1
0604 (9).jpg,test\REAL\0604 (9).jpg,0.99999917,1
0604.jpg,test\REAL\0604.jpg,0.9565056,1
0605 (10).jpg,test\REAL\0605 (10).jpg,1.4603138e-05,0
0605 (2).jpg,test\REAL\0605 (2).jpg,1.0,1
0605 (3).jpg,test\REAL\0605 (3).jpg,1.0,1
0605 (4).jpg,test\REAL\0605 (4).jpg,0.030205548,0
0605 (5).jpg,test\REAL\0605 (5).jpg,0.31608108,0
0605 (6).jpg,test\REAL\0605 (6).jpg,1.0,1
0605 (7).jpg,test\REAL\0605 (7).jpg,1.0,1
0605 (8).jpg,test\REAL\0605 (8).jpg,0.9920894,1
0605 (9).jpg,test\REAL\0605 (9).jpg,0.99998534,1
0605.jpg,test\REAL\0605.jpg,0.99999756,1
0606 (10).jpg,test\REAL\0606 (10).jpg,0.9999958,1
0606 (2).jpg,test\REAL\0606 (2).jpg,4.7683716e-07,0
0606 (3).jpg,test\REAL\0606 (3).jpg,0.9999992,1
0606 (4).jpg,test\REAL\0606 (4).jpg,0.9997739,1
0606 (5).jpg,test\REAL\0606 (5).jpg,1.0,1
0606 (6).jpg,test\REAL\0606 (6).jpg,0.9999944,1
0606 (7).jpg,test\REAL\0606 (7).jpg,1.0,1
0606 (8).jpg,test\REAL\0606 (8).jpg,0.99978936,1
0606 (9).jpg,test\REAL\0606 (9).jpg,0.9995959,1
0606.jpg,test\REAL\0606.jpg,0.9999976,1
0607 (10).jpg,test\REAL\0607 (10).jpg,0.022926837,0
0607 (2).jpg,test\REAL\0607 (2).jpg,1.0,1
0607 (3).jpg,test\REAL\0607 (3).jpg,0.9999708,1
0607 (4).jpg,test\REAL\0607 (4).jpg,0.99904037,1
0607 (5).jpg,test\REAL\0607 (5).jpg,0.9999979,1
0607 (6).jpg,test\REAL\0607 (6).jpg,0.27304298,0
0607 (7).jpg,test\REAL\0607 (7).jpg,0.9995185,1
0607 (8).jpg,test\REAL\0607 (8).jpg,0.9830178,1
0607 (9).jpg,test\REAL\0607 (9).jpg,0.99997795,1
0607.jpg,test\REAL\0607.jpg,0.99477947,1
0608 (10).jpg,test\REAL\0608 (10).jpg,0.9999932,1
0608 (2).jpg,test\REAL\0608 (2).jpg,1.0,1
0608 (3).jpg,test\REAL\0608 (3).jpg,0.9977379,1
0608 (4).jpg,test\REAL\0608 (4).jpg,0.84361994,1
0608 (5).jpg,test\REAL\0608 (5).jpg,0.999992,1
0608 (6).jpg,test\REAL\0608 (6).jpg,0.99677074,1
0608 (7).jpg,test\REAL\0608 (7).jpg,0.9999065,1
0608 (8).jpg,test\REAL\0608 (8).jpg,0.59843606,1
0608 (9).jpg,test\REAL\0608 (9).jpg,0.9999996,1
0608.jpg,test\REAL\0608.jpg,1.0,1
0609 (10).jpg,test\REAL\0609 (10).jpg,1.0,1
0609 (2).jpg,test\REAL\0609 (2).jpg,0.6893626,1
0609 (3).jpg,test\REAL\0609 (3).jpg,0.893926,1
0609 (4).jpg,test\REAL\0609 (4).jpg,1.0,1
0609 (5).jpg,test\REAL\0609 (5).jpg,1.0,1
0609 (6).jpg,test\REAL\0609 (6).jpg,0.97150177,1
0609 (7).jpg,test\REAL\0609 (7).jpg,0.99999964,1
0609 (8).jpg,test\REAL\0609 (8).jpg,1.0,1
0609 (9).jpg,test\REAL\0609 (9).jpg,0.99876046,1
0609.jpg,test\REAL\0609.jpg,1.0,1
0610 (10).jpg,test\REAL\0610 (10).jpg,0.09292975,0
0610 (2).jpg,test\REAL\0610 (2).jpg,1.0,1
0610 (3).jpg,test\REAL\0610 (3).jpg,0.9999992,1
0610 (4).jpg,test\REAL\0610 (4).jpg,0.99999034,1
0610 (5).jpg,test\REAL\0610 (5).jpg,0.023583353,0
0610 (6).jpg,test\REAL\0610 (6).jpg,1.0,1
0610 (7).jpg,test\REAL\0610 (7).jpg,4.7683716e-07,0
0610 (8).jpg,test\REAL\0610 (8).jpg,1.0,1
0610 (9).jpg,test\REAL\0610 (9).jpg,0.9153373,1
0610.jpg,test\REAL\0610.jpg,1.0,1
0611 (10).jpg,test\REAL\0611 (10).jpg,1.0,1
0611 (2).jpg,test\REAL\0611 (2).jpg,0.99059296,1
0611 (3).jpg,test\REAL\0611 (3).jpg,1.0,1
0611 (4).jpg,test\REAL\0611 (4).jpg,1.0,1
0611 (5).jpg,test\REAL\0611 (5).jpg,0.9856885,1
0611 (6).jpg,test\REAL\0611 (6).jpg,1.0,1
0611 (7).jpg,test\REAL\0611 (7).jpg,1.0,1
0611 (8).jpg,test\REAL\0611 (8).jpg,0.16194233,0
0611 (9).jpg,test\REAL\0611 (9).jpg,0.9999999,1
0611.jpg,test\REAL\0611.jpg,1.0,1
0612 (10).jpg,test\REAL\0612 (10).jpg,1.0,1
0612 (2).jpg,test\REAL\0612 (2).jpg,0.99847114,1
0612 (3).jpg,test\REAL\0612 (3).jpg,0.9996085,1
0612 (4).jpg,test\REAL\0612 (4).jpg,1.0,1
0612 (5).jpg,test\REAL\0612 (5).jpg,0.9999873,1
0612 (6).jpg,test\REAL\0612 (6).jpg,1.0,1
0612 (7).jpg,test\REAL\0612 (7).jpg,1.0,1
0612 (8).jpg,test\REAL\0612 (8).jpg,0.99998426,1
0612 (9).jpg,test\REAL\0612 (9).jpg,0.9999552,1
0612.jpg,test\REAL\0612.jpg,0.9999999,1
0613 (10).jpg,test\REAL\0613 (10).jpg,0.8060117,1
0613 (2).jpg,test\REAL\0613 (2).jpg,0.9997034,1
0613 (3).jpg,test\REAL\0613 (3).jpg,0.9999977,1
0613 (4).jpg,test\REAL\0613 (4).jpg,1.0,1
0613 (5).jpg,test\REAL\0613 (5).jpg,0.75288135,1
0613 (6).jpg,test\REAL\0613 (6).jpg,1.0,1
0613 (7).jpg,test\REAL\0613 (7).jpg,1.0,1
0613 (8).jpg,test\REAL\0613 (8).jpg,0.9984852,1
0613 (9).jpg,test\REAL\0613 (9).jpg,1.0,1
0613.jpg,test\REAL\0613.jpg,0.9812572,1
0614 (10).jpg,test\REAL\0614 (10).jpg,1.0,1
0614 (2).jpg,test\REAL\0614 (2).jpg,1.0,1
0614 (3).jpg,test\REAL\0614 (3).jpg,1.0,1
0614 (4).jpg,test\REAL\0614 (4).jpg,1.0,1
0614 (5).jpg,test\REAL\0614 (5).jpg,1.0,1
0614 (6).jpg,test\REAL\0614 (6).jpg,0.99824065,1
0614 (7).jpg,test\REAL\0614 (7).jpg,0.99983525,1
0614 (8).jpg,test\REAL\0614 (8).jpg,0.3534351,0
0614 (9).jpg,test\REAL\0614 (9).jpg,0.9136934,1
0614.jpg,test\REAL\0614.jpg,1.0,1
0615 (10).jpg,test\REAL\0615 (10).jpg,1.0,1
0615 (2).jpg,test\REAL\0615 (2).jpg,0.0,0
0615 (3).jpg,test\REAL\0615 (3).jpg,1.0,1
0615 (4).jpg,test\REAL\0615 (4).jpg,0.99999607,1
0615 (5).jpg,test\REAL\0615 (5).jpg,0.9999999,1
0615 (6).jpg,test\REAL\0615 (6).jpg,0.99979985,1
0615 (7).jpg,test\REAL\0615 (7).jpg,1.0,1
0615 (8).jpg,test\REAL\0615 (8).jpg,1.0,1
0615 (9).jpg,test\REAL\0615 (9).jpg,0.99994016,1
0615.jpg,test\REAL\0615.jpg,1.0,1
0616 (10).jpg,test\REAL\0616 (10).jpg,1.0,1
0616 (2).jpg,test\REAL\0616 (2).jpg,1.0,1
0616 (3).jpg,test\REAL\0616 (3).jpg,0.8226392,1
0616 (4).jpg,test\REAL\0616 (4).jpg,0.9964425,1
0616 (5).jpg,test\REAL\0616 (5).jpg,1.0,1
0616 (6).jpg,test\REAL\0616 (6).jpg,1.0,1
0616 (7).jpg,test\REAL\0616 (7).jpg,1.0,1
0616 (8).jpg,test\REAL\0616 (8).jpg,0.99829733,1
0616 (9).jpg,test\REAL\0616 (9).jpg,0.92555726,1
0616.jpg,test\REAL\0616.jpg,0.029002905,0
0617 (10).jpg,test\REAL\0617 (10).jpg,0.9999224,1
0617 (2).jpg,test\REAL\0617 (2).jpg,1.0,1
0617 (3).jpg,test\REAL\0617 (3).jpg,1.0,1
0617 (4).jpg,test\REAL\0617 (4).jpg,1.0,1
0617 (5).jpg,test\REAL\0617 (5).jpg,0.9999998,1
0617 (6).jpg,test\REAL\0617 (6).jpg,0.99999976,1
0617 (7).jpg,test\REAL\0617 (7).jpg,1.0,1
0617 (8).jpg,test\REAL\0617 (8).jpg,1.0,1
0617 (9).jpg,test\REAL\0617 (9).jpg,1.0,1
0617.jpg,test\REAL\0617.jpg,1.0,1
0618 (10).jpg,test\REAL\0618 (10).jpg,0.9999985,1
0618 (2).jpg,test\REAL\0618 (2).jpg,0.9993621,1
0618 (3).jpg,test\REAL\0618 (3).jpg,0.045348704,0
0618 (4).jpg,test\REAL\0618 (4).jpg,0.9999893,1
0618 (5).jpg,test\REAL\0618 (5).jpg,0.86370265,1
0618 (6).jpg,test\REAL\0618 (6).jpg,1.0,1
0618 (7).jpg,test\REAL\0618 (7).jpg,0.9907732,1
0618 (8).jpg,test\REAL\0618 (8).jpg,0.9979265,1
0618 (9).jpg,test\REAL\0618 (9).jpg,1.0,1
0618.jpg,test\REAL\0618.jpg,1.0,1
0619 (10).jpg,test\REAL\0619 (10).jpg,1.0,1
0619 (2).jpg,test\REAL\0619 (2).jpg,1.0,1
0619 (3).jpg,test\REAL\0619 (3).jpg,1.0,1
0619 (4).jpg,test\REAL\0619 (4).jpg,1.0,1
0619 (5).jpg,test\REAL\0619 (5).jpg,0.99999994,1
0619 (6).jpg,test\REAL\0619 (6).jpg,1.0,1
0619 (7).jpg,test\REAL\0619 (7).jpg,0.9999994,1
0619 (8).jpg,test\REAL\0619 (8).jpg,1.0,1
0619 (9).jpg,test\REAL\0619 (9).jpg,0.016765326,0
0619.jpg,test\REAL\0619.jpg,0.7039513,1
0620 (10).jpg,test\REAL\0620 (10).jpg,1.0,1
0620 (2).jpg,test\REAL\0620 (2).jpg,0.9999584,1
0620 (3).jpg,test\REAL\0620 (3).jpg,0.0003632605,0
0620 (4).jpg,test\REAL\0620 (4).jpg,1.0,1
0620 (5).jpg,test\REAL\0620 (5).jpg,0.99999785,1
0620 (6).jpg,test\REAL\0620 (6).jpg,1.0,1
0620 (7).jpg,test\REAL\0620 (7).jpg,1.0,1
0620 (8).jpg,test\REAL\0620 (8).jpg,0.99781847,1
0620 (9).jpg,test\REAL\0620 (9).jpg,1.0,1
0620.jpg,test\REAL\0620.jpg,1.0,1
0621 (10).jpg,test\REAL\0621 (10).jpg,0.99999857,1
0621 (2).jpg,test\REAL\0621 (2).jpg,0.5021633,1
0621 (3).jpg,test\REAL\0621 (3).jpg,1.0,1
0621 (4).jpg,test\REAL\0621 (4).jpg,0.99968195,1
0621 (5).jpg,test\REAL\0621 (5).jpg,0.9999656,1
0621 (6).jpg,test\REAL\0621 (6).jpg,0.9999987,1
0621 (7).jpg,test\REAL\0621 (7).jpg,0.20850372,0
0621 (8).jpg,test\REAL\0621 (8).jpg,1.0,1
0621 (9).jpg,test\REAL\0621 (9).jpg,1.0,1
0621.jpg,test\REAL\0621.jpg,1.0,1
0622 (10).jpg,test\REAL\0622 (10).jpg,1.0,1
0622 (2).jpg,test\REAL\0622 (2).jpg,0.99999976,1
0622 (3).jpg,test\REAL\0622 (3).jpg,1.0,1
0622 (4).jpg,test\REAL\0622 (4).jpg,1.0,1
0622 (5).jpg,test\REAL\0622 (5).jpg,0.9999588,1
0622 (6).jpg,test\REAL\0622 (6).jpg,0.016045451,0
0622 (7).jpg,test\REAL\0622 (7).jpg,0.33974475,0
0622 (8).jpg,test\REAL\0622 (8).jpg,1.0,1
0622 (9).jpg,test\REAL\0622 (9).jpg,0.9999698,1
0622.jpg,test\REAL\0622.jpg,1.0,1
0623 (10).jpg,test\REAL\0623 (10).jpg,0.99674124,1
0623 (2).jpg,test\REAL\0623 (2).jpg,0.99836016,1
0623 (3).jpg,test\REAL\0623 (3).jpg,0.007345289,0
0623 (4).jpg,test\REAL\0623 (4).jpg,1.0,1
0623 (5).jpg,test\REAL\0623 (5).jpg,0.9999999,1
0623 (6).jpg,test\REAL\0623 (6).jpg,0.9097334,1
0623 (7).jpg,test\REAL\0623 (7).jpg,0.9998774,1
0623 (8).jpg,test\REAL\0623 (8).jpg,1.0,1
0623 (9).jpg,test\REAL\0623 (9).jpg,1.0,1
0623.jpg,test\REAL\0623.jpg,0.83565634,1
0624 (10).jpg,test\REAL\0624 (10).jpg,0.20764935,0
0624 (2).jpg,test\REAL\0624 (2).jpg,1.0,1
0624 (3).jpg,test\REAL\0624 (3).jpg,1.0,1
0624 (4).jpg,test\REAL\0624 (4).jpg,0.9182867,1
0624 (5).jpg,test\REAL\0624 (5).jpg,0.9999376,1
0624 (6).jpg,test\REAL\0624 (6).jpg,1.0,1
0624 (7).jpg,test\REAL\0624 (7).jpg,0.99988484,1
0624 (8).jpg,test\REAL\0624 (8).jpg,0.9999998,1
0624 (9).jpg,test\REAL\0624 (9).jpg,1.0,1
0624.jpg,test\REAL\0624.jpg,1.0,1
0625 (10).jpg,test\REAL\0625 (10).jpg,0.508662,1
0625 (2).jpg,test\REAL\0625 (2).jpg,0.18823498,0
0625 (3).jpg,test\REAL\0625 (3).jpg,0.15841109,0
0625 (4).jpg,test\REAL\0625 (4).jpg,0.08970457,0
0625 (5).jpg,test\REAL\0625 (5).jpg,1.0,1
0625 (6).jpg,test\REAL\0625 (6).jpg,0.9997329,1
0625 (7).jpg,test\REAL\0625 (7).jpg,1.0,1
0625 (8).jpg,test\REAL\0625 (8).jpg,0.99999964,1
0625 (9).jpg,test\REAL\0625 (9).jpg,0.5255163,1
0625.jpg,test\REAL\0625.jpg,0.8796712,1
0626 (10).jpg,test\REAL\0626 (10).jpg,0.972664,1
0626 (2).jpg,test\REAL\0626 (2).jpg,0.9988582,1
0626 (3).jpg,test\REAL\0626 (3).jpg,0.99957085,1
0626 (4).jpg,test\REAL\0626 (4).jpg,0.9784267,1
0626 (5).jpg,test\REAL\0626 (5).jpg,0.99999964,1
0626 (6).jpg,test\REAL\0626 (6).jpg,0.001213342,0
0626 (7).jpg,test\REAL\0626 (7).jpg,0.99999833,1
0626 (8).jpg,test\REAL\0626 (8).jpg,1.0,1
0626 (9).jpg,test\REAL\0626 (9).jpg,1.0,1
0626.jpg,test\REAL\0626.jpg,0.99997735,1
0627 (10).jpg,test\REAL\0627 (10).jpg,1.0,1
0627 (2).jpg,test\REAL\0627 (2).jpg,1.0,1
0627 (3).jpg,test\REAL\0627 (3).jpg,0.43548217,0
0627 (4).jpg,test\REAL\0627 (4).jpg,0.9999999,1
0627 (5).jpg,test\REAL\0627 (5).jpg,0.99985313,1
0627 (6).jpg,test\REAL\0627 (6).jpg,0.9999999,1
0627 (7).jpg,test\REAL\0627 (7).jpg,1.0,1
0627 (8).jpg,test\REAL\0627 (8).jpg,1.0,1
0627 (9).jpg,test\REAL\0627 (9).jpg,0.99999774,1
0627.jpg,test\REAL\0627.jpg,0.9492474,1
0628 (10).jpg,test\REAL\0628 (10).jpg,0.4629963,0
0628 (2).jpg,test\REAL\0628 (2).jpg,0.9999999,1
0628 (3).jpg,test\REAL\0628 (3).jpg,0.092975795,0
0628 (4).jpg,test\REAL\0628 (4).jpg,1.0,1
0628 (5).jpg,test\REAL\0628 (5).jpg,0.95675933,1
0628 (6).jpg,test\REAL\0628 (6).jpg,0.36220744,0
0628 (7).jpg,test\REAL\0628 (7).jpg,0.9838934,1
0628 (8).jpg,test\REAL\0628 (8).jpg,0.9999999,1
0628 (9).jpg,test\REAL\0628 (9).jpg,0.00616163,0
0628.jpg,test\REAL\0628.jpg,0.0028814077,0
0629 (10).jpg,test\REAL\0629 (10).jpg,0.0021980405,0
0629 (2).jpg,test\REAL\0629 (2).jpg,0.99999976,1
0629 (3).jpg,test\REAL\0629 (3).jpg,0.99999774,1
0629 (4).jpg,test\REAL\0629 (4).jpg,0.9941861,1
0629 (5).jpg,test\REAL\0629 (5).jpg,0.4651765,0
0629 (6).jpg,test\REAL\0629 (6).jpg,1.0,1
0629 (7).jpg,test\REAL\0629 (7).jpg,1.0,1
0629 (8).jpg,test\REAL\0629 (8).jpg,0.99442995,1
0629 (9).jpg,test\REAL\0629 (9).jpg,0.99999905,1
0629.jpg,test\REAL\0629.jpg,0.99399936,1
0630 (10).jpg,test\REAL\0630 (10).jpg,1.0,1
0630 (2).jpg,test\REAL\0630 (2).jpg,1.0,1
0630 (3).jpg,test\REAL\0630 (3).jpg,0.9999963,1
0630 (4).jpg,test\REAL\0630 (4).jpg,0.99999917,1
0630 (5).jpg,test\REAL\0630 (5).jpg,1.0,1
0630 (6).jpg,test\REAL\0630 (6).jpg,0.9999976,1
0630 (7).jpg,test\REAL\0630 (7).jpg,0.99999416,1
0630 (8).jpg,test\REAL\0630 (8).jpg,0.4061742,0
0630 (9).jpg,test\REAL\0630 (9).jpg,1.0,1
0630.jpg,test\REAL\0630.jpg,1.0,1
0631 (10).jpg,test\REAL\0631 (10).jpg,1.0,1
0631 (2).jpg,test\REAL\0631 (2).jpg,0.99997914,1
0631 (3).jpg,test\REAL\0631 (3).jpg,0.9999955,1
0631 (4).jpg,test\REAL\0631 (4).jpg,1.0,1
0631 (5).jpg,test\REAL\0631 (5).jpg,0.9998397,1
0631 (6).jpg,test\REAL\0631 (6).jpg,1.0,1
0631 (7).jpg,test\REAL\0631 (7).jpg,1.0,1
0631 (8).jpg,test\REAL\0631 (8).jpg,0.9833641,1
0631 (9).jpg,test\REAL\0631 (9).jpg,1.0,1
0631.jpg,test\REAL\0631.jpg,0.7845709,1
0632 (10).jpg,test\REAL\0632 (10).jpg,1.0,1
0632 (2).jpg,test\REAL\0632 (2).jpg,0.9999999,1
0632 (3).jpg,test\REAL\0632 (3).jpg,0.9996104,1
0632 (4).jpg,test\REAL\0632 (4).jpg,1.0,1
0632 (5).jpg,test\REAL\0632 (5).jpg,1.0,1
0632 (6).jpg,test\REAL\0632 (6).jpg,1.0,1
0632 (7).jpg,test\REAL\0632 (7).jpg,0.9998567,1
0632 (8).jpg,test\REAL\0632 (8).jpg,0.00012734532,0
0632 (9).jpg,test\REAL\0632 (9).jpg,1.0,1
0632.jpg,test\REAL\0632.jpg,0.99983454,1
0633 (10).jpg,test\REAL\0633 (10).jpg,0.960956,1
0633 (2).jpg,test\REAL\0633 (2).jpg,0.9865699,1
0633 (3).jpg,test\REAL\0633 (3).jpg,0.999995,1
0633 (4).jpg,test\REAL\0633 (4).jpg,1.0,1
0633 (5).jpg,test\REAL\0633 (5).jpg,1.0,1
0633 (6).jpg,test\REAL\0633 (6).jpg,1.0,1
0633 (7).jpg,test\REAL\0633 (7).jpg,0.9999914,1
0633 (8).jpg,test\REAL\0633 (8).jpg,0.9968643,1
0633 (9).jpg,test\REAL\0633 (9).jpg,0.18456116,0
0633.jpg,test\REAL\0633.jpg,1.0,1
0634 (10).jpg,test\REAL\0634 (10).jpg,0.99022114,1
0634 (2).jpg,test\REAL\0634 (2).jpg,1.0,1
0634 (3).jpg,test\REAL\0634 (3).jpg,0.9655504,1
0634 (4).jpg,test\REAL\0634 (4).jpg,0.9999859,1
0634 (5).jpg,test\REAL\0634 (5).jpg,1.0,1
0634 (6).jpg,test\REAL\0634 (6).jpg,1.0,1
0634 (7).jpg,test\REAL\0634 (7).jpg,0.3176515,0
0634 (8).jpg,test\REAL\0634 (8).jpg,1.0,1
0634 (9).jpg,test\REAL\0634 (9).jpg,0.13320473,0
0634.jpg,test\REAL\0634.jpg,0.99990344,1
0635 (10).jpg,test\REAL\0635 (10).jpg,1.0,1
0635 (2).jpg,test\REAL\0635 (2).jpg,1.0,1
0635 (3).jpg,test\REAL\0635 (3).jpg,0.9999969,1
0635 (4).jpg,test\REAL\0635 (4).jpg,0.9999999,1
0635 (5).jpg,test\REAL\0635 (5).jpg,1.0,1
0635 (6).jpg,test\REAL\0635 (6).jpg,0.99998486,1
0635 (7).jpg,test\REAL\0635 (7).jpg,1.0,1
0635 (8).jpg,test\REAL\0635 (8).jpg,0.99977267,1
0635 (9).jpg,test\REAL\0635 (9).jpg,0.12063247,0
0635.jpg,test\REAL\0635.jpg,1.0,1
0636 (10).jpg,test\REAL\0636 (10).jpg,0.92098975,1
0636 (2).jpg,test\REAL\0636 (2).jpg,1.0,1
0636 (3).jpg,test\REAL\0636 (3).jpg,0.9733671,1
0636 (4).jpg,test\REAL\0636 (4).jpg,1.0,1
0636 (5).jpg,test\REAL\0636 (5).jpg,0.9999981,1
0636 (6).jpg,test\REAL\0636 (6).jpg,1.0,1
0636 (7).jpg,test\REAL\0636 (7).jpg,0.99888504,1
0636 (8).jpg,test\REAL\0636 (8).jpg,0.9307859,1
0636 (9).jpg,test\REAL\0636 (9).jpg,0.99956,1
0636.jpg,test\REAL\0636.jpg,0.71833295,1
0637 (10).jpg,test\REAL\0637 (10).jpg,0.99995625,1
0637 (2).jpg,test\REAL\0637 (2).jpg,0.49074364,0
0637 (3).jpg,test\REAL\0637 (3).jpg,0.003502071,0
0637 (4).jpg,test\REAL\0637 (4).jpg,1.0,1
0637 (5).jpg,test\REAL\0637 (5).jpg,0.9835026,1
0637 (6).jpg,test\REAL\0637 (6).jpg,1.0,1
0637 (7).jpg,test\REAL\0637 (7).jpg,1.0,1
0637 (8).jpg,test\REAL\0637 (8).jpg,1.0,1
0637 (9).jpg,test\REAL\0637 (9).jpg,0.9999993,1
0637.jpg,test\REAL\0637.jpg,0.99999875,1
0638 (10).jpg,test\REAL\0638 (10).jpg,1.0,1
0638 (2).jpg,test\REAL\0638 (2).jpg,1.0,1
0638 (3).jpg,test\REAL\0638 (3).jpg,0.9999993,1
0638 (4).jpg,test\REAL\0638 (4).jpg,0.96213615,1
0638 (5).jpg,test\REAL\0638 (5).jpg,1.0,1
0638 (6).jpg,test\REAL\0638 (6).jpg,0.99979067,1
0638 (7).jpg,test\REAL\0638 (7).jpg,0.13000762,0
0638 (8).jpg,test\REAL\0638 (8).jpg,1.0,1
0638 (9).jpg,test\REAL\0638 (9).jpg,0.99999857,1
0638.jpg,test\REAL\0638.jpg,0.98590523,1
0639 (10).jpg,test\REAL\0639 (10).jpg,0.99357176,1
0639 (2).jpg,test\REAL\0639 (2).jpg,1.0,1
0639 (3).jpg,test\REAL\0639 (3).jpg,0.99998784,1
0639 (4).jpg,test\REAL\0639 (4).jpg,0.9999907,1
0639 (5).jpg,test\REAL\0639 (5).jpg,0.97122157,1
0639 (6).jpg,test\REAL\0639 (6).jpg,0.8772365,1
0639 (7).jpg,test\REAL\0639 (7).jpg,1.0,1
0639 (8).jpg,test\REAL\0639 (8).jpg,0.99999624,1
0639 (9).jpg,test\REAL\0639 (9).jpg,0.21466106,0
0639.jpg,test\REAL\0639.jpg,0.99965703,1
0640 (10).jpg,test\REAL\0640 (10).jpg,1.0,1
0640 (2).jpg,test\REAL\0640 (2).jpg,0.9964638,1
0640 (3).jpg,test\REAL\0640 (3).jpg,1.0,1
0640 (4).jpg,test\REAL\0640 (4).jpg,1.0,1
0640 (5).jpg,test\REAL\0640 (5).jpg,0.99534214,1
0640 (6).jpg,test\REAL\0640 (6).jpg,0.9999842,1
0640 (7).jpg,test\REAL\0640 (7).jpg,0.97905684,1
0640 (8).jpg,test\REAL\0640 (8).jpg,1.0,1
0640 (9).jpg,test\REAL\0640 (9).jpg,0.996945,1
0640.jpg,test\REAL\0640.jpg,0.9999999,1
0641 (10).jpg,test\REAL\0641 (10).jpg,0.9998012,1
0641 (2).jpg,test\REAL\0641 (2).jpg,1.0,1
0641 (3).jpg,test\REAL\0641 (3).jpg,0.99997526,1
0641 (4).jpg,test\REAL\0641 (4).jpg,0.16473219,0
0641 (5).jpg,test\REAL\0641 (5).jpg,0.9999959,1
0641 (6).jpg,test\REAL\0641 (6).jpg,0.9999999,1
0641 (7).jpg,test\REAL\0641 (7).jpg,1.0,1
0641 (8).jpg,test\REAL\0641 (8).jpg,1.0,1
0641 (9).jpg,test\REAL\0641 (9).jpg,0.9999954,1
0641.jpg,test\REAL\0641.jpg,1.0,1
0642 (10).jpg,test\REAL\0642 (10).jpg,1.0,1
0642 (2).jpg,test\REAL\0642 (2).jpg,0.99999994,1
0642 (3).jpg,test\REAL\0642 (3).jpg,1.0,1
0642 (4).jpg,test\REAL\0642 (4).jpg,0.4566862,0
0642 (5).jpg,test\REAL\0642 (5).jpg,0.98797184,1
0642 (6).jpg,test\REAL\0642 (6).jpg,0.99999976,1
0642 (7).jpg,test\REAL\0642 (7).jpg,0.99996483,1
0642 (8).jpg,test\REAL\0642 (8).jpg,0.15972283,0
0642 (9).jpg,test\REAL\0642 (9).jpg,1.0,1
0642.jpg,test\REAL\0642.jpg,1.0,1
0643 (10).jpg,test\REAL\0643 (10).jpg,1.0,1
0643 (2).jpg,test\REAL\0643 (2).jpg,1.0,1
0643 (3).jpg,test\REAL\0643 (3).jpg,0.9981095,1
0643 (4).jpg,test\REAL\0643 (4).jpg,1.0,1
0643 (5).jpg,test\REAL\0643 (5).jpg,0.8160975,1
0643 (6).jpg,test\REAL\0643 (6).jpg,1.0,1
0643 (7).jpg,test\REAL\0643 (7).jpg,0.9929842,1
0643 (8).jpg,test\REAL\0643 (8).jpg,1.0,1
0643 (9).jpg,test\REAL\0643 (9).jpg,1.0,1
0643.jpg,test\REAL\0643.jpg,0.99999964,1
0644 (10).jpg,test\REAL\0644 (10).jpg,0.9999658,1
0644 (2).jpg,test\REAL\0644 (2).jpg,0.05065462,0
0644 (3).jpg,test\REAL\0644 (3).jpg,1.0,1
0644 (4).jpg,test\REAL\0644 (4).jpg,1.0,1
0644 (5).jpg,test\REAL\0644 (5).jpg,0.5952207,1
0644 (6).jpg,test\REAL\0644 (6).jpg,1.0,1
0644 (7).jpg,test\REAL\0644 (7).jpg,1.0,1
0644 (8).jpg,test\REAL\0644 (8).jpg,0.9999849,1
0644 (9).jpg,test\REAL\0644 (9).jpg,1.0,1
0644.jpg,test\REAL\0644.jpg,1.0,1
0645 (10).jpg,test\REAL\0645 (10).jpg,0.9518904,1
0645 (2).jpg,test\REAL\0645 (2).jpg,0.8604998,1
0645 (3).jpg,test\REAL\0645 (3).jpg,1.0,1
0645 (4).jpg,test\REAL\0645 (4).jpg,1.0,1
0645 (5).jpg,test\REAL\0645 (5).jpg,0.99938715,1
0645 (6).jpg,test\REAL\0645 (6).jpg,0.9991568,1
0645 (7).jpg,test\REAL\0645 (7).jpg,0.98145664,1
0645 (8).jpg,test\REAL\0645 (8).jpg,0.1264408,0
0645 (9).jpg,test\REAL\0645 (9).jpg,0.21711019,0
0645.jpg,test\REAL\0645.jpg,0.98433256,1
0646 (10).jpg,test\REAL\0646 (10).jpg,0.99955624,1
0646 (2).jpg,test\REAL\0646 (2).jpg,0.96919936,1
0646 (3).jpg,test\REAL\0646 (3).jpg,1.0,1
0646 (4).jpg,test\REAL\0646 (4).jpg,0.9999912,1
0646 (5).jpg,test\REAL\0646 (5).jpg,0.9951301,1
0646 (6).jpg,test\REAL\0646 (6).jpg,1.0,1
0646 (7).jpg,test\REAL\0646 (7).jpg,1.0,1
0646 (8).jpg,test\REAL\0646 (8).jpg,0.99998355,1
0646 (9).jpg,test\REAL\0646 (9).jpg,1.0,1
0646.jpg,test\REAL\0646.jpg,1.0,1
0647 (10).jpg,test\REAL\0647 (10).jpg,1.0,1
0647 (2).jpg,test\REAL\0647 (2).jpg,0.039548904,0
0647 (3).jpg,test\REAL\0647 (3).jpg,0.9999975,1
0647 (4).jpg,test\REAL\0647 (4).jpg,1.0,1
0647 (5).jpg,test\REAL\0647 (5).jpg,0.9999513,1
0647 (6).jpg,test\REAL\0647 (6).jpg,1.0,1
0647 (7).jpg,test\REAL\0647 (7).jpg,1.0,1
0647 (8).jpg,test\REAL\0647 (8).jpg,1.0,1
0647 (9).jpg,test\REAL\0647 (9).jpg,1.0,1
0647.jpg,test\REAL\0647.jpg,0.80641717,1
0648 (10).jpg,test\REAL\0648 (10).jpg,0.9999999,1
0648 (2).jpg,test\REAL\0648 (2).jpg,0.9984899,1
0648 (3).jpg,test\REAL\0648 (3).jpg,1.0,1
0648 (4).jpg,test\REAL\0648 (4).jpg,0.8778442,1
0648 (5).jpg,test\REAL\0648 (5).jpg,0.9683145,1
0648 (6).jpg,test\REAL\0648 (6).jpg,1.0,1
0648 (7).jpg,test\REAL\0648 (7).jpg,1.0,1
0648 (8).jpg,test\REAL\0648 (8).jpg,1.0,1
0648 (9).jpg,test\REAL\0648 (9).jpg,0.27708304,0
0648.jpg,test\REAL\0648.jpg,0.99589014,1
0649 (10).jpg,test\REAL\0649 (10).jpg,0.99996704,1
0649 (2).jpg,test\REAL\0649 (2).jpg,0.99995184,1
0649 (3).jpg,test\REAL\0649 (3).jpg,0.6583593,1
0649 (4).jpg,test\REAL\0649 (4).jpg,1.0,1
0649 (5).jpg,test\REAL\0649 (5).jpg,1.0,1
0649 (6).jpg,test\REAL\0649 (6).jpg,1.0,1
0649 (7).jpg,test\REAL\0649 (7).jpg,1.0,1
0649 (8).jpg,test\REAL\0649 (8).jpg,0.9999849,1
0649 (9).jpg,test\REAL\0649 (9).jpg,1.0,1
0649.jpg,test\REAL\0649.jpg,0.08724463,0
0650 (10).jpg,test\REAL\0650 (10).jpg,0.015463293,0
0650 (2).jpg,test\REAL\0650 (2).jpg,0.99999976,1
0650 (3).jpg,test\REAL\0650 (3).jpg,1.0,1
0650 (4).jpg,test\REAL\0650 (4).jpg,1.0,1
0650 (5).jpg,test\REAL\0650 (5).jpg,1.0,1
0650 (6).jpg,test\REAL\0650 (6).jpg,0.9999987,1
0650 (7).jpg,test\REAL\0650 (7).jpg,0.41475183,0
0650 (8).jpg,test\REAL\0650 (8).jpg,0.99279475,1
0650 (9).jpg,test\REAL\0650 (9).jpg,0.9999747,1
0650.jpg,test\REAL\0650.jpg,0.9999987,1
0651 (10).jpg,test\REAL\0651 (10).jpg,0.0044552386,0
0651 (2).jpg,test\REAL\0651 (2).jpg,1.0,1
0651 (3).jpg,test\REAL\0651 (3).jpg,0.113731235,0
0651 (4).jpg,test\REAL\0651 (4).jpg,0.9994477,1
0651 (5).jpg,test\REAL\0651 (5).jpg,0.99952495,1
0651 (6).jpg,test\REAL\0651 (6).jpg,1.0,1
0651 (7).jpg,test\REAL\0651 (7).jpg,1.0,1
0651 (8).jpg,test\REAL\0651 (8).jpg,0.99999785,1
0651 (9).jpg,test\REAL\0651 (9).jpg,0.00048348308,0
0651.jpg,test\REAL\0651.jpg,1.0,1
0652 (10).jpg,test\REAL\0652 (10).jpg,1.0,1
0652 (2).jpg,test\REAL\0652 (2).jpg,0.0010102093,0
0652 (3).jpg,test\REAL\0652 (3).jpg,0.99999106,1
0652 (4).jpg,test\REAL\0652 (4).jpg,0.999987,1
0652 (5).jpg,test\REAL\0652 (5).jpg,0.9994313,1
0652 (6).jpg,test\REAL\0652 (6).jpg,0.08389008,0
0652 (7).jpg,test\REAL\0652 (7).jpg,0.9999676,1
0652 (8).jpg,test\REAL\0652 (8).jpg,1.0,1
0652 (9).jpg,test\REAL\0652 (9).jpg,1.0,1
0652.jpg,test\REAL\0652.jpg,0.99242043,1
0653 (10).jpg,test\REAL\0653 (10).jpg,0.99999994,1
0653 (2).jpg,test\REAL\0653 (2).jpg,1.0,1
0653 (3).jpg,test\REAL\0653 (3).jpg,0.99999833,1
0653 (4).jpg,test\REAL\0653 (4).jpg,1.0,1
0653 (5).jpg,test\REAL\0653 (5).jpg,1.0,1
0653 (6).jpg,test\REAL\0653 (6).jpg,1.0,1
0653 (7).jpg,test\REAL\0653 (7).jpg,1.0,1
0653 (8).jpg,test\REAL\0653 (8).jpg,1.0,1
0653 (9).jpg,test\REAL\0653 (9).jpg,0.53019243,1
0653.jpg,test\REAL\0653.jpg,0.99997455,1
0654 (10).jpg,test\REAL\0654 (10).jpg,1.0,1
0654 (2).jpg,test\REAL\0654 (2).jpg,1.0,1
0654 (3).jpg,test\REAL\0654 (3).jpg,1.0,1
0654 (4).jpg,test\REAL\0654 (4).jpg,0.99999905,1
0654 (5).jpg,test\REAL\0654 (5).jpg,1.0,1
0654 (6).jpg,test\REAL\0654 (6).jpg,0.98567456,1
0654 (7).jpg,test\REAL\0654 (7).jpg,0.9983152,1
0654 (8).jpg,test\REAL\0654 (8).jpg,1.0,1
0654 (9).jpg,test\REAL\0654 (9).jpg,8.940697e-08,0
0654.jpg,test\REAL\0654.jpg,0.00010031462,0
0655 (10).jpg,test\REAL\0655 (10).jpg,1.0,1
0655 (2).jpg,test\REAL\0655 (2).jpg,0.9999993,1
0655 (3).jpg,test\REAL\0655 (3).jpg,0.9999997,1
0655 (4).jpg,test\REAL\0655 (4).jpg,0.887192,1
0655 (5).jpg,test\REAL\0655 (5).jpg,1.0,1
0655 (6).jpg,test\REAL\0655 (6).jpg,0.9998226,1
0655 (7).jpg,test\REAL\0655 (7).jpg,1.0,1
0655 (8).jpg,test\REAL\0655 (8).jpg,0.99999213,1
0655 (9).jpg,test\REAL\0655 (9).jpg,1.0,1
0655.jpg,test\REAL\0655.jpg,0.15649775,0
0656 (10).jpg,test\REAL\0656 (10).jpg,0.99997747,1
0656 (2).jpg,test\REAL\0656 (2).jpg,0.9898865,1
0656 (3).jpg,test\REAL\0656 (3).jpg,0.9998421,1
0656 (4).jpg,test\REAL\0656 (4).jpg,0.9999855,1
0656 (5).jpg,test\REAL\0656 (5).jpg,1.0,1
0656 (6).jpg,test\REAL\0656 (6).jpg,1.0,1
0656 (7).jpg,test\REAL\0656 (7).jpg,1.0,1
0656 (8).jpg,test\REAL\0656 (8).jpg,0.99999785,1
0656 (9).jpg,test\REAL\0656 (9).jpg,0.999998,1
0656.jpg,test\REAL\0656.jpg,0.99539816,1
0657 (10).jpg,test\REAL\0657 (10).jpg,1.0,1
0657 (2).jpg,test\REAL\0657 (2).jpg,0.99593914,1
0657 (3).jpg,test\REAL\0657 (3).jpg,1.0,1
0657 (4).jpg,test\REAL\0657 (4).jpg,0.6599107,1
0657 (5).jpg,test\REAL\0657 (5).jpg,1.0,1
0657 (6).jpg,test\REAL\0657 (6).jpg,0.5325063,1
0657 (7).jpg,test\REAL\0657 (7).jpg,1.0,1
0657 (8).jpg,test\REAL\0657 (8).jpg,0.99999976,1
0657 (9).jpg,test\REAL\0657 (9).jpg,1.0,1
0657.jpg,test\REAL\0657.jpg,0.99798155,1
0658 (10).jpg,test\REAL\0658 (10).jpg,0.9999865,1
0658 (2).jpg,test\REAL\0658 (2).jpg,1.0,1
0658 (3).jpg,test\REAL\0658 (3).jpg,0.3607378,0
0658 (4).jpg,test\REAL\0658 (4).jpg,0.99915123,1
0658 (5).jpg,test\REAL\0658 (5).jpg,1.0,1
0658 (6).jpg,test\REAL\0658 (6).jpg,0.9999999,1
0658 (7).jpg,test\REAL\0658 (7).jpg,1.0,1
0658 (8).jpg,test\REAL\0658 (8).jpg,1.0,1
0658 (9).jpg,test\REAL\0658 (9).jpg,1.0,1
0658.jpg,test\REAL\0658.jpg,0.17404783,0
0659 (10).jpg,test\REAL\0659 (10).jpg,1.0,1
0659 (2).jpg,test\REAL\0659 (2).jpg,0.99963456,1
0659 (3).jpg,test\REAL\0659 (3).jpg,0.016619831,0
0659 (4).jpg,test\REAL\0659 (4).jpg,0.9999919,1
0659 (5).jpg,test\REAL\0659 (5).jpg,1.0,1
0659 (6).jpg,test\REAL\0659 (6).jpg,0.99995214,1
0659 (7).jpg,test\REAL\0659 (7).jpg,0.9999999,1
0659 (8).jpg,test\REAL\0659 (8).jpg,0.99979633,1
0659 (9).jpg,test\REAL\0659 (9).jpg,0.22713757,0
0659.jpg,test\REAL\0659.jpg,0.027763724,0
0660 (10).jpg,test\REAL\0660 (10).jpg,0.99999976,1
0660 (2).jpg,test\REAL\0660 (2).jpg,1.0,1
0660 (3).jpg,test\REAL\0660 (3).jpg,1.0,1
0660 (4).jpg,test\REAL\0660 (4).jpg,0.0008395314,0
0660 (5).jpg,test\REAL\0660 (5).jpg,0.99643314,1
0660 (6).jpg,test\REAL\0660 (6).jpg,0.57457185,1
0660 (7).jpg,test\REAL\0660 (7).jpg,0.9999999,1
0660 (8).jpg,test\REAL\0660 (8).jpg,1.0,1
0660 (9).jpg,test\REAL\0660 (9).jpg,0.9999999,1
0660.jpg,test\REAL\0660.jpg,1.0,1
0661 (10).jpg,test\REAL\0661 (10).jpg,0.99999845,1
0661 (2).jpg,test\REAL\0661 (2).jpg,1.0,1
0661 (3).jpg,test\REAL\0661 (3).jpg,0.9891201,1
0661 (4).jpg,test\REAL\0661 (4).jpg,0.997771,1
0661 (5).jpg,test\REAL\0661 (5).jpg,1.0,1
0661 (6).jpg,test\REAL\0661 (6).jpg,0.063215375,0
0661 (7).jpg,test\REAL\0661 (7).jpg,0.99982977,1
0661 (8).jpg,test\REAL\0661 (8).jpg,1.0,1
0661 (9).jpg,test\REAL\0661 (9).jpg,0.17338917,0
0661.jpg,test\REAL\0661.jpg,0.9999993,1
0662 (10).jpg,test\REAL\0662 (10).jpg,1.0,1
0662 (2).jpg,test\REAL\0662 (2).jpg,0.012662262,0
0662 (3).jpg,test\REAL\0662 (3).jpg,0.99976814,1
0662 (4).jpg,test\REAL\0662 (4).jpg,1.0,1
0662 (5).jpg,test\REAL\0662 (5).jpg,0.9991104,1
0662 (6).jpg,test\REAL\0662 (6).jpg,1.0,1
0662 (7).jpg,test\REAL\0662 (7).jpg,1.0,1
0662 (8).jpg,test\REAL\0662 (8).jpg,1.0,1
0662 (9).jpg,test\REAL\0662 (9).jpg,0.43210155,0
0662.jpg,test\REAL\0662.jpg,0.0003118813,0
0663 (10).jpg,test\REAL\0663 (10).jpg,1.0,1
0663 (2).jpg,test\REAL\0663 (2).jpg,1.0,1
0663 (3).jpg,test\REAL\0663 (3).jpg,0.4551978,0
0663 (4).jpg,test\REAL\0663 (4).jpg,0.9999942,1
0663 (5).jpg,test\REAL\0663 (5).jpg,0.79463387,1
0663 (6).jpg,test\REAL\0663 (6).jpg,0.9973061,1
0663 (7).jpg,test\REAL\0663 (7).jpg,1.0,1
0663 (8).jpg,test\REAL\0663 (8).jpg,1.0,1
0663 (9).jpg,test\REAL\0663 (9).jpg,0.99999666,1
0663.jpg,test\REAL\0663.jpg,1.0,1
0664 (10).jpg,test\REAL\0664 (10).jpg,0.0014054477,0
0664 (2).jpg,test\REAL\0664 (2).jpg,1.0,1
0664 (3).jpg,test\REAL\0664 (3).jpg,0.7120215,1
0664 (4).jpg,test\REAL\0664 (4).jpg,1.0,1
0664 (5).jpg,test\REAL\0664 (5).jpg,1.0,1
0664 (6).jpg,test\REAL\0664 (6).jpg,1.0,1
0664 (7).jpg,test\REAL\0664 (7).jpg,0.98527586,1
0664 (8).jpg,test\REAL\0664 (8).jpg,0.99720514,1
0664 (9).jpg,test\REAL\0664 (9).jpg,0.9558313,1
0664.jpg,test\REAL\0664.jpg,0.7244539,1
0665 (10).jpg,test\REAL\0665 (10).jpg,1.0,1
0665 (2).jpg,test\REAL\0665 (2).jpg,0.9952767,1
0665 (3).jpg,test\REAL\0665 (3).jpg,0.5556904,1
0665 (4).jpg,test\REAL\0665 (4).jpg,0.9999999,1
0665 (5).jpg,test\REAL\0665 (5).jpg,0.9999981,1
0665 (6).jpg,test\REAL\0665 (6).jpg,1.0,1
0665 (7).jpg,test\REAL\0665 (7).jpg,0.48085886,0
0665 (8).jpg,test\REAL\0665 (8).jpg,1.0,1
0665 (9).jpg,test\REAL\0665 (9).jpg,0.0064818263,0
0665.jpg,test\REAL\0665.jpg,0.9858756,1
0666 (10).jpg,test\REAL\0666 (10).jpg,0.33949906,0
0666 (2).jpg,test\REAL\0666 (2).jpg,1.0,1
0666 (3).jpg,test\REAL\0666 (3).jpg,0.99999976,1
0666 (4).jpg,test\REAL\0666 (4).jpg,1.0,1
0666 (5).jpg,test\REAL\0666 (5).jpg,1.0,1
0666 (6).jpg,test\REAL\0666 (6).jpg,0.9998736,1
0666 (7).jpg,test\REAL\0666 (7).jpg,0.9996116,1
0666 (8).jpg,test\REAL\0666 (8).jpg,1.0,1
0666 (9).jpg,test\REAL\0666 (9).jpg,0.038963854,0
0666.jpg,test\REAL\0666.jpg,0.0026594996,0
0667 (10).jpg,test\REAL\0667 (10).jpg,1.0,1
0667 (2).jpg,test\REAL\0667 (2).jpg,0.8777288,1
0667 (3).jpg,test\REAL\0667 (3).jpg,1.0,1
0667 (4).jpg,test\REAL\0667 (4).jpg,0.9999831,1
0667 (5).jpg,test\REAL\0667 (5).jpg,0.9999993,1
0667 (6).jpg,test\REAL\0667 (6).jpg,1.0,1
0667 (7).jpg,test\REAL\0667 (7).jpg,0.81288475,1
0667 (8).jpg,test\REAL\0667 (8).jpg,1.0,1
0667 (9).jpg,test\REAL\0667 (9).jpg,0.99999833,1
0667.jpg,test\REAL\0667.jpg,0.44938222,0
0668 (10).jpg,test\REAL\0668 (10).jpg,0.9024309,1
0668 (2).jpg,test\REAL\0668 (2).jpg,1.0,1
0668 (3).jpg,test\REAL\0668 (3).jpg,1.0,1
0668 (4).jpg,test\REAL\0668 (4).jpg,0.9999989,1
0668 (5).jpg,test\REAL\0668 (5).jpg,1.0,1
0668 (6).jpg,test\REAL\0668 (6).jpg,0.8344625,1
0668 (7).jpg,test\REAL\0668 (7).jpg,1.0,1
0668 (8).jpg,test\REAL\0668 (8).jpg,1.0,1
0668 (9).jpg,test\REAL\0668 (9).jpg,0.9635644,1
0668.jpg,test\REAL\0668.jpg,0.9998967,1
0669 (10).jpg,test\REAL\0669 (10).jpg,1.0,1
0669 (2).jpg,test\REAL\0669 (2).jpg,0.01406306,0
0669 (3).jpg,test\REAL\0669 (3).jpg,0.99999964,1
0669 (4).jpg,test\REAL\0669 (4).jpg,0.6707158,1
0669 (5).jpg,test\REAL\0669 (5).jpg,0.9999759,1
0669 (6).jpg,test\REAL\0669 (6).jpg,0.8276365,1
0669 (7).jpg,test\REAL\0669 (7).jpg,1.0,1
0669 (8).jpg,test\REAL\0669 (8).jpg,0.9999851,1
0669 (9).jpg,test\REAL\0669 (9).jpg,0.99999774,1
0669.jpg,test\REAL\0669.jpg,1.0,1
0670 (10).jpg,test\REAL\0670 (10).jpg,1.0,1
0670 (2).jpg,test\REAL\0670 (2).jpg,0.99892724,1
0670 (3).jpg,test\REAL\0670 (3).jpg,0.8698671,1
0670 (4).jpg,test\REAL\0670 (4).jpg,0.99999803,1
0670 (5).jpg,test\REAL\0670 (5).jpg,0.9999931,1
0670 (6).jpg,test\REAL\0670 (6).jpg,1.0,1
0670 (7).jpg,test\REAL\0670 (7).jpg,0.9999718,1
0670 (8).jpg,test\REAL\0670 (8).jpg,0.9991193,1
0670 (9).jpg,test\REAL\0670 (9).jpg,1.0,1
0670.jpg,test\REAL\0670.jpg,0.9999404,1
0671 (10).jpg,test\REAL\0671 (10).jpg,0.99998134,1
0671 (2).jpg,test\REAL\0671 (2).jpg,1.0,1
0671 (3).jpg,test\REAL\0671 (3).jpg,0.996396,1
0671 (4).jpg,test\REAL\0671 (4).jpg,1.0,1
0671 (5).jpg,test\REAL\0671 (5).jpg,1.0,1
0671 (6).jpg,test\REAL\0671 (6).jpg,1.0,1
0671 (7).jpg,test\REAL\0671 (7).jpg,1.0,1
0671 (8).jpg,test\REAL\0671 (8).jpg,1.0,1
0671 (9).jpg,test\REAL\0671 (9).jpg,1.0,1
0671.jpg,test\REAL\0671.jpg,1.0,1
0672 (10).jpg,test\REAL\0672 (10).jpg,1.0,1
0672 (2).jpg,test\REAL\0672 (2).jpg,0.9999995,1
0672 (3).jpg,test\REAL\0672 (3).jpg,1.0,1
0672 (4).jpg,test\REAL\0672 (4).jpg,0.9995383,1
0672 (5).jpg,test\REAL\0672 (5).jpg,0.10594627,0
0672 (6).jpg,test\REAL\0672 (6).jpg,0.9999995,1
0672 (7).jpg,test\REAL\0672 (7).jpg,0.999998,1
0672 (8).jpg,test\REAL\0672 (8).jpg,1.0,1
0672 (9).jpg,test\REAL\0672 (9).jpg,0.99973285,1
0672.jpg,test\REAL\0672.jpg,1.0,1
0673 (10).jpg,test\REAL\0673 (10).jpg,0.99992776,1
0673 (2).jpg,test\REAL\0673 (2).jpg,0.061715424,0
0673 (3).jpg,test\REAL\0673 (3).jpg,1.0,1
0673 (4).jpg,test\REAL\0673 (4).jpg,0.9999995,1
0673 (5).jpg,test\REAL\0673 (5).jpg,1.0,1
0673 (6).jpg,test\REAL\0673 (6).jpg,1.0,1
0673 (7).jpg,test\REAL\0673 (7).jpg,1.0,1
0673 (8).jpg,test\REAL\0673 (8).jpg,1.0,1
0673 (9).jpg,test\REAL\0673 (9).jpg,0.0038495362,0
0673.jpg,test\REAL\0673.jpg,0.92579234,1
0674 (10).jpg,test\REAL\0674 (10).jpg,0.99870783,1
0674 (2).jpg,test\REAL\0674 (2).jpg,1.0,1
0674 (3).jpg,test\REAL\0674 (3).jpg,0.9957861,1
0674 (4).jpg,test\REAL\0674 (4).jpg,0.9999999,1
0674 (5).jpg,test\REAL\0674 (5).jpg,0.99999875,1
0674 (6).jpg,test\REAL\0674 (6).jpg,0.47981638,0
0674 (7).jpg,test\REAL\0674 (7).jpg,0.9999995,1
0674 (8).jpg,test\REAL\0674 (8).jpg,0.9999999,1
0674 (9).jpg,test\REAL\0674 (9).jpg,0.99917746,1
0674.jpg,test\REAL\0674.jpg,1.0,1
0675 (10).jpg,test\REAL\0675 (10).jpg,0.9999999,1
0675 (2).jpg,test\REAL\0675 (2).jpg,1.0,1
0675 (3).jpg,test\REAL\0675 (3).jpg,0.0073596537,0
0675 (4).jpg,test\REAL\0675 (4).jpg,1.0,1
0675 (5).jpg,test\REAL\0675 (5).jpg,0.99910235,1
0675 (6).jpg,test\REAL\0675 (6).jpg,1.0,1
0675 (7).jpg,test\REAL\0675 (7).jpg,0.99999255,1
0675 (8).jpg,test\REAL\0675 (8).jpg,1.0,1
0675 (9).jpg,test\REAL\0675 (9).jpg,1.0,1
0675.jpg,test\REAL\0675.jpg,0.6530452,1
0676 (10).jpg,test\REAL\0676 (10).jpg,0.012467861,0
0676 (2).jpg,test\REAL\0676 (2).jpg,0.14784476,0
0676 (3).jpg,test\REAL\0676 (3).jpg,0.9998951,1
0676 (4).jpg,test\REAL\0676 (4).jpg,0.9999827,1
0676 (5).jpg,test\REAL\0676 (5).jpg,0.9999992,1
0676 (6).jpg,test\REAL\0676 (6).jpg,0.99998826,1
0676 (7).jpg,test\REAL\0676 (7).jpg,1.0,1
0676 (8).jpg,test\REAL\0676 (8).jpg,1.9073486e-06,0
0676 (9).jpg,test\REAL\0676 (9).jpg,0.60149544,1
0676.jpg,test\REAL\0676.jpg,0.99998224,1
0677 (10).jpg,test\REAL\0677 (10).jpg,0.9999999,1
0677 (2).jpg,test\REAL\0677 (2).jpg,1.0,1
0677 (3).jpg,test\REAL\0677 (3).jpg,0.9999999,1
0677 (4).jpg,test\REAL\0677 (4).jpg,1.0,1
0677 (5).jpg,test\REAL\0677 (5).jpg,0.99987495,1
0677 (6).jpg,test\REAL\0677 (6).jpg,0.9999993,1
0677 (7).jpg,test\REAL\0677 (7).jpg,1.0,1
0677 (8).jpg,test\REAL\0677 (8).jpg,0.00016507506,0
0677 (9).jpg,test\REAL\0677 (9).jpg,1.0,1
0677.jpg,test\REAL\0677.jpg,0.99934405,1
0678 (10).jpg,test\REAL\0678 (10).jpg,0.9926578,1
0678 (2).jpg,test\REAL\0678 (2).jpg,1.0,1
0678 (3).jpg,test\REAL\0678 (3).jpg,0.9996742,1
0678 (4).jpg,test\REAL\0678 (4).jpg,0.99999726,1
0678 (5).jpg,test\REAL\0678 (5).jpg,0.9997459,1
0678 (6).jpg,test\REAL\0678 (6).jpg,1.0,1
0678 (7).jpg,test\REAL\0678 (7).jpg,1.0,1
0678 (8).jpg,test\REAL\0678 (8).jpg,0.9617058,1
0678 (9).jpg,test\REAL\0678 (9).jpg,0.9999411,1
0678.jpg,test\REAL\0678.jpg,0.9997146,1
0679 (10).jpg,test\REAL\0679 (10).jpg,0.73852295,1
0679 (2).jpg,test\REAL\0679 (2).jpg,0.9955858,1
0679 (3).jpg,test\REAL\0679 (3).jpg,0.9999997,1
0679 (4).jpg,test\REAL\0679 (4).jpg,0.9999988,1
0679 (5).jpg,test\REAL\0679 (5).jpg,1.0,1
0679 (6).jpg,test\REAL\0679 (6).jpg,1.0,1
0679 (7).jpg,test\REAL\0679 (7).jpg,1.0,1
0679 (8).jpg,test\REAL\0679 (8).jpg,0.001232624,0
0679 (9).jpg,test\REAL\0679 (9).jpg,1.0,1
0679.jpg,test\REAL\0679.jpg,0.0044811964,0
0680 (10).jpg,test\REAL\0680 (10).jpg,1.0,1
0680 (2).jpg,test\REAL\0680 (2).jpg,0.00084015727,0
0680 (3).jpg,test\REAL\0680 (3).jpg,0.57643,1
0680 (4).jpg,test\REAL\0680 (4).jpg,1.0,1
0680 (5).jpg,test\REAL\0680 (5).jpg,0.9999994,1
0680 (6).jpg,test\REAL\0680 (6).jpg,0.97579825,1
0680 (7).jpg,test\REAL\0680 (7).jpg,1.0,1
0680 (8).jpg,test\REAL\0680 (8).jpg,0.9990197,1
0680 (9).jpg,test\REAL\0680 (9).jpg,0.99999857,1
0680.jpg,test\REAL\0680.jpg,1.0,1
0681 (10).jpg,test\REAL\0681 (10).jpg,0.08042961,0
0681 (2).jpg,test\REAL\0681 (2).jpg,1.0,1
0681 (3).jpg,test\REAL\0681 (3).jpg,0.99999666,1
0681 (4).jpg,test\REAL\0681 (4).jpg,0.9869667,1
0681 (5).jpg,test\REAL\0681 (5).jpg,0.9988178,1
0681 (6).jpg,test\REAL\0681 (6).jpg,0.99062085,1
0681 (7).jpg,test\REAL\0681 (7).jpg,1.0,1
0681 (8).jpg,test\REAL\0681 (8).jpg,0.9978834,1
0681 (9).jpg,test\REAL\0681 (9).jpg,1.0,1
0681.jpg,test\REAL\0681.jpg,1.0,1
0682 (10).jpg,test\REAL\0682 (10).jpg,0.98033524,1
0682 (2).jpg,test\REAL\0682 (2).jpg,0.9999864,1
0682 (3).jpg,test\REAL\0682 (3).jpg,1.0,1
0682 (4).jpg,test\REAL\0682 (4).jpg,0.99999976,1
0682 (5).jpg,test\REAL\0682 (5).jpg,1.0,1
0682 (6).jpg,test\REAL\0682 (6).jpg,1.0,1
0682 (7).jpg,test\REAL\0682 (7).jpg,0.99997336,1
0682 (8).jpg,test\REAL\0682 (8).jpg,0.9999979,1
0682 (9).jpg,test\REAL\0682 (9).jpg,0.9973986,1
0682.jpg,test\REAL\0682.jpg,0.9999467,1
0683 (10).jpg,test\REAL\0683 (10).jpg,0.9969704,1
0683 (2).jpg,test\REAL\0683 (2).jpg,1.0,1
0683 (3).jpg,test\REAL\0683 (3).jpg,0.53945637,1
0683 (4).jpg,test\REAL\0683 (4).jpg,1.0,1
0683 (5).jpg,test\REAL\0683 (5).jpg,0.99964666,1
0683 (6).jpg,test\REAL\0683 (6).jpg,0.9992728,1
0683 (7).jpg,test\REAL\0683 (7).jpg,0.31256154,0
0683 (8).jpg,test\REAL\0683 (8).jpg,0.99997866,1
0683 (9).jpg,test\REAL\0683 (9).jpg,1.0,1
0683.jpg,test\REAL\0683.jpg,0.99790484,1
0684 (10).jpg,test\REAL\0684 (10).jpg,0.9999324,1
0684 (2).jpg,test\REAL\0684 (2).jpg,1.0,1
0684 (3).jpg,test\REAL\0684 (3).jpg,0.99014115,1
0684 (4).jpg,test\REAL\0684 (4).jpg,0.99926233,1
0684 (5).jpg,test\REAL\0684 (5).jpg,1.0,1
0684 (6).jpg,test\REAL\0684 (6).jpg,0.99952894,1
0684 (7).jpg,test\REAL\0684 (7).jpg,1.0,1
0684 (8).jpg,test\REAL\0684 (8).jpg,0.99996734,1
0684 (9).jpg,test\REAL\0684 (9).jpg,0.9994404,1
0684.jpg,test\REAL\0684.jpg,0.9999807,1
0685 (10).jpg,test\REAL\0685 (10).jpg,0.76199186,1
0685 (2).jpg,test\REAL\0685 (2).jpg,1.0,1
0685 (3).jpg,test\REAL\0685 (3).jpg,1.0,1
0685 (4).jpg,test\REAL\0685 (4).jpg,0.99999994,1
0685 (5).jpg,test\REAL\0685 (5).jpg,1.0,1
0685 (6).jpg,test\REAL\0685 (6).jpg,1.0,1
0685 (7).jpg,test\REAL\0685 (7).jpg,0.9999925,1
0685 (8).jpg,test\REAL\0685 (8).jpg,0.9999764,1
0685 (9).jpg,test\REAL\0685 (9).jpg,0.24430999,0
0685.jpg,test\REAL\0685.jpg,1.0,1
0686 (10).jpg,test\REAL\0686 (10).jpg,0.3249544,0
0686 (2).jpg,test\REAL\0686 (2).jpg,0.99959445,1
0686 (3).jpg,test\REAL\0686 (3).jpg,1.0,1
0686 (4).jpg,test\REAL\0686 (4).jpg,1.0,1
0686 (5).jpg,test\REAL\0686 (5).jpg,1.0,1
0686 (6).jpg,test\REAL\0686 (6).jpg,0.99946904,1
0686 (7).jpg,test\REAL\0686 (7).jpg,1.0,1
0686 (8).jpg,test\REAL\0686 (8).jpg,1.0,1
0686 (9).jpg,test\REAL\0686 (9).jpg,0.0009627342,0
0686.jpg,test\REAL\0686.jpg,0.9999889,1
0687 (10).jpg,test\REAL\0687 (10).jpg,0.5387387,1
0687 (2).jpg,test\REAL\0687 (2).jpg,1.0,1
0687 (3).jpg,test\REAL\0687 (3).jpg,0.08578214,0
0687 (4).jpg,test\REAL\0687 (4).jpg,1.0,1
0687 (5).jpg,test\REAL\0687 (5).jpg,0.3791671,0
0687 (6).jpg,test\REAL\0687 (6).jpg,1.0,1
0687 (7).jpg,test\REAL\0687 (7).jpg,0.9999581,1
0687 (8).jpg,test\REAL\0687 (8).jpg,0.58112985,1
0687 (9).jpg,test\REAL\0687 (9).jpg,0.96787095,1
0687.jpg,test\REAL\0687.jpg,1.0,1
0688 (10).jpg,test\REAL\0688 (10).jpg,0.9808308,1
0688 (2).jpg,test\REAL\0688 (2).jpg,1.0,1
0688 (3).jpg,test\REAL\0688 (3).jpg,0.9701894,1
0688 (4).jpg,test\REAL\0688 (4).jpg,1.0,1
0688 (5).jpg,test\REAL\0688 (5).jpg,0.8029205,1
0688 (6).jpg,test\REAL\0688 (6).jpg,1.0,1
0688 (7).jpg,test\REAL\0688 (7).jpg,0.9999995,1
0688 (8).jpg,test\REAL\0688 (8).jpg,1.0,1
0688 (9).jpg,test\REAL\0688 (9).jpg,1.0,1
0688.jpg,test\REAL\0688.jpg,0.6806751,1
0689 (10).jpg,test\REAL\0689 (10).jpg,0.99893975,1
0689 (2).jpg,test\REAL\0689 (2).jpg,0.99999964,1
0689 (3).jpg,test\REAL\0689 (3).jpg,0.35730702,0
0689 (4).jpg,test\REAL\0689 (4).jpg,0.004029572,0
0689 (5).jpg,test\REAL\0689 (5).jpg,1.0,1
0689 (6).jpg,test\REAL\0689 (6).jpg,1.0,1
0689 (7).jpg,test\REAL\0689 (7).jpg,0.9983909,1
0689 (8).jpg,test\REAL\0689 (8).jpg,1.0,1
0689 (9).jpg,test\REAL\0689 (9).jpg,0.3881467,0
0689.jpg,test\REAL\0689.jpg,0.14965126,0
0690 (10).jpg,test\REAL\0690 (10).jpg,0.1122227,0
0690 (2).jpg,test\REAL\0690 (2).jpg,1.0,1
0690 (3).jpg,test\REAL\0690 (3).jpg,0.9995718,1
0690 (4).jpg,test\REAL\0690 (4).jpg,0.9996467,1
0690 (5).jpg,test\REAL\0690 (5).jpg,1.0,1
0690 (6).jpg,test\REAL\0690 (6).jpg,0.49648982,0
0690 (7).jpg,test\REAL\0690 (7).jpg,0.025111556,0
0690 (8).jpg,test\REAL\0690 (8).jpg,1.0,1
0690 (9).jpg,test\REAL\0690 (9).jpg,0.9999988,1
0690.jpg,test\REAL\0690.jpg,0.99999994,1
0691 (10).jpg,test\REAL\0691 (10).jpg,1.0,1
0691 (2).jpg,test\REAL\0691 (2).jpg,8.8870525e-05,0
0691 (3).jpg,test\REAL\0691 (3).jpg,0.9997051,1
0691 (4).jpg,test\REAL\0691 (4).jpg,0.13504732,0
0691 (5).jpg,test\REAL\0691 (5).jpg,0.8413284,1
0691 (6).jpg,test\REAL\0691 (6).jpg,1.0,1
0691 (7).jpg,test\REAL\0691 (7).jpg,0.99683034,1
0691 (8).jpg,test\REAL\0691 (8).jpg,0.21199644,0
0691 (9).jpg,test\REAL\0691 (9).jpg,5.3942204e-06,0
0691.jpg,test\REAL\0691.jpg,1.0,1
0692 (10).jpg,test\REAL\0692 (10).jpg,0.9843055,1
0692 (2).jpg,test\REAL\0692 (2).jpg,1.0,1
0692 (3).jpg,test\REAL\0692 (3).jpg,1.0,1
0692 (4).jpg,test\REAL\0692 (4).jpg,1.0,1
0692 (5).jpg,test\REAL\0692 (5).jpg,0.99987745,1
0692 (6).jpg,test\REAL\0692 (6).jpg,1.0,1
0692 (7).jpg,test\REAL\0692 (7).jpg,0.992694,1
0692 (8).jpg,test\REAL\0692 (8).jpg,0.9999969,1
0692 (9).jpg,test\REAL\0692 (9).jpg,0.99999964,1
0692.jpg,test\REAL\0692.jpg,1.0,1
0693 (10).jpg,test\REAL\0693 (10).jpg,1.0,1
0693 (2).jpg,test\REAL\0693 (2).jpg,0.9993056,1
0693 (3).jpg,test\REAL\0693 (3).jpg,0.9999706,1
0693 (4).jpg,test\REAL\0693 (4).jpg,0.9912559,1
0693 (5).jpg,test\REAL\0693 (5).jpg,1.0,1
0693 (6).jpg,test\REAL\0693 (6).jpg,1.0,1
0693 (7).jpg,test\REAL\0693 (7).jpg,1.0,1
0693 (8).jpg,test\REAL\0693 (8).jpg,1.0,1
0693 (9).jpg,test\REAL\0693 (9).jpg,1.0,1
0693.jpg,test\REAL\0693.jpg,0.99999905,1
0694 (10).jpg,test\REAL\0694 (10).jpg,0.11870921,0
0694 (2).jpg,test\REAL\0694 (2).jpg,0.9566219,1
0694 (3).jpg,test\REAL\0694 (3).jpg,0.008595586,0
0694 (4).jpg,test\REAL\0694 (4).jpg,1.0,1
0694 (5).jpg,test\REAL\0694 (5).jpg,1.0,1
0694 (6).jpg,test\REAL\0694 (6).jpg,0.99990517,1
0694 (7).jpg,test\REAL\0694 (7).jpg,1.0,1
0694 (8).jpg,test\REAL\0694 (8).jpg,0.00813657,0
0694 (9).jpg,test\REAL\0694 (9).jpg,1.0,1
0694.jpg,test\REAL\0694.jpg,1.0,1
0695 (10).jpg,test\REAL\0695 (10).jpg,0.9470433,1
0695 (2).jpg,test\REAL\0695 (2).jpg,2.682209e-07,0
0695 (3).jpg,test\REAL\0695 (3).jpg,1.0,1
0695 (4).jpg,test\REAL\0695 (4).jpg,1.0,1
0695 (5).jpg,test\REAL\0695 (5).jpg,0.9006427,1
0695 (6).jpg,test\REAL\0695 (6).jpg,1.0,1
0695 (7).jpg,test\REAL\0695 (7).jpg,0.95384693,1
0695 (8).jpg,test\REAL\0695 (8).jpg,0.2633379,0
0695 (9).jpg,test\REAL\0695 (9).jpg,1.0,1
0695.jpg,test\REAL\0695.jpg,1.0,1
0696 (10).jpg,test\REAL\0696 (10).jpg,0.12637809,0
0696 (2).jpg,test\REAL\0696 (2).jpg,1.0,1
0696 (3).jpg,test\REAL\0696 (3).jpg,1.0,1
0696 (4).jpg,test\REAL\0696 (4).jpg,1.0,1
0696 (5).jpg,test\REAL\0696 (5).jpg,1.0,1
0696 (6).jpg,test\REAL\0696 (6).jpg,0.9998332,1
0696 (7).jpg,test\REAL\0696 (7).jpg,0.6239294,1
0696 (8).jpg,test\REAL\0696 (8).jpg,0.88844275,1
0696 (9).jpg,test\REAL\0696 (9).jpg,0.99994457,1
0696.jpg,test\REAL\0696.jpg,0.9994915,1
0697 (10).jpg,test\REAL\0697 (10).jpg,0.99992186,1
0697 (2).jpg,test\REAL\0697 (2).jpg,1.0,1
0697 (3).jpg,test\REAL\0697 (3).jpg,0.8799472,1
0697 (4).jpg,test\REAL\0697 (4).jpg,0.9869741,1
0697 (5).jpg,test\REAL\0697 (5).jpg,0.99969965,1
0697 (6).jpg,test\REAL\0697 (6).jpg,1.0,1
0697 (7).jpg,test\REAL\0697 (7).jpg,0.9999997,1
0697 (8).jpg,test\REAL\0697 (8).jpg,0.9986156,1
0697 (9).jpg,test\REAL\0697 (9).jpg,0.9999943,1
0697.jpg,test\REAL\0697.jpg,1.0,1
0698 (10).jpg,test\REAL\0698 (10).jpg,1.0,1
0698 (2).jpg,test\REAL\0698 (2).jpg,0.9862027,1
0698 (3).jpg,test\REAL\0698 (3).jpg,0.97325253,1
0698 (4).jpg,test\REAL\0698 (4).jpg,0.9999931,1
0698 (5).jpg,test\REAL\0698 (5).jpg,1.0,1
0698 (6).jpg,test\REAL\0698 (6).jpg,0.99999976,1
0698 (7).jpg,test\REAL\0698 (7).jpg,1.0,1
0698 (8).jpg,test\REAL\0698 (8).jpg,1.0,1
0698 (9).jpg,test\REAL\0698 (9).jpg,1.0,1
0698.jpg,test\REAL\0698.jpg,0.9999999,1
0699 (10).jpg,test\REAL\0699 (10).jpg,0.9999852,1
0699 (2).jpg,test\REAL\0699 (2).jpg,0.71259606,1
0699 (3).jpg,test\REAL\0699 (3).jpg,0.99996203,1
0699 (4).jpg,test\REAL\0699 (4).jpg,1.0,1
0699 (5).jpg,test\REAL\0699 (5).jpg,0.99999857,1
0699 (6).jpg,test\REAL\0699 (6).jpg,0.984734,1
0699 (7).jpg,test\REAL\0699 (7).jpg,0.99990976,1
0699 (8).jpg,test\REAL\0699 (8).jpg,1.0,1
0699 (9).jpg,test\REAL\0699 (9).jpg,1.0,1
0699.jpg,test\REAL\0699.jpg,0.99997616,1
0700 (10).jpg,test\REAL\0700 (10).jpg,0.9975778,1
0700 (2).jpg,test\REAL\0700 (2).jpg,1.0,1
0700 (3).jpg,test\REAL\0700 (3).jpg,1.0,1
0700 (4).jpg,test\REAL\0700 (4).jpg,1.0,1
0700 (5).jpg,test\REAL\0700 (5).jpg,0.99922425,1
0700 (6).jpg,test\REAL\0700 (6).jpg,1.0,1
0700 (7).jpg,test\REAL\0700 (7).jpg,1.0,1
0700 (8).jpg,test\REAL\0700 (8).jpg,0.9890001,1
0700 (9).jpg,test\REAL\0700 (9).jpg,1.0,1
0700.jpg,test\REAL\0700.jpg,1.0,1
0701 (10).jpg,test\REAL\0701 (10).jpg,0.1910299,0
0701 (2).jpg,test\REAL\0701 (2).jpg,0.902295,1
0701 (3).jpg,test\REAL\0701 (3).jpg,0.68709296,1
0701 (4).jpg,test\REAL\0701 (4).jpg,1.0,1
0701 (5).jpg,test\REAL\0701 (5).jpg,1.0,1
0701 (6).jpg,test\REAL\0701 (6).jpg,1.0,1
0701 (7).jpg,test\REAL\0701 (7).jpg,0.9999998,1
0701 (8).jpg,test\REAL\0701 (8).jpg,1.0,1
0701 (9).jpg,test\REAL\0701 (9).jpg,1.0,1
0701.jpg,test\REAL\0701.jpg,0.00030049682,0
0702 (10).jpg,test\REAL\0702 (10).jpg,0.99996006,1
0702 (2).jpg,test\REAL\0702 (2).jpg,0.98103666,1
0702 (3).jpg,test\REAL\0702 (3).jpg,0.9999999,1
0702 (4).jpg,test\REAL\0702 (4).jpg,0.99999857,1
0702 (5).jpg,test\REAL\0702 (5).jpg,0.99997663,1
0702 (6).jpg,test\REAL\0702 (6).jpg,0.99856734,1
0702 (7).jpg,test\REAL\0702 (7).jpg,0.36618075,0
0702 (8).jpg,test\REAL\0702 (8).jpg,0.9999715,1
0702 (9).jpg,test\REAL\0702 (9).jpg,0.9967122,1
0702.jpg,test\REAL\0702.jpg,0.9999976,1
0703 (10).jpg,test\REAL\0703 (10).jpg,0.99999994,1
0703 (2).jpg,test\REAL\0703 (2).jpg,0.9780873,1
0703 (3).jpg,test\REAL\0703 (3).jpg,1.0,1
0703 (4).jpg,test\REAL\0703 (4).jpg,0.99824303,1
0703 (5).jpg,test\REAL\0703 (5).jpg,1.0,1
0703 (6).jpg,test\REAL\0703 (6).jpg,0.99999905,1
0703 (7).jpg,test\REAL\0703 (7).jpg,0.9999999,1
0703 (8).jpg,test\REAL\0703 (8).jpg,1.0,1
0703 (9).jpg,test\REAL\0703 (9).jpg,0.48979336,0
0703.jpg,test\REAL\0703.jpg,1.0,1
0704 (10).jpg,test\REAL\0704 (10).jpg,1.0,1
0704 (2).jpg,test\REAL\0704 (2).jpg,0.0,0
0704 (3).jpg,test\REAL\0704 (3).jpg,0.9999975,1
0704 (4).jpg,test\REAL\0704 (4).jpg,0.9949814,1
0704 (5).jpg,test\REAL\0704 (5).jpg,0.9999999,1
0704 (6).jpg,test\REAL\0704 (6).jpg,0.9999974,1
0704 (7).jpg,test\REAL\0704 (7).jpg,0.9999758,1
0704 (8).jpg,test\REAL\0704 (8).jpg,0.81392086,1
0704 (9).jpg,test\REAL\0704 (9).jpg,0.99881303,1
0704.jpg,test\REAL\0704.jpg,1.0,1
0705 (10).jpg,test\REAL\0705 (10).jpg,0.99985945,1
0705 (2).jpg,test\REAL\0705 (2).jpg,0.4163187,0
0705 (3).jpg,test\REAL\0705 (3).jpg,0.99826765,1
0705 (4).jpg,test\REAL\0705 (4).jpg,0.99999905,1
0705 (5).jpg,test\REAL\0705 (5).jpg,0.22086674,0
0705 (6).jpg,test\REAL\0705 (6).jpg,1.0,1
0705 (7).jpg,test\REAL\0705 (7).jpg,1.0,1
0705 (8).jpg,test\REAL\0705 (8).jpg,1.0,1
0705 (9).jpg,test\REAL\0705 (9).jpg,0.9999997,1
0705.jpg,test\REAL\0705.jpg,0.99999976,1
0706 (10).jpg,test\REAL\0706 (10).jpg,1.0,1
0706 (2).jpg,test\REAL\0706 (2).jpg,1.0,1
0706 (3).jpg,test\REAL\0706 (3).jpg,1.0,1
0706 (4).jpg,test\REAL\0706 (4).jpg,1.0,1
0706 (5).jpg,test\REAL\0706 (5).jpg,1.0,1
0706 (6).jpg,test\REAL\0706 (6).jpg,0.9999999,1
0706 (7).jpg,test\REAL\0706 (7).jpg,1.0,1
0706 (8).jpg,test\REAL\0706 (8).jpg,1.0,1
0706 (9).jpg,test\REAL\0706 (9).jpg,1.0,1
0706.jpg,test\REAL\0706.jpg,0.037908852,0
0707 (10).jpg,test\REAL\0707 (10).jpg,1.0,1
0707 (2).jpg,test\REAL\0707 (2).jpg,1.0,1
0707 (3).jpg,test\REAL\0707 (3).jpg,0.99997896,1
0707 (4).jpg,test\REAL\0707 (4).jpg,1.0,1
0707 (5).jpg,test\REAL\0707 (5).jpg,0.99427736,1
0707 (6).jpg,test\REAL\0707 (6).jpg,1.0,1
0707 (7).jpg,test\REAL\0707 (7).jpg,0.99999756,1
0707 (8).jpg,test\REAL\0707 (8).jpg,1.0,1
0707 (9).jpg,test\REAL\0707 (9).jpg,1.0,1
0707.jpg,test\REAL\0707.jpg,0.94865274,1
0708 (10).jpg,test\REAL\0708 (10).jpg,1.0,1
0708 (2).jpg,test\REAL\0708 (2).jpg,1.0,1
0708 (3).jpg,test\REAL\0708 (3).jpg,1.0,1
0708 (4).jpg,test\REAL\0708 (4).jpg,0.8590552,1
0708 (5).jpg,test\REAL\0708 (5).jpg,0.99336207,1
0708 (6).jpg,test\REAL\0708 (6).jpg,0.97889805,1
0708 (7).jpg,test\REAL\0708 (7).jpg,1.0,1
0708 (8).jpg,test\REAL\0708 (8).jpg,1.0,1
0708 (9).jpg,test\REAL\0708 (9).jpg,0.5264926,1
0708.jpg,test\REAL\0708.jpg,0.99998045,1
0709 (10).jpg,test\REAL\0709 (10).jpg,1.0,1
0709 (2).jpg,test\REAL\0709 (2).jpg,0.99999976,1
0709 (3).jpg,test\REAL\0709 (3).jpg,0.99195135,1
0709 (4).jpg,test\REAL\0709 (4).jpg,0.9981797,1
0709 (5).jpg,test\REAL\0709 (5).jpg,0.99986565,1
0709 (6).jpg,test\REAL\0709 (6).jpg,0.99996334,1
0709 (7).jpg,test\REAL\0709 (7).jpg,0.9975854,1
0709 (8).jpg,test\REAL\0709 (8).jpg,1.0,1
0709 (9).jpg,test\REAL\0709 (9).jpg,0.83105755,1
0709.jpg,test\REAL\0709.jpg,1.0,1
0710 (10).jpg,test\REAL\0710 (10).jpg,1.0,1
0710 (2).jpg,test\REAL\0710 (2).jpg,0.99998736,1
0710 (3).jpg,test\REAL\0710 (3).jpg,0.44664726,0
0710 (4).jpg,test\REAL\0710 (4).jpg,1.0,1
0710 (5).jpg,test\REAL\0710 (5).jpg,0.99720514,1
0710 (6).jpg,test\REAL\0710 (6).jpg,0.9814348,1
0710 (7).jpg,test\REAL\0710 (7).jpg,0.868868,1
0710 (8).jpg,test\REAL\0710 (8).jpg,0.99989164,1
0710 (9).jpg,test\REAL\0710 (9).jpg,1.0,1
0710.jpg,test\REAL\0710.jpg,0.9991653,1
0711 (10).jpg,test\REAL\0711 (10).jpg,1.0,1
0711 (2).jpg,test\REAL\0711 (2).jpg,0.99958444,1
0711 (3).jpg,test\REAL\0711 (3).jpg,0.8600044,1
0711 (4).jpg,test\REAL\0711 (4).jpg,1.0,1
0711 (5).jpg,test\REAL\0711 (5).jpg,0.99999774,1
0711 (6).jpg,test\REAL\0711 (6).jpg,0.024480551,0
0711 (7).jpg,test\REAL\0711 (7).jpg,0.24934512,0
0711 (8).jpg,test\REAL\0711 (8).jpg,1.0,1
0711 (9).jpg,test\REAL\0711 (9).jpg,0.99732447,1
0711.jpg,test\REAL\0711.jpg,0.9996713,1
0712 (10).jpg,test\REAL\0712 (10).jpg,0.9999965,1
0712 (2).jpg,test\REAL\0712 (2).jpg,0.11379182,0
0712 (3).jpg,test\REAL\0712 (3).jpg,0.6828413,1
0712 (4).jpg,test\REAL\0712 (4).jpg,1.0,1
0712 (5).jpg,test\REAL\0712 (5).jpg,1.0,1
0712 (6).jpg,test\REAL\0712 (6).jpg,1.0,1
0712 (7).jpg,test\REAL\0712 (7).jpg,0.89473593,1
0712 (8).jpg,test\REAL\0712 (8).jpg,0.9956372,1
0712 (9).jpg,test\REAL\0712 (9).jpg,0.93728495,1
0712.jpg,test\REAL\0712.jpg,0.4826557,0
0713 (10).jpg,test\REAL\0713 (10).jpg,1.0,1
0713 (2).jpg,test\REAL\0713 (2).jpg,1.0,1
0713 (3).jpg,test\REAL\0713 (3).jpg,1.0,1
0713 (4).jpg,test\REAL\0713 (4).jpg,1.0,1
0713 (5).jpg,test\REAL\0713 (5).jpg,0.99983066,1
0713 (6).jpg,test\REAL\0713 (6).jpg,0.97390187,1
0713 (7).jpg,test\REAL\0713 (7).jpg,1.0,1
0713 (8).jpg,test\REAL\0713 (8).jpg,0.9984089,1
0713 (9).jpg,test\REAL\0713 (9).jpg,1.0,1
0713.jpg,test\REAL\0713.jpg,1.0,1
0714 (10).jpg,test\REAL\0714 (10).jpg,0.99998367,1
0714 (2).jpg,test\REAL\0714 (2).jpg,0.8518256,1
0714 (3).jpg,test\REAL\0714 (3).jpg,1.0,1
0714 (4).jpg,test\REAL\0714 (4).jpg,1.0,1
0714 (5).jpg,test\REAL\0714 (5).jpg,1.0,1
0714 (6).jpg,test\REAL\0714 (6).jpg,0.99999976,1
0714 (7).jpg,test\REAL\0714 (7).jpg,0.9998623,1
0714 (8).jpg,test\REAL\0714 (8).jpg,0.36295718,0
0714 (9).jpg,test\REAL\0714 (9).jpg,1.0,1
0714.jpg,test\REAL\0714.jpg,0.9999974,1
0715 (10).jpg,test\REAL\0715 (10).jpg,0.16797927,0
0715 (2).jpg,test\REAL\0715 (2).jpg,1.0,1
0715 (3).jpg,test\REAL\0715 (3).jpg,0.9941889,1
0715 (4).jpg,test\REAL\0715 (4).jpg,0.99995375,1
0715 (5).jpg,test\REAL\0715 (5).jpg,1.0,1
0715 (6).jpg,test\REAL\0715 (6).jpg,0.99999976,1
0715 (7).jpg,test\REAL\0715 (7).jpg,0.99991035,1
0715 (8).jpg,test\REAL\0715 (8).jpg,0.9999888,1
0715 (9).jpg,test\REAL\0715 (9).jpg,1.0,1
0715.jpg,test\REAL\0715.jpg,1.0,1
0716 (10).jpg,test\REAL\0716 (10).jpg,1.0,1
0716 (2).jpg,test\REAL\0716 (2).jpg,0.9999764,1
0716 (3).jpg,test\REAL\0716 (3).jpg,0.9850302,1
0716 (4).jpg,test\REAL\0716 (4).jpg,1.0,1
0716 (5).jpg,test\REAL\0716 (5).jpg,1.0,1
0716 (6).jpg,test\REAL\0716 (6).jpg,0.99999774,1
0716 (7).jpg,test\REAL\0716 (7).jpg,1.0,1
0716 (8).jpg,test\REAL\0716 (8).jpg,0.99947786,1
0716 (9).jpg,test\REAL\0716 (9).jpg,0.19408485,0
0716.jpg,test\REAL\0716.jpg,1.0,1
0717 (10).jpg,test\REAL\0717 (10).jpg,1.0,1
0717 (2).jpg,test\REAL\0717 (2).jpg,1.0,1
0717 (3).jpg,test\REAL\0717 (3).jpg,1.0,1
0717 (4).jpg,test\REAL\0717 (4).jpg,0.2759981,0
0717 (5).jpg,test\REAL\0717 (5).jpg,1.0,1
0717 (6).jpg,test\REAL\0717 (6).jpg,0.9999826,1
0717 (7).jpg,test\REAL\0717 (7).jpg,0.9999997,1
0717 (8).jpg,test\REAL\0717 (8).jpg,1.0,1
0717 (9).jpg,test\REAL\0717 (9).jpg,1.0,1
0717.jpg,test\REAL\0717.jpg,0.98646677,1
0718 (10).jpg,test\REAL\0718 (10).jpg,1.0,1
0718 (2).jpg,test\REAL\0718 (2).jpg,0.999976,1
0718 (3).jpg,test\REAL\0718 (3).jpg,0.5671023,1
0718 (4).jpg,test\REAL\0718 (4).jpg,0.61101633,1
0718 (5).jpg,test\REAL\0718 (5).jpg,1.0,1
0718 (6).jpg,test\REAL\0718 (6).jpg,1.0,1
0718 (7).jpg,test\REAL\0718 (7).jpg,0.9999336,1
0718 (8).jpg,test\REAL\0718 (8).jpg,1.0,1
0718 (9).jpg,test\REAL\0718 (9).jpg,1.0,1
0718.jpg,test\REAL\0718.jpg,1.0,1
0719 (10).jpg,test\REAL\0719 (10).jpg,0.9999957,1
0719 (2).jpg,test\REAL\0719 (2).jpg,0.9236931,1
0719 (3).jpg,test\REAL\0719 (3).jpg,0.00021386147,0
0719 (4).jpg,test\REAL\0719 (4).jpg,1.0,1
0719 (5).jpg,test\REAL\0719 (5).jpg,1.0,1
0719 (6).jpg,test\REAL\0719 (6).jpg,1.0,1
0719 (7).jpg,test\REAL\0719 (7).jpg,0.9999993,1
0719 (8).jpg,test\REAL\0719 (8).jpg,1.0,1
0719 (9).jpg,test\REAL\0719 (9).jpg,1.0,1
0719.jpg,test\REAL\0719.jpg,0.99975103,1
0720 (10).jpg,test\REAL\0720 (10).jpg,0.9999999,1
0720 (2).jpg,test\REAL\0720 (2).jpg,0.6629101,1
0720 (3).jpg,test\REAL\0720 (3).jpg,0.2531327,0
0720 (4).jpg,test\REAL\0720 (4).jpg,0.99854505,1
0720 (5).jpg,test\REAL\0720 (5).jpg,1.0,1
0720 (6).jpg,test\REAL\0720 (6).jpg,1.0,1
0720 (7).jpg,test\REAL\0720 (7).jpg,1.0,1
0720 (8).jpg,test\REAL\0720 (8).jpg,1.0,1
0720 (9).jpg,test\REAL\0720 (9).jpg,1.0,1
0720.jpg,test\REAL\0720.jpg,1.0,1
0721 (10).jpg,test\REAL\0721 (10).jpg,0.99996793,1
0721 (2).jpg,test\REAL\0721 (2).jpg,0.9355811,1
0721 (3).jpg,test\REAL\0721 (3).jpg,0.9999971,1
0721 (4).jpg,test\REAL\0721 (4).jpg,0.012509614,0
0721 (5).jpg,test\REAL\0721 (5).jpg,0.00046613812,0
0721 (6).jpg,test\REAL\0721 (6).jpg,1.0,1
0721 (7).jpg,test\REAL\0721 (7).jpg,1.0,1
0721 (8).jpg,test\REAL\0721 (8).jpg,0.9999962,1
0721 (9).jpg,test\REAL\0721 (9).jpg,0.9999267,1
0721.jpg,test\REAL\0721.jpg,1.0,1
0722 (10).jpg,test\REAL\0722 (10).jpg,0.73248476,1
0722 (2).jpg,test\REAL\0722 (2).jpg,1.0,1
0722 (3).jpg,test\REAL\0722 (3).jpg,0.9999931,1
0722 (4).jpg,test\REAL\0722 (4).jpg,1.0,1
0722 (5).jpg,test\REAL\0722 (5).jpg,1.0,1
0722 (6).jpg,test\REAL\0722 (6).jpg,1.0,1
0722 (7).jpg,test\REAL\0722 (7).jpg,0.9995787,1
0722 (8).jpg,test\REAL\0722 (8).jpg,1.0,1
0722 (9).jpg,test\REAL\0722 (9).jpg,1.0,1
0722.jpg,test\REAL\0722.jpg,1.0,1
0723 (10).jpg,test\REAL\0723 (10).jpg,0.9999999,1
0723 (2).jpg,test\REAL\0723 (2).jpg,1.0,1
0723 (3).jpg,test\REAL\0723 (3).jpg,0.09718409,0
0723 (4).jpg,test\REAL\0723 (4).jpg,1.0,1
0723 (5).jpg,test\REAL\0723 (5).jpg,0.99986076,1
0723 (6).jpg,test\REAL\0723 (6).jpg,1.0,1
0723 (7).jpg,test\REAL\0723 (7).jpg,0.9999993,1
0723 (8).jpg,test\REAL\0723 (8).jpg,1.0,1
0723 (9).jpg,test\REAL\0723 (9).jpg,0.9999844,1
0723.jpg,test\REAL\0723.jpg,0.999997,1
0724 (10).jpg,test\REAL\0724 (10).jpg,0.9999989,1
0724 (2).jpg,test\REAL\0724 (2).jpg,1.0,1
0724 (3).jpg,test\REAL\0724 (3).jpg,0.9999865,1
0724 (4).jpg,test\REAL\0724 (4).jpg,0.22629818,0
0724 (5).jpg,test\REAL\0724 (5).jpg,1.0,1
0724 (6).jpg,test\REAL\0724 (6).jpg,0.9100611,1
0724 (7).jpg,test\REAL\0724 (7).jpg,1.0,1
0724 (8).jpg,test\REAL\0724 (8).jpg,0.98435056,1
0724 (9).jpg,test\REAL\0724 (9).jpg,0.9999999,1
0724.jpg,test\REAL\0724.jpg,1.0,1
0725 (10).jpg,test\REAL\0725 (10).jpg,0.99747276,1
0725 (2).jpg,test\REAL\0725 (2).jpg,1.0,1
0725 (3).jpg,test\REAL\0725 (3).jpg,0.9872034,1
0725 (4).jpg,test\REAL\0725 (4).jpg,0.97709143,1
0725 (5).jpg,test\REAL\0725 (5).jpg,1.0,1
0725 (6).jpg,test\REAL\0725 (6).jpg,1.0,1
0725 (7).jpg,test\REAL\0725 (7).jpg,1.0,1
0725 (8).jpg,test\REAL\0725 (8).jpg,1.0,1
0725 (9).jpg,test\REAL\0725 (9).jpg,0.9994885,1
0725.jpg,test\REAL\0725.jpg,0.9999999,1
0726 (10).jpg,test\REAL\0726 (10).jpg,0.99999106,1
0726 (2).jpg,test\REAL\0726 (2).jpg,0.9999699,1
0726 (3).jpg,test\REAL\0726 (3).jpg,0.99999976,1
0726 (4).jpg,test\REAL\0726 (4).jpg,0.99999857,1
0726 (5).jpg,test\REAL\0726 (5).jpg,0.99611044,1
0726 (6).jpg,test\REAL\0726 (6).jpg,1.0,1
0726 (7).jpg,test\REAL\0726 (7).jpg,0.005809307,0
0726 (8).jpg,test\REAL\0726 (8).jpg,0.72559273,1
0726 (9).jpg,test\REAL\0726 (9).jpg,1.0,1
0726.jpg,test\REAL\0726.jpg,1.0,1
0727 (10).jpg,test\REAL\0727 (10).jpg,1.0,1
0727 (2).jpg,test\REAL\0727 (2).jpg,0.46361098,0
0727 (3).jpg,test\REAL\0727 (3).jpg,0.99998176,1
0727 (4).jpg,test\REAL\0727 (4).jpg,0.9907639,1
0727 (5).jpg,test\REAL\0727 (5).jpg,1.0,1
0727 (6).jpg,test\REAL\0727 (6).jpg,0.9998881,1
0727 (7).jpg,test\REAL\0727 (7).jpg,0.7470599,1
0727 (8).jpg,test\REAL\0727 (8).jpg,0.30039504,0
0727 (9).jpg,test\REAL\0727 (9).jpg,0.9996748,1
0727.jpg,test\REAL\0727.jpg,0.0004195571,0
0728 (10).jpg,test\REAL\0728 (10).jpg,1.0,1
0728 (2).jpg,test\REAL\0728 (2).jpg,1.0,1
0728 (3).jpg,test\REAL\0728 (3).jpg,1.0,1
0728 (4).jpg,test\REAL\0728 (4).jpg,1.0,1
0728 (5).jpg,test\REAL\0728 (5).jpg,0.99999964,1
0728 (6).jpg,test\REAL\0728 (6).jpg,1.0,1
0728 (7).jpg,test\REAL\0728 (7).jpg,0.9549134,1
0728 (8).jpg,test\REAL\0728 (8).jpg,0.48102546,0
0728 (9).jpg,test\REAL\0728 (9).jpg,0.9787875,1
0728.jpg,test\REAL\0728.jpg,1.0,1
0729 (10).jpg,test\REAL\0729 (10).jpg,0.99999994,1
0729 (2).jpg,test\REAL\0729 (2).jpg,0.9294636,1
0729 (3).jpg,test\REAL\0729 (3).jpg,0.8438927,1
0729 (4).jpg,test\REAL\0729 (4).jpg,0.9992424,1
0729 (5).jpg,test\REAL\0729 (5).jpg,1.0,1
0729 (6).jpg,test\REAL\0729 (6).jpg,0.9999989,1
0729 (7).jpg,test\REAL\0729 (7).jpg,0.9980607,1
0729 (8).jpg,test\REAL\0729 (8).jpg,1.0,1
0729 (9).jpg,test\REAL\0729 (9).jpg,0.99999464,1
0729.jpg,test\REAL\0729.jpg,0.9995352,1
0730 (10).jpg,test\REAL\0730 (10).jpg,0.9999299,1
0730 (2).jpg,test\REAL\0730 (2).jpg,1.0,1
0730 (3).jpg,test\REAL\0730 (3).jpg,0.9999998,1
0730 (4).jpg,test\REAL\0730 (4).jpg,0.9957365,1
0730 (5).jpg,test\REAL\0730 (5).jpg,0.9999951,1
0730 (6).jpg,test\REAL\0730 (6).jpg,0.99999523,1
0730 (7).jpg,test\REAL\0730 (7).jpg,1.0,1
0730 (8).jpg,test\REAL\0730 (8).jpg,1.0,1
0730 (9).jpg,test\REAL\0730 (9).jpg,0.64286196,1
0730.jpg,test\REAL\0730.jpg,0.9999349,1
0731 (10).jpg,test\REAL\0731 (10).jpg,0.99999416,1
0731 (2).jpg,test\REAL\0731 (2).jpg,1.0,1
0731 (3).jpg,test\REAL\0731 (3).jpg,0.951771,1
0731 (4).jpg,test\REAL\0731 (4).jpg,0.9998117,1
0731 (5).jpg,test\REAL\0731 (5).jpg,0.99999875,1
0731 (6).jpg,test\REAL\0731 (6).jpg,0.9014668,1
0731 (7).jpg,test\REAL\0731 (7).jpg,0.9999981,1
0731 (8).jpg,test\REAL\0731 (8).jpg,0.98362595,1
0731 (9).jpg,test\REAL\0731 (9).jpg,0.9999993,1
0731.jpg,test\REAL\0731.jpg,1.0,1
0732 (10).jpg,test\REAL\0732 (10).jpg,1.0,1
0732 (2).jpg,test\REAL\0732 (2).jpg,0.9998945,1
0732 (3).jpg,test\REAL\0732 (3).jpg,0.98665965,1
0732 (4).jpg,test\REAL\0732 (4).jpg,0.9986991,1
0732 (5).jpg,test\REAL\0732 (5).jpg,0.9999766,1
0732 (6).jpg,test\REAL\0732 (6).jpg,1.7523766e-05,0
0732 (7).jpg,test\REAL\0732 (7).jpg,0.04913041,0
0732 (8).jpg,test\REAL\0732 (8).jpg,1.0,1
0732 (9).jpg,test\REAL\0732 (9).jpg,0.9999862,1
0732.jpg,test\REAL\0732.jpg,1.0,1
0733 (10).jpg,test\REAL\0733 (10).jpg,1.0,1
0733 (2).jpg,test\REAL\0733 (2).jpg,0.99937177,1
0733 (3).jpg,test\REAL\0733 (3).jpg,1.0,1
0733 (4).jpg,test\REAL\0733 (4).jpg,1.0,1
0733 (5).jpg,test\REAL\0733 (5).jpg,1.0,1
0733 (6).jpg,test\REAL\0733 (6).jpg,1.0,1
0733 (7).jpg,test\REAL\0733 (7).jpg,1.0,1
0733 (8).jpg,test\REAL\0733 (8).jpg,0.99999964,1
0733 (9).jpg,test\REAL\0733 (9).jpg,0.22498551,0
0733.jpg,test\REAL\0733.jpg,1.0,1
0734 (10).jpg,test\REAL\0734 (10).jpg,0.99999756,1
0734 (2).jpg,test\REAL\0734 (2).jpg,1.0,1
0734 (3).jpg,test\REAL\0734 (3).jpg,0.99998283,1
0734 (4).jpg,test\REAL\0734 (4).jpg,0.99610126,1
0734 (5).jpg,test\REAL\0734 (5).jpg,1.0,1
0734 (6).jpg,test\REAL\0734 (6).jpg,1.0,1
0734 (7).jpg,test\REAL\0734 (7).jpg,1.0,1
0734 (8).jpg,test\REAL\0734 (8).jpg,0.6537274,1
0734 (9).jpg,test\REAL\0734 (9).jpg,0.999238,1
0734.jpg,test\REAL\0734.jpg,0.9963757,1
0735 (10).jpg,test\REAL\0735 (10).jpg,0.9999998,1
0735 (2).jpg,test\REAL\0735 (2).jpg,1.0,1
0735 (3).jpg,test\REAL\0735 (3).jpg,0.5155222,1
0735 (4).jpg,test\REAL\0735 (4).jpg,0.9971481,1
0735 (5).jpg,test\REAL\0735 (5).jpg,0.3199247,0
0735 (6).jpg,test\REAL\0735 (6).jpg,0.9989116,1
0735 (7).jpg,test\REAL\0735 (7).jpg,0.53303224,1
0735 (8).jpg,test\REAL\0735 (8).jpg,0.9999784,1
0735 (9).jpg,test\REAL\0735 (9).jpg,1.0,1
0735.jpg,test\REAL\0735.jpg,0.94298005,1
0736 (10).jpg,test\REAL\0736 (10).jpg,0.65762514,1
0736 (2).jpg,test\REAL\0736 (2).jpg,1.0,1
0736 (3).jpg,test\REAL\0736 (3).jpg,0.65398854,1
0736 (4).jpg,test\REAL\0736 (4).jpg,0.99999994,1
0736 (5).jpg,test\REAL\0736 (5).jpg,0.3176123,0
0736 (6).jpg,test\REAL\0736 (6).jpg,0.763029,1
0736 (7).jpg,test\REAL\0736 (7).jpg,0.8065364,1
0736 (8).jpg,test\REAL\0736 (8).jpg,0.3585166,0
0736 (9).jpg,test\REAL\0736 (9).jpg,1.0,1
0736.jpg,test\REAL\0736.jpg,0.9807041,1
0737 (10).jpg,test\REAL\0737 (10).jpg,0.9953139,1
0737 (2).jpg,test\REAL\0737 (2).jpg,1.0,1
0737 (3).jpg,test\REAL\0737 (3).jpg,0.9913023,1
0737 (4).jpg,test\REAL\0737 (4).jpg,0.9996027,1
0737 (5).jpg,test\REAL\0737 (5).jpg,1.0,1
0737 (6).jpg,test\REAL\0737 (6).jpg,1.0,1
0737 (7).jpg,test\REAL\0737 (7).jpg,0.99979365,1
0737 (8).jpg,test\REAL\0737 (8).jpg,0.99976265,1
0737 (9).jpg,test\REAL\0737 (9).jpg,0.99998814,1
0737.jpg,test\REAL\0737.jpg,0.13983077,0
0738 (10).jpg,test\REAL\0738 (10).jpg,0.9989734,1
0738 (2).jpg,test\REAL\0738 (2).jpg,0.53540766,1
0738 (3).jpg,test\REAL\0738 (3).jpg,0.00022315979,0
0738 (4).jpg,test\REAL\0738 (4).jpg,0.9999948,1
0738 (5).jpg,test\REAL\0738 (5).jpg,0.21127355,0
0738 (6).jpg,test\REAL\0738 (6).jpg,0.99963295,1
0738 (7).jpg,test\REAL\0738 (7).jpg,1.0,1
0738 (8).jpg,test\REAL\0738 (8).jpg,0.85200953,1
0738 (9).jpg,test\REAL\0738 (9).jpg,0.49690714,0
0738.jpg,test\REAL\0738.jpg,1.0,1
0739 (10).jpg,test\REAL\0739 (10).jpg,0.965217,1
0739 (2).jpg,test\REAL\0739 (2).jpg,1.0,1
0739 (3).jpg,test\REAL\0739 (3).jpg,0.94367516,1
0739 (4).jpg,test\REAL\0739 (4).jpg,0.982072,1
0739 (5).jpg,test\REAL\0739 (5).jpg,0.62160033,1
0739 (6).jpg,test\REAL\0739 (6).jpg,0.9999962,1
0739 (7).jpg,test\REAL\0739 (7).jpg,0.99996185,1
0739 (8).jpg,test\REAL\0739 (8).jpg,0.9999999,1
0739 (9).jpg,test\REAL\0739 (9).jpg,0.00029566884,0
0739.jpg,test\REAL\0739.jpg,0.9999999,1
0740 (10).jpg,test\REAL\0740 (10).jpg,1.0,1
0740 (2).jpg,test\REAL\0740 (2).jpg,1.0,1
0740 (3).jpg,test\REAL\0740 (3).jpg,0.48085418,0
0740 (4).jpg,test\REAL\0740 (4).jpg,0.99999416,1
0740 (5).jpg,test\REAL\0740 (5).jpg,0.9999447,1
0740 (6).jpg,test\REAL\0740 (6).jpg,1.0,1
0740 (7).jpg,test\REAL\0740 (7).jpg,1.0,1
0740 (8).jpg,test\REAL\0740 (8).jpg,1.0,1
0740 (9).jpg,test\REAL\0740 (9).jpg,0.0045384467,0
0740.jpg,test\REAL\0740.jpg,0.99999464,1
0741 (10).jpg,test\REAL\0741 (10).jpg,1.0,1
0741 (2).jpg,test\REAL\0741 (2).jpg,1.0,1
0741 (3).jpg,test\REAL\0741 (3).jpg,1.0,1
0741 (4).jpg,test\REAL\0741 (4).jpg,1.0,1
0741 (5).jpg,test\REAL\0741 (5).jpg,0.99971735,1
0741 (6).jpg,test\REAL\0741 (6).jpg,0.9999552,1
0741 (7).jpg,test\REAL\0741 (7).jpg,1.0,1
0741 (8).jpg,test\REAL\0741 (8).jpg,0.99996495,1
0741 (9).jpg,test\REAL\0741 (9).jpg,0.4676944,0
0741.jpg,test\REAL\0741.jpg,1.0,1
0742 (10).jpg,test\REAL\0742 (10).jpg,1.0,1
0742 (2).jpg,test\REAL\0742 (2).jpg,0.3424473,0
0742 (3).jpg,test\REAL\0742 (3).jpg,0.99983597,1
0742 (4).jpg,test\REAL\0742 (4).jpg,0.9999647,1
0742 (5).jpg,test\REAL\0742 (5).jpg,0.0224064,0
0742 (6).jpg,test\REAL\0742 (6).jpg,0.9999994,1
0742 (7).jpg,test\REAL\0742 (7).jpg,1.0,1
0742 (8).jpg,test\REAL\0742 (8).jpg,0.9999899,1
0742 (9).jpg,test\REAL\0742 (9).jpg,0.9963355,1
0742.jpg,test\REAL\0742.jpg,1.0,1
0743 (10).jpg,test\REAL\0743 (10).jpg,0.9998095,1
0743 (2).jpg,test\REAL\0743 (2).jpg,1.0,1
0743 (3).jpg,test\REAL\0743 (3).jpg,0.9931309,1
0743 (4).jpg,test\REAL\0743 (4).jpg,0.9999973,1
0743 (5).jpg,test\REAL\0743 (5).jpg,1.0,1
0743 (6).jpg,test\REAL\0743 (6).jpg,0.99999887,1
0743 (7).jpg,test\REAL\0743 (7).jpg,1.0,1
0743 (8).jpg,test\REAL\0743 (8).jpg,0.6104177,1
0743 (9).jpg,test\REAL\0743 (9).jpg,0.10096553,0
0743.jpg,test\REAL\0743.jpg,0.999998,1
0744 (10).jpg,test\REAL\0744 (10).jpg,1.0,1
0744 (2).jpg,test\REAL\0744 (2).jpg,0.92814434,1
0744 (3).jpg,test\REAL\0744 (3).jpg,0.9999498,1
0744 (4).jpg,test\REAL\0744 (4).jpg,0.9999986,1
0744 (5).jpg,test\REAL\0744 (5).jpg,1.0,1
0744 (6).jpg,test\REAL\0744 (6).jpg,0.99999917,1
0744 (7).jpg,test\REAL\0744 (7).jpg,0.99999964,1
0744 (8).jpg,test\REAL\0744 (8).jpg,0.8896048,1
0744 (9).jpg,test\REAL\0744 (9).jpg,0.9999996,1
0744.jpg,test\REAL\0744.jpg,0.99920017,1
0745 (10).jpg,test\REAL\0745 (10).jpg,1.0,1
0745 (2).jpg,test\REAL\0745 (2).jpg,0.9999998,1
0745 (3).jpg,test\REAL\0745 (3).jpg,0.7011373,1
0745 (4).jpg,test\REAL\0745 (4).jpg,1.0,1
0745 (5).jpg,test\REAL\0745 (5).jpg,0.99999976,1
0745 (6).jpg,test\REAL\0745 (6).jpg,0.9996234,1
0745 (7).jpg,test\REAL\0745 (7).jpg,0.9999905,1
0745 (8).jpg,test\REAL\0745 (8).jpg,0.0,0
0745 (9).jpg,test\REAL\0745 (9).jpg,1.0,1
0745.jpg,test\REAL\0745.jpg,0.91349083,1
0746 (10).jpg,test\REAL\0746 (10).jpg,0.9999932,1
0746 (2).jpg,test\REAL\0746 (2).jpg,1.0,1
0746 (3).jpg,test\REAL\0746 (3).jpg,0.9999832,1
0746 (4).jpg,test\REAL\0746 (4).jpg,0.9999987,1
0746 (5).jpg,test\REAL\0746 (5).jpg,0.9999976,1
0746 (6).jpg,test\REAL\0746 (6).jpg,0.998856,1
0746 (7).jpg,test\REAL\0746 (7).jpg,1.0,1
0746 (8).jpg,test\REAL\0746 (8).jpg,0.9998168,1
0746 (9).jpg,test\REAL\0746 (9).jpg,1.0,1
0746.jpg,test\REAL\0746.jpg,0.1331684,0
0747 (10).jpg,test\REAL\0747 (10).jpg,1.0,1
0747 (2).jpg,test\REAL\0747 (2).jpg,1.0,1
0747 (3).jpg,test\REAL\0747 (3).jpg,0.00067573786,0
0747 (4).jpg,test\REAL\0747 (4).jpg,0.9999598,1
0747 (5).jpg,test\REAL\0747 (5).jpg,0.9998223,1
0747 (6).jpg,test\REAL\0747 (6).jpg,1.0,1
0747 (7).jpg,test\REAL\0747 (7).jpg,0.99999934,1
0747 (8).jpg,test\REAL\0747 (8).jpg,0.002154231,0
0747 (9).jpg,test\REAL\0747 (9).jpg,1.0,1
0747.jpg,test\REAL\0747.jpg,0.9999996,1
0748 (10).jpg,test\REAL\0748 (10).jpg,1.0,1
0748 (2).jpg,test\REAL\0748 (2).jpg,0.9999691,1
0748 (3).jpg,test\REAL\0748 (3).jpg,0.9925152,1
0748 (4).jpg,test\REAL\0748 (4).jpg,0.99963975,1
0748 (5).jpg,test\REAL\0748 (5).jpg,0.99959797,1
0748 (6).jpg,test\REAL\0748 (6).jpg,0.9999975,1
0748 (7).jpg,test\REAL\0748 (7).jpg,0.99999917,1
0748 (8).jpg,test\REAL\0748 (8).jpg,1.0,1
0748 (9).jpg,test\REAL\0748 (9).jpg,0.5850381,1
0748.jpg,test\REAL\0748.jpg,0.9998474,1
0749 (10).jpg,test\REAL\0749 (10).jpg,1.0,1
0749 (2).jpg,test\REAL\0749 (2).jpg,0.9997189,1
0749 (3).jpg,test\REAL\0749 (3).jpg,0.99992585,1
0749 (4).jpg,test\REAL\0749 (4).jpg,1.0,1
0749 (5).jpg,test\REAL\0749 (5).jpg,1.0,1
0749 (6).jpg,test\REAL\0749 (6).jpg,0.99999833,1
0749 (7).jpg,test\REAL\0749 (7).jpg,0.9999996,1
0749 (8).jpg,test\REAL\0749 (8).jpg,0.0,0
0749 (9).jpg,test\REAL\0749 (9).jpg,1.0,1
0749.jpg,test\REAL\0749.jpg,0.9999796,1
0750 (10).jpg,test\REAL\0750 (10).jpg,1.0,1
0750 (2).jpg,test\REAL\0750 (2).jpg,1.0,1
0750 (3).jpg,test\REAL\0750 (3).jpg,0.9997277,1
0750 (4).jpg,test\REAL\0750 (4).jpg,0.994627,1
0750 (5).jpg,test\REAL\0750 (5).jpg,0.9998764,1
0750 (6).jpg,test\REAL\0750 (6).jpg,0.99995327,1
0750 (7).jpg,test\REAL\0750 (7).jpg,0.9999998,1
0750 (8).jpg,test\REAL\0750 (8).jpg,0.99999523,1
0750 (9).jpg,test\REAL\0750 (9).jpg,0.9999992,1
0750.jpg,test\REAL\0750.jpg,0.9999988,1
0751 (10).jpg,test\REAL\0751 (10).jpg,0.9831474,1
0751 (2).jpg,test\REAL\0751 (2).jpg,0.07323074,0
0751 (3).jpg,test\REAL\0751 (3).jpg,0.9991681,1
0751 (4).jpg,test\REAL\0751 (4).jpg,1.0,1
0751 (5).jpg,test\REAL\0751 (5).jpg,0.9999999,1
0751 (6).jpg,test\REAL\0751 (6).jpg,1.0,1
0751 (7).jpg,test\REAL\0751 (7).jpg,0.9502431,1
0751 (8).jpg,test\REAL\0751 (8).jpg,0.99999833,1
0751 (9).jpg,test\REAL\0751 (9).jpg,0.9999998,1
0751.jpg,test\REAL\0751.jpg,1.0,1
0752 (10).jpg,test\REAL\0752 (10).jpg,0.871176,1
0752 (2).jpg,test\REAL\0752 (2).jpg,0.7060578,1
0752 (3).jpg,test\REAL\0752 (3).jpg,0.99999994,1
0752 (4).jpg,test\REAL\0752 (4).jpg,0.9964007,1
0752 (5).jpg,test\REAL\0752 (5).jpg,1.0,1
0752 (6).jpg,test\REAL\0752 (6).jpg,0.9999893,1
0752 (7).jpg,test\REAL\0752 (7).jpg,1.0,1
0752 (8).jpg,test\REAL\0752 (8).jpg,1.0,1
0752 (9).jpg,test\REAL\0752 (9).jpg,0.32641277,0
0752.jpg,test\REAL\0752.jpg,1.0,1
0753 (10).jpg,test\REAL\0753 (10).jpg,1.0,1
0753 (2).jpg,test\REAL\0753 (2).jpg,1.0,1
0753 (3).jpg,test\REAL\0753 (3).jpg,0.045467168,0
0753 (4).jpg,test\REAL\0753 (4).jpg,0.14269939,0
0753 (5).jpg,test\REAL\0753 (5).jpg,0.9999999,1
0753 (6).jpg,test\REAL\0753 (6).jpg,1.0,1
0753 (7).jpg,test\REAL\0753 (7).jpg,1.0,1
0753 (8).jpg,test\REAL\0753 (8).jpg,0.6403358,1
0753 (9).jpg,test\REAL\0753 (9).jpg,0.999998,1
0753.jpg,test\REAL\0753.jpg,1.0,1
0754 (10).jpg,test\REAL\0754 (10).jpg,0.9917054,1
0754 (2).jpg,test\REAL\0754 (2).jpg,1.0,1
0754 (3).jpg,test\REAL\0754 (3).jpg,1.0,1
0754 (4).jpg,test\REAL\0754 (4).jpg,0.99999857,1
0754 (5).jpg,test\REAL\0754 (5).jpg,0.99999994,1
0754 (6).jpg,test\REAL\0754 (6).jpg,1.0,1
0754 (7).jpg,test\REAL\0754 (7).jpg,1.0,1
0754 (8).jpg,test\REAL\0754 (8).jpg,0.836259,1
0754 (9).jpg,test\REAL\0754 (9).jpg,0.9999578,1
0754.jpg,test\REAL\0754.jpg,0.9999949,1
0755 (10).jpg,test\REAL\0755 (10).jpg,0.9999938,1
0755 (2).jpg,test\REAL\0755 (2).jpg,0.9999942,1
0755 (3).jpg,test\REAL\0755 (3).jpg,0.03367123,0
0755 (4).jpg,test\REAL\0755 (4).jpg,0.9999987,1
0755 (5).jpg,test\REAL\0755 (5).jpg,1.0,1
0755 (6).jpg,test\REAL\0755 (6).jpg,1.0,1
0755 (7).jpg,test\REAL\0755 (7).jpg,0.99999964,1
0755 (8).jpg,test\REAL\0755 (8).jpg,0.99998796,1
0755 (9).jpg,test\REAL\0755 (9).jpg,0.95355135,1
0755.jpg,test\REAL\0755.jpg,0.99999976,1
0756 (10).jpg,test\REAL\0756 (10).jpg,0.9943762,1
0756 (2).jpg,test\REAL\0756 (2).jpg,0.9999994,1
0756 (3).jpg,test\REAL\0756 (3).jpg,0.0022738278,0
0756 (4).jpg,test\REAL\0756 (4).jpg,0.99860376,1
0756 (5).jpg,test\REAL\0756 (5).jpg,1.0,1
0756 (6).jpg,test\REAL\0756 (6).jpg,1.0,1
0756 (7).jpg,test\REAL\0756 (7).jpg,1.0,1
0756 (8).jpg,test\REAL\0756 (8).jpg,0.18163514,0
0756 (9).jpg,test\REAL\0756 (9).jpg,0.9999207,1
0756.jpg,test\REAL\0756.jpg,0.32618666,0
0757 (10).jpg,test\REAL\0757 (10).jpg,1.0,1
0757 (2).jpg,test\REAL\0757 (2).jpg,0.9822747,1
0757 (3).jpg,test\REAL\0757 (3).jpg,1.0,1
0757 (4).jpg,test\REAL\0757 (4).jpg,0.99948335,1
0757 (5).jpg,test\REAL\0757 (5).jpg,1.0,1
0757 (6).jpg,test\REAL\0757 (6).jpg,1.0,1
0757 (7).jpg,test\REAL\0757 (7).jpg,0.9999726,1
0757 (8).jpg,test\REAL\0757 (8).jpg,1.0,1
0757 (9).jpg,test\REAL\0757 (9).jpg,0.99999994,1
0757.jpg,test\REAL\0757.jpg,0.02064687,0
0758 (10).jpg,test\REAL\0758 (10).jpg,1.0,1
0758 (2).jpg,test\REAL\0758 (2).jpg,1.0,1
0758 (3).jpg,test\REAL\0758 (3).jpg,0.99999976,1
0758 (4).jpg,test\REAL\0758 (4).jpg,1.0,1
0758 (5).jpg,test\REAL\0758 (5).jpg,1.0,1
0758 (6).jpg,test\REAL\0758 (6).jpg,0.08340415,0
0758 (7).jpg,test\REAL\0758 (7).jpg,0.99974406,1
0758 (8).jpg,test\REAL\0758 (8).jpg,0.6243756,1
0758 (9).jpg,test\REAL\0758 (9).jpg,0.99999857,1
0758.jpg,test\REAL\0758.jpg,1.0,1
0759 (10).jpg,test\REAL\0759 (10).jpg,0.41726977,0
0759 (2).jpg,test\REAL\0759 (2).jpg,1.0,1
0759 (3).jpg,test\REAL\0759 (3).jpg,1.0,1
0759 (4).jpg,test\REAL\0759 (4).jpg,1.0,1
0759 (5).jpg,test\REAL\0759 (5).jpg,0.99999774,1
0759 (6).jpg,test\REAL\0759 (6).jpg,0.98921126,1
0759 (7).jpg,test\REAL\0759 (7).jpg,1.0,1
0759 (8).jpg,test\REAL\0759 (8).jpg,0.900246,1
0759 (9).jpg,test\REAL\0759 (9).jpg,0.148016,0
0759.jpg,test\REAL\0759.jpg,0.6238318,1
0760 (10).jpg,test\REAL\0760 (10).jpg,1.0,1
0760 (2).jpg,test\REAL\0760 (2).jpg,0.9996809,1
0760 (3).jpg,test\REAL\0760 (3).jpg,1.0,1
0760 (4).jpg,test\REAL\0760 (4).jpg,0.99999845,1
0760 (5).jpg,test\REAL\0760 (5).jpg,1.0,1
0760 (6).jpg,test\REAL\0760 (6).jpg,1.0,1
0760 (7).jpg,test\REAL\0760 (7).jpg,0.9997203,1
0760 (8).jpg,test\REAL\0760 (8).jpg,0.08158389,0
0760 (9).jpg,test\REAL\0760 (9).jpg,0.4962616,0
0760.jpg,test\REAL\0760.jpg,0.98200786,1
0761 (10).jpg,test\REAL\0761 (10).jpg,1.0,1
0761 (2).jpg,test\REAL\0761 (2).jpg,1.0,1
0761 (3).jpg,test\REAL\0761 (3).jpg,0.89063066,1
0761 (4).jpg,test\REAL\0761 (4).jpg,0.99999905,1
0761 (5).jpg,test\REAL\0761 (5).jpg,0.9944551,1
0761 (6).jpg,test\REAL\0761 (6).jpg,1.0,1
0761 (7).jpg,test\REAL\0761 (7).jpg,0.9890517,1
0761 (8).jpg,test\REAL\0761 (8).jpg,1.0,1
0761 (9).jpg,test\REAL\0761 (9).jpg,0.9999997,1
0761.jpg,test\REAL\0761.jpg,1.0,1
0762 (10).jpg,test\REAL\0762 (10).jpg,0.99339664,1
0762 (2).jpg,test\REAL\0762 (2).jpg,1.0,1
0762 (3).jpg,test\REAL\0762 (3).jpg,0.99994695,1
0762 (4).jpg,test\REAL\0762 (4).jpg,1.0,1
0762 (5).jpg,test\REAL\0762 (5).jpg,0.16078585,0
0762 (6).jpg,test\REAL\0762 (6).jpg,1.0,1
0762 (7).jpg,test\REAL\0762 (7).jpg,1.0,1
0762 (8).jpg,test\REAL\0762 (8).jpg,1.0,1
0762 (9).jpg,test\REAL\0762 (9).jpg,1.0,1
0762.jpg,test\REAL\0762.jpg,1.0,1
0763 (10).jpg,test\REAL\0763 (10).jpg,1.0,1
0763 (2).jpg,test\REAL\0763 (2).jpg,1.0,1
0763 (3).jpg,test\REAL\0763 (3).jpg,0.00017341971,0
0763 (4).jpg,test\REAL\0763 (4).jpg,0.99954295,1
0763 (5).jpg,test\REAL\0763 (5).jpg,0.99773914,1
0763 (6).jpg,test\REAL\0763 (6).jpg,1.0,1
0763 (7).jpg,test\REAL\0763 (7).jpg,1.0,1
0763 (8).jpg,test\REAL\0763 (8).jpg,0.9446057,1
0763 (9).jpg,test\REAL\0763 (9).jpg,0.9989728,1
0763.jpg,test\REAL\0763.jpg,1.0,1
0764 (10).jpg,test\REAL\0764 (10).jpg,1.0,1
0764 (2).jpg,test\REAL\0764 (2).jpg,1.0,1
0764 (3).jpg,test\REAL\0764 (3).jpg,1.0,1
0764 (4).jpg,test\REAL\0764 (4).jpg,1.0,1
0764 (5).jpg,test\REAL\0764 (5).jpg,1.0,1
0764 (6).jpg,test\REAL\0764 (6).jpg,0.9996245,1
0764 (7).jpg,test\REAL\0764 (7).jpg,0.9997548,1
0764 (8).jpg,test\REAL\0764 (8).jpg,0.9999999,1
0764 (9).jpg,test\REAL\0764 (9).jpg,0.57981086,1
0764.jpg,test\REAL\0764.jpg,1.0,1
0765 (10).jpg,test\REAL\0765 (10).jpg,0.93639517,1
0765 (2).jpg,test\REAL\0765 (2).jpg,0.99910414,1
0765 (3).jpg,test\REAL\0765 (3).jpg,0.9966357,1
0765 (4).jpg,test\REAL\0765 (4).jpg,0.9997994,1
0765 (5).jpg,test\REAL\0765 (5).jpg,5.429983e-05,0
0765 (6).jpg,test\REAL\0765 (6).jpg,0.9991136,1
0765 (7).jpg,test\REAL\0765 (7).jpg,0.9999981,1
0765 (8).jpg,test\REAL\0765 (8).jpg,1.0,1
0765 (9).jpg,test\REAL\0765 (9).jpg,0.001311779,0
0765.jpg,test\REAL\0765.jpg,0.77749145,1
0766 (10).jpg,test\REAL\0766 (10).jpg,1.0,1
0766 (2).jpg,test\REAL\0766 (2).jpg,1.0,1
0766 (3).jpg,test\REAL\0766 (3).jpg,1.0,1
0766 (4).jpg,test\REAL\0766 (4).jpg,1.0,1
0766 (5).jpg,test\REAL\0766 (5).jpg,0.99999964,1
0766 (6).jpg,test\REAL\0766 (6).jpg,1.0,1
0766 (7).jpg,test\REAL\0766 (7).jpg,0.9999995,1
0766 (8).jpg,test\REAL\0766 (8).jpg,1.0,1
0766 (9).jpg,test\REAL\0766 (9).jpg,0.05869302,0
0766.jpg,test\REAL\0766.jpg,1.0,1
0767 (10).jpg,test\REAL\0767 (10).jpg,0.9999992,1
0767 (2).jpg,test\REAL\0767 (2).jpg,0.99999976,1
0767 (3).jpg,test\REAL\0767 (3).jpg,0.9964335,1
0767 (4).jpg,test\REAL\0767 (4).jpg,1.0,1
0767 (5).jpg,test\REAL\0767 (5).jpg,0.9859767,1
0767 (6).jpg,test\REAL\0767 (6).jpg,0.998906,1
0767 (7).jpg,test\REAL\0767 (7).jpg,1.0,1
0767 (8).jpg,test\REAL\0767 (8).jpg,1.0,1
0767 (9).jpg,test\REAL\0767 (9).jpg,0.99992466,1
0767.jpg,test\REAL\0767.jpg,0.32796937,0
0768 (10).jpg,test\REAL\0768 (10).jpg,0.7320381,1
0768 (2).jpg,test\REAL\0768 (2).jpg,1.0,1
0768 (3).jpg,test\REAL\0768 (3).jpg,0.5548522,1
0768 (4).jpg,test\REAL\0768 (4).jpg,0.4287715,0
0768 (5).jpg,test\REAL\0768 (5).jpg,1.0,1
0768 (6).jpg,test\REAL\0768 (6).jpg,0.997307,1
0768 (7).jpg,test\REAL\0768 (7).jpg,1.0,1
0768 (8).jpg,test\REAL\0768 (8).jpg,1.0,1
0768 (9).jpg,test\REAL\0768 (9).jpg,0.9848621,1
0768.jpg,test\REAL\0768.jpg,0.999984,1
0769 (10).jpg,test\REAL\0769 (10).jpg,0.9999381,1
0769 (2).jpg,test\REAL\0769 (2).jpg,1.0,1
0769 (3).jpg,test\REAL\0769 (3).jpg,0.9818591,1
0769 (4).jpg,test\REAL\0769 (4).jpg,1.0,1
0769 (5).jpg,test\REAL\0769 (5).jpg,0.9999966,1
0769 (6).jpg,test\REAL\0769 (6).jpg,0.99998903,1
0769 (7).jpg,test\REAL\0769 (7).jpg,1.0,1
0769 (8).jpg,test\REAL\0769 (8).jpg,0.9999845,1
0769 (9).jpg,test\REAL\0769 (9).jpg,0.9999945,1
0769.jpg,test\REAL\0769.jpg,1.0,1
0770 (10).jpg,test\REAL\0770 (10).jpg,0.99947476,1
0770 (2).jpg,test\REAL\0770 (2).jpg,1.0,1
0770 (3).jpg,test\REAL\0770 (3).jpg,0.9999999,1
0770 (4).jpg,test\REAL\0770 (4).jpg,0.9999161,1
0770 (5).jpg,test\REAL\0770 (5).jpg,0.9999979,1
0770 (6).jpg,test\REAL\0770 (6).jpg,0.9008031,1
0770 (7).jpg,test\REAL\0770 (7).jpg,0.99942935,1
0770 (8).jpg,test\REAL\0770 (8).jpg,1.0,1
0770 (9).jpg,test\REAL\0770 (9).jpg,0.0046186447,0
0770.jpg,test\REAL\0770.jpg,0.8120667,1
0771 (10).jpg,test\REAL\0771 (10).jpg,0.9918393,1
0771 (2).jpg,test\REAL\0771 (2).jpg,0.9999869,1
0771 (3).jpg,test\REAL\0771 (3).jpg,0.99999917,1
0771 (4).jpg,test\REAL\0771 (4).jpg,1.0,1
0771 (5).jpg,test\REAL\0771 (5).jpg,0.9987993,1
0771 (6).jpg,test\REAL\0771 (6).jpg,1.0,1
0771 (7).jpg,test\REAL\0771 (7).jpg,0.99996305,1
0771 (8).jpg,test\REAL\0771 (8).jpg,1.0,1
0771 (9).jpg,test\REAL\0771 (9).jpg,0.9999559,1
0771.jpg,test\REAL\0771.jpg,1.0,1
0772 (10).jpg,test\REAL\0772 (10).jpg,1.0,1
0772 (2).jpg,test\REAL\0772 (2).jpg,1.0,1
0772 (3).jpg,test\REAL\0772 (3).jpg,0.99343866,1
0772 (4).jpg,test\REAL\0772 (4).jpg,0.15539432,0
0772 (5).jpg,test\REAL\0772 (5).jpg,0.9999972,1
0772 (6).jpg,test\REAL\0772 (6).jpg,1.0,1
0772 (7).jpg,test\REAL\0772 (7).jpg,0.9999992,1
0772 (8).jpg,test\REAL\0772 (8).jpg,1.0,1
0772 (9).jpg,test\REAL\0772 (9).jpg,0.9999947,1
0772.jpg,test\REAL\0772.jpg,0.89047235,1
0773 (10).jpg,test\REAL\0773 (10).jpg,1.0,1
0773 (2).jpg,test\REAL\0773 (2).jpg,0.9915327,1
0773 (3).jpg,test\REAL\0773 (3).jpg,1.0,1
0773 (4).jpg,test\REAL\0773 (4).jpg,0.90598583,1
0773 (5).jpg,test\REAL\0773 (5).jpg,0.99932384,1
0773 (6).jpg,test\REAL\0773 (6).jpg,0.9999992,1
0773 (7).jpg,test\REAL\0773 (7).jpg,0.99999523,1
0773 (8).jpg,test\REAL\0773 (8).jpg,0.99747807,1
0773 (9).jpg,test\REAL\0773 (9).jpg,1.0,1
0773.jpg,test\REAL\0773.jpg,0.008538216,0
0774 (10).jpg,test\REAL\0774 (10).jpg,1.0,1
0774 (2).jpg,test\REAL\0774 (2).jpg,1.0,1
0774 (3).jpg,test\REAL\0774 (3).jpg,1.0,1
0774 (4).jpg,test\REAL\0774 (4).jpg,0.99999344,1
0774 (5).jpg,test\REAL\0774 (5).jpg,0.9983202,1
0774 (6).jpg,test\REAL\0774 (6).jpg,0.9992809,1
0774 (7).jpg,test\REAL\0774 (7).jpg,0.89147204,1
0774 (8).jpg,test\REAL\0774 (8).jpg,2.8312206e-06,0
0774 (9).jpg,test\REAL\0774 (9).jpg,0.99829406,1
0774.jpg,test\REAL\0774.jpg,0.2448633,0
0775 (10).jpg,test\REAL\0775 (10).jpg,0.98440695,1
0775 (2).jpg,test\REAL\0775 (2).jpg,1.0,1
0775 (3).jpg,test\REAL\0775 (3).jpg,1.0,1
0775 (4).jpg,test\REAL\0775 (4).jpg,1.0,1
0775 (5).jpg,test\REAL\0775 (5).jpg,0.7889538,1
0775 (6).jpg,test\REAL\0775 (6).jpg,0.4635278,0
0775 (7).jpg,test\REAL\0775 (7).jpg,0.9952461,1
0775 (8).jpg,test\REAL\0775 (8).jpg,1.0,1
0775 (9).jpg,test\REAL\0775 (9).jpg,0.9976064,1
0775.jpg,test\REAL\0775.jpg,0.62211305,1
0776 (10).jpg,test\REAL\0776 (10).jpg,1.0,1
0776 (2).jpg,test\REAL\0776 (2).jpg,0.9946175,1
0776 (3).jpg,test\REAL\0776 (3).jpg,1.0,1
0776 (4).jpg,test\REAL\0776 (4).jpg,1.0,1
0776 (5).jpg,test\REAL\0776 (5).jpg,1.0,1
0776 (6).jpg,test\REAL\0776 (6).jpg,0.99923277,1
0776 (7).jpg,test\REAL\0776 (7).jpg,1.0,1
0776 (8).jpg,test\REAL\0776 (8).jpg,0.99941826,1
0776 (9).jpg,test\REAL\0776 (9).jpg,0.7828056,1
0776.jpg,test\REAL\0776.jpg,1.0,1
0777 (10).jpg,test\REAL\0777 (10).jpg,0.9948063,1
0777 (2).jpg,test\REAL\0777 (2).jpg,0.99929523,1
0777 (3).jpg,test\REAL\0777 (3).jpg,1.0,1
0777 (4).jpg,test\REAL\0777 (4).jpg,0.9344821,1
0777 (5).jpg,test\REAL\0777 (5).jpg,1.0,1
0777 (6).jpg,test\REAL\0777 (6).jpg,1.0,1
0777 (7).jpg,test\REAL\0777 (7).jpg,1.0,1
0777 (8).jpg,test\REAL\0777 (8).jpg,1.0,1
0777 (9).jpg,test\REAL\0777 (9).jpg,0.050510824,0
0777.jpg,test\REAL\0777.jpg,0.99630105,1
0778 (10).jpg,test\REAL\0778 (10).jpg,1.0,1
0778 (2).jpg,test\REAL\0778 (2).jpg,1.0,1
0778 (3).jpg,test\REAL\0778 (3).jpg,1.0,1
0778 (4).jpg,test\REAL\0778 (4).jpg,0.99957037,1
0778 (5).jpg,test\REAL\0778 (5).jpg,1.0,1
0778 (6).jpg,test\REAL\0778 (6).jpg,1.0,1
0778 (7).jpg,test\REAL\0778 (7).jpg,1.0,1
0778 (8).jpg,test\REAL\0778 (8).jpg,1.0,1
0778 (9).jpg,test\REAL\0778 (9).jpg,1.0,1
0778.jpg,test\REAL\0778.jpg,0.9999996,1
0779 (10).jpg,test\REAL\0779 (10).jpg,0.9999992,1
0779 (2).jpg,test\REAL\0779 (2).jpg,0.9111705,1
0779 (3).jpg,test\REAL\0779 (3).jpg,0.069791764,0
0779 (4).jpg,test\REAL\0779 (4).jpg,1.0,1
0779 (5).jpg,test\REAL\0779 (5).jpg,1.0,1
0779 (6).jpg,test\REAL\0779 (6).jpg,0.99999964,1
0779 (7).jpg,test\REAL\0779 (7).jpg,0.99999964,1
0779 (8).jpg,test\REAL\0779 (8).jpg,0.9999756,1
0779 (9).jpg,test\REAL\0779 (9).jpg,1.0,1
0779.jpg,test\REAL\0779.jpg,0.999914,1
0780 (10).jpg,test\REAL\0780 (10).jpg,0.99998343,1
0780 (2).jpg,test\REAL\0780 (2).jpg,1.0,1
0780 (3).jpg,test\REAL\0780 (3).jpg,0.9436336,1
0780 (4).jpg,test\REAL\0780 (4).jpg,1.0,1
0780 (5).jpg,test\REAL\0780 (5).jpg,0.8756385,1
0780 (6).jpg,test\REAL\0780 (6).jpg,1.0,1
0780 (7).jpg,test\REAL\0780 (7).jpg,0.9997717,1
0780 (8).jpg,test\REAL\0780 (8).jpg,0.99980783,1
0780 (9).jpg,test\REAL\0780 (9).jpg,0.68666184,1
0780.jpg,test\REAL\0780.jpg,0.9999956,1
0781 (10).jpg,test\REAL\0781 (10).jpg,0.0010381639,0
0781 (2).jpg,test\REAL\0781 (2).jpg,1.0,1
0781 (3).jpg,test\REAL\0781 (3).jpg,0.99999833,1
0781 (4).jpg,test\REAL\0781 (4).jpg,1.0,1
0781 (5).jpg,test\REAL\0781 (5).jpg,0.9248282,1
0781 (6).jpg,test\REAL\0781 (6).jpg,1.0,1
0781 (7).jpg,test\REAL\0781 (7).jpg,1.0,1
0781 (8).jpg,test\REAL\0781 (8).jpg,1.0,1
0781 (9).jpg,test\REAL\0781 (9).jpg,1.0,1
0781.jpg,test\REAL\0781.jpg,1.0,1
0782 (10).jpg,test\REAL\0782 (10).jpg,0.99956834,1
0782 (2).jpg,test\REAL\0782 (2).jpg,0.9967784,1
0782 (3).jpg,test\REAL\0782 (3).jpg,1.0,1
0782 (4).jpg,test\REAL\0782 (4).jpg,0.9999922,1
0782 (5).jpg,test\REAL\0782 (5).jpg,0.9645888,1
0782 (6).jpg,test\REAL\0782 (6).jpg,1.0,1
0782 (7).jpg,test\REAL\0782 (7).jpg,1.0,1
0782 (8).jpg,test\REAL\0782 (8).jpg,0.04488051,0
0782 (9).jpg,test\REAL\0782 (9).jpg,1.0,1
0782.jpg,test\REAL\0782.jpg,0.9999974,1
0783 (10).jpg,test\REAL\0783 (10).jpg,0.9969673,1
0783 (2).jpg,test\REAL\0783 (2).jpg,0.9249598,1
0783 (3).jpg,test\REAL\0783 (3).jpg,1.0,1
0783 (4).jpg,test\REAL\0783 (4).jpg,0.75443375,1
0783 (5).jpg,test\REAL\0783 (5).jpg,1.0,1
0783 (6).jpg,test\REAL\0783 (6).jpg,1.0,1
0783 (7).jpg,test\REAL\0783 (7).jpg,0.9972366,1
0783 (8).jpg,test\REAL\0783 (8).jpg,0.99999666,1
0783 (9).jpg,test\REAL\0783 (9).jpg,0.86659837,1
0783.jpg,test\REAL\0783.jpg,0.8288208,1
0784 (10).jpg,test\REAL\0784 (10).jpg,0.9856437,1
0784 (2).jpg,test\REAL\0784 (2).jpg,0.80120885,1
0784 (3).jpg,test\REAL\0784 (3).jpg,1.0,1
0784 (4).jpg,test\REAL\0784 (4).jpg,0.9999963,1
0784 (5).jpg,test\REAL\0784 (5).jpg,1.0,1
0784 (6).jpg,test\REAL\0784 (6).jpg,0.9999998,1
0784 (7).jpg,test\REAL\0784 (7).jpg,1.0,1
0784 (8).jpg,test\REAL\0784 (8).jpg,1.0,1
0784 (9).jpg,test\REAL\0784 (9).jpg,1.0,1
0784.jpg,test\REAL\0784.jpg,1.0,1
0785 (10).jpg,test\REAL\0785 (10).jpg,1.0,1
0785 (2).jpg,test\REAL\0785 (2).jpg,0.9999763,1
0785 (3).jpg,test\REAL\0785 (3).jpg,0.9998447,1
0785 (4).jpg,test\REAL\0785 (4).jpg,1.0,1
0785 (5).jpg,test\REAL\0785 (5).jpg,0.99836814,1
0785 (6).jpg,test\REAL\0785 (6).jpg,1.0,1
0785 (7).jpg,test\REAL\0785 (7).jpg,0.6677376,1
0785 (8).jpg,test\REAL\0785 (8).jpg,0.99999976,1
0785 (9).jpg,test\REAL\0785 (9).jpg,0.999998,1
0785.jpg,test\REAL\0785.jpg,0.99999946,1
0786 (10).jpg,test\REAL\0786 (10).jpg,1.0,1
0786 (2).jpg,test\REAL\0786 (2).jpg,0.9999999,1
0786 (3).jpg,test\REAL\0786 (3).jpg,1.0,1
0786 (4).jpg,test\REAL\0786 (4).jpg,1.0,1
0786 (5).jpg,test\REAL\0786 (5).jpg,1.0,1
0786 (6).jpg,test\REAL\0786 (6).jpg,1.0,1
0786 (7).jpg,test\REAL\0786 (7).jpg,0.9997761,1
0786 (8).jpg,test\REAL\0786 (8).jpg,0.6645602,1
0786 (9).jpg,test\REAL\0786 (9).jpg,0.99995756,1
0786.jpg,test\REAL\0786.jpg,0.99875116,1
0787 (10).jpg,test\REAL\0787 (10).jpg,0.9982446,1
0787 (2).jpg,test\REAL\0787 (2).jpg,1.0,1
0787 (3).jpg,test\REAL\0787 (3).jpg,0.6577079,1
0787 (4).jpg,test\REAL\0787 (4).jpg,1.0,1
0787 (5).jpg,test\REAL\0787 (5).jpg,0.99970925,1
0787 (6).jpg,test\REAL\0787 (6).jpg,1.0,1
0787 (7).jpg,test\REAL\0787 (7).jpg,0.97284424,1
0787 (8).jpg,test\REAL\0787 (8).jpg,0.99999887,1
0787 (9).jpg,test\REAL\0787 (9).jpg,0.99801624,1
0787.jpg,test\REAL\0787.jpg,1.0,1
0788 (10).jpg,test\REAL\0788 (10).jpg,0.88470775,1
0788 (2).jpg,test\REAL\0788 (2).jpg,0.9977154,1
0788 (3).jpg,test\REAL\0788 (3).jpg,0.99993086,1
0788 (4).jpg,test\REAL\0788 (4).jpg,1.0,1
0788 (5).jpg,test\REAL\0788 (5).jpg,1.0,1
0788 (6).jpg,test\REAL\0788 (6).jpg,0.01661855,0
0788 (7).jpg,test\REAL\0788 (7).jpg,1.0,1
0788 (8).jpg,test\REAL\0788 (8).jpg,1.0,1
0788 (9).jpg,test\REAL\0788 (9).jpg,0.0037394762,0
0788.jpg,test\REAL\0788.jpg,1.0,1
0789 (10).jpg,test\REAL\0789 (10).jpg,0.99987894,1
0789 (2).jpg,test\REAL\0789 (2).jpg,0.4038572,0
0789 (3).jpg,test\REAL\0789 (3).jpg,0.7509049,1
0789 (4).jpg,test\REAL\0789 (4).jpg,1.0,1
0789 (5).jpg,test\REAL\0789 (5).jpg,1.0,1
0789 (6).jpg,test\REAL\0789 (6).jpg,1.0,1
0789 (7).jpg,test\REAL\0789 (7).jpg,0.9896883,1
0789 (8).jpg,test\REAL\0789 (8).jpg,1.0,1
0789 (9).jpg,test\REAL\0789 (9).jpg,1.0,1
0789.jpg,test\REAL\0789.jpg,0.99974227,1
0790 (10).jpg,test\REAL\0790 (10).jpg,0.99999857,1
0790 (2).jpg,test\REAL\0790 (2).jpg,0.6325512,1
0790 (3).jpg,test\REAL\0790 (3).jpg,0.99985117,1
0790 (4).jpg,test\REAL\0790 (4).jpg,0.9913001,1
0790 (5).jpg,test\REAL\0790 (5).jpg,0.80757844,1
0790 (6).jpg,test\REAL\0790 (6).jpg,0.0,0
0790 (7).jpg,test\REAL\0790 (7).jpg,0.9999268,1
0790 (8).jpg,test\REAL\0790 (8).jpg,0.00063461065,0
0790 (9).jpg,test\REAL\0790 (9).jpg,0.85405,1
0790.jpg,test\REAL\0790.jpg,1.0,1
0791 (10).jpg,test\REAL\0791 (10).jpg,1.0,1
0791 (2).jpg,test\REAL\0791 (2).jpg,0.9875589,1
0791 (3).jpg,test\REAL\0791 (3).jpg,0.99999785,1
0791 (4).jpg,test\REAL\0791 (4).jpg,1.0,1
0791 (5).jpg,test\REAL\0791 (5).jpg,0.9982624,1
0791 (6).jpg,test\REAL\0791 (6).jpg,1.0,1
0791 (7).jpg,test\REAL\0791 (7).jpg,1.0,1
0791 (8).jpg,test\REAL\0791 (8).jpg,0.99999994,1
0791 (9).jpg,test\REAL\0791 (9).jpg,0.9999996,1
0791.jpg,test\REAL\0791.jpg,0.35100698,0
0792 (10).jpg,test\REAL\0792 (10).jpg,0.99660885,1
0792 (2).jpg,test\REAL\0792 (2).jpg,1.0,1
0792 (3).jpg,test\REAL\0792 (3).jpg,0.99979913,1
0792 (4).jpg,test\REAL\0792 (4).jpg,1.0,1
0792 (5).jpg,test\REAL\0792 (5).jpg,0.9997233,1
0792 (6).jpg,test\REAL\0792 (6).jpg,0.9999999,1
0792 (7).jpg,test\REAL\0792 (7).jpg,2.0861626e-07,0
0792 (8).jpg,test\REAL\0792 (8).jpg,0.9999999,1
0792 (9).jpg,test\REAL\0792 (9).jpg,0.57570267,1
0792.jpg,test\REAL\0792.jpg,0.90777695,1
0793 (10).jpg,test\REAL\0793 (10).jpg,1.0,1
0793 (2).jpg,test\REAL\0793 (2).jpg,0.49780282,0
0793 (3).jpg,test\REAL\0793 (3).jpg,1.0,1
0793 (4).jpg,test\REAL\0793 (4).jpg,0.99999815,1
0793 (5).jpg,test\REAL\0793 (5).jpg,0.9999987,1
0793 (6).jpg,test\REAL\0793 (6).jpg,1.0,1
0793 (7).jpg,test\REAL\0793 (7).jpg,0.9929217,1
0793 (8).jpg,test\REAL\0793 (8).jpg,0.80122054,1
0793 (9).jpg,test\REAL\0793 (9).jpg,0.9634929,1
0793.jpg,test\REAL\0793.jpg,0.71289873,1
0794 (10).jpg,test\REAL\0794 (10).jpg,0.7406316,1
0794 (2).jpg,test\REAL\0794 (2).jpg,0.9778664,1
0794 (3).jpg,test\REAL\0794 (3).jpg,2.6613474e-05,0
0794 (4).jpg,test\REAL\0794 (4).jpg,0.8434478,1
0794 (5).jpg,test\REAL\0794 (5).jpg,0.99939907,1
0794 (6).jpg,test\REAL\0794 (6).jpg,0.5255327,1
0794 (7).jpg,test\REAL\0794 (7).jpg,0.5308026,1
0794 (8).jpg,test\REAL\0794 (8).jpg,0.9999999,1
0794 (9).jpg,test\REAL\0794 (9).jpg,0.9999997,1
0794.jpg,test\REAL\0794.jpg,0.9999908,1
0795 (10).jpg,test\REAL\0795 (10).jpg,0.97078145,1
0795 (2).jpg,test\REAL\0795 (2).jpg,0.9999996,1
0795 (3).jpg,test\REAL\0795 (3).jpg,0.99998146,1
0795 (4).jpg,test\REAL\0795 (4).jpg,0.0011339486,0
0795 (5).jpg,test\REAL\0795 (5).jpg,1.0,1
0795 (6).jpg,test\REAL\0795 (6).jpg,0.99996233,1
0795 (7).jpg,test\REAL\0795 (7).jpg,0.9999989,1
0795 (8).jpg,test\REAL\0795 (8).jpg,0.99998844,1
0795 (9).jpg,test\REAL\0795 (9).jpg,0.99999034,1
0795.jpg,test\REAL\0795.jpg,0.4122786,0
0796 (10).jpg,test\REAL\0796 (10).jpg,1.0,1
0796 (2).jpg,test\REAL\0796 (2).jpg,1.0,1
0796 (3).jpg,test\REAL\0796 (3).jpg,1.0,1
0796 (4).jpg,test\REAL\0796 (4).jpg,0.3759722,0
0796 (5).jpg,test\REAL\0796 (5).jpg,1.0,1
0796 (6).jpg,test\REAL\0796 (6).jpg,1.0,1
0796 (7).jpg,test\REAL\0796 (7).jpg,0.9400768,1
0796 (8).jpg,test\REAL\0796 (8).jpg,1.0,1
0796 (9).jpg,test\REAL\0796 (9).jpg,0.9291904,1
0796.jpg,test\REAL\0796.jpg,0.99834275,1
0797 (10).jpg,test\REAL\0797 (10).jpg,1.0,1
0797 (2).jpg,test\REAL\0797 (2).jpg,1.0,1
0797 (3).jpg,test\REAL\0797 (3).jpg,1.0,1
0797 (4).jpg,test\REAL\0797 (4).jpg,0.1428712,0
0797 (5).jpg,test\REAL\0797 (5).jpg,0.99999744,1
0797 (6).jpg,test\REAL\0797 (6).jpg,1.0,1
0797 (7).jpg,test\REAL\0797 (7).jpg,0.9999999,1
0797 (8).jpg,test\REAL\0797 (8).jpg,0.7866831,1
0797 (9).jpg,test\REAL\0797 (9).jpg,0.9999947,1
0797.jpg,test\REAL\0797.jpg,0.99999845,1
0798 (10).jpg,test\REAL\0798 (10).jpg,0.8701965,1
0798 (2).jpg,test\REAL\0798 (2).jpg,1.0,1
0798 (3).jpg,test\REAL\0798 (3).jpg,0.01403594,0
0798 (4).jpg,test\REAL\0798 (4).jpg,1.0,1
0798 (5).jpg,test\REAL\0798 (5).jpg,0.99999976,1
0798 (6).jpg,test\REAL\0798 (6).jpg,1.0,1
0798 (7).jpg,test\REAL\0798 (7).jpg,1.0,1
0798 (8).jpg,test\REAL\0798 (8).jpg,1.0,1
0798 (9).jpg,test\REAL\0798 (9).jpg,0.9999738,1
0798.jpg,test\REAL\0798.jpg,0.9747604,1
0799 (10).jpg,test\REAL\0799 (10).jpg,0.0009088814,0
0799 (2).jpg,test\REAL\0799 (2).jpg,0.9561697,1
0799 (3).jpg,test\REAL\0799 (3).jpg,0.99999964,1
0799 (4).jpg,test\REAL\0799 (4).jpg,0.49781457,0
0799 (5).jpg,test\REAL\0799 (5).jpg,0.99998105,1
0799 (6).jpg,test\REAL\0799 (6).jpg,1.0,1
0799 (7).jpg,test\REAL\0799 (7).jpg,0.9999997,1
0799 (8).jpg,test\REAL\0799 (8).jpg,0.9999999,1
0799 (9).jpg,test\REAL\0799 (9).jpg,1.0,1
0799.jpg,test\REAL\0799.jpg,0.9999584,1
0800 (10).jpg,test\REAL\0800 (10).jpg,1.0,1
0800 (2).jpg,test\REAL\0800 (2).jpg,0.99958336,1
0800 (3).jpg,test\REAL\0800 (3).jpg,0.99901944,1
0800 (4).jpg,test\REAL\0800 (4).jpg,1.0,1
0800 (5).jpg,test\REAL\0800 (5).jpg,0.9999994,1
0800 (6).jpg,test\REAL\0800 (6).jpg,1.0,1
0800 (7).jpg,test\REAL\0800 (7).jpg,0.075273156,0
0800 (8).jpg,test\REAL\0800 (8).jpg,0.99998856,1
0800 (9).jpg,test\REAL\0800 (9).jpg,1.0,1
0800.jpg,test\REAL\0800.jpg,0.9550793,1
0801 (10).jpg,test\REAL\0801 (10).jpg,1.0,1
0801 (2).jpg,test\REAL\0801 (2).jpg,0.0,0
0801 (3).jpg,test\REAL\0801 (3).jpg,0.9982033,1
0801 (4).jpg,test\REAL\0801 (4).jpg,0.9999993,1
0801 (5).jpg,test\REAL\0801 (5).jpg,0.7184046,1
0801 (6).jpg,test\REAL\0801 (6).jpg,0.9978876,1
0801 (7).jpg,test\REAL\0801 (7).jpg,0.5306812,1
0801 (8).jpg,test\REAL\0801 (8).jpg,0.29983452,0
0801 (9).jpg,test\REAL\0801 (9).jpg,1.0,1
0801.jpg,test\REAL\0801.jpg,0.6107571,1
0802 (10).jpg,test\REAL\0802 (10).jpg,1.0,1
0802 (2).jpg,test\REAL\0802 (2).jpg,1.0,1
0802 (3).jpg,test\REAL\0802 (3).jpg,0.9999909,1
0802 (4).jpg,test\REAL\0802 (4).jpg,1.0,1
0802 (5).jpg,test\REAL\0802 (5).jpg,0.999991,1
0802 (6).jpg,test\REAL\0802 (6).jpg,0.6441347,1
0802 (7).jpg,test\REAL\0802 (7).jpg,1.0,1
0802 (8).jpg,test\REAL\0802 (8).jpg,1.0,1
0802 (9).jpg,test\REAL\0802 (9).jpg,1.0,1
0802.jpg,test\REAL\0802.jpg,1.0,1
0803 (10).jpg,test\REAL\0803 (10).jpg,0.3058334,0
0803 (2).jpg,test\REAL\0803 (2).jpg,1.0,1
0803 (3).jpg,test\REAL\0803 (3).jpg,1.0,1
0803 (4).jpg,test\REAL\0803 (4).jpg,1.0,1
0803 (5).jpg,test\REAL\0803 (5).jpg,0.9995644,1
0803 (6).jpg,test\REAL\0803 (6).jpg,1.0,1
0803 (7).jpg,test\REAL\0803 (7).jpg,1.0,1
0803 (8).jpg,test\REAL\0803 (8).jpg,1.0,1
0803 (9).jpg,test\REAL\0803 (9).jpg,1.0,1
0803.jpg,test\REAL\0803.jpg,0.041820884,0
0804 (10).jpg,test\REAL\0804 (10).jpg,0.9999999,1
0804 (2).jpg,test\REAL\0804 (2).jpg,1.0,1
0804 (3).jpg,test\REAL\0804 (3).jpg,1.0,1
0804 (4).jpg,test\REAL\0804 (4).jpg,0.9999342,1
0804 (5).jpg,test\REAL\0804 (5).jpg,0.9917964,1
0804 (6).jpg,test\REAL\0804 (6).jpg,0.9996212,1
0804 (7).jpg,test\REAL\0804 (7).jpg,1.0,1
0804 (8).jpg,test\REAL\0804 (8).jpg,0.99638045,1
0804 (9).jpg,test\REAL\0804 (9).jpg,0.99966705,1
0804.jpg,test\REAL\0804.jpg,1.0,1
0805 (10).jpg,test\REAL\0805 (10).jpg,1.0,1
0805 (2).jpg,test\REAL\0805 (2).jpg,1.0,1
0805 (3).jpg,test\REAL\0805 (3).jpg,0.99999994,1
0805 (4).jpg,test\REAL\0805 (4).jpg,1.0,1
0805 (5).jpg,test\REAL\0805 (5).jpg,0.11304209,0
0805 (6).jpg,test\REAL\0805 (6).jpg,0.98812973,1
0805 (7).jpg,test\REAL\0805 (7).jpg,1.0,1
0805 (8).jpg,test\REAL\0805 (8).jpg,1.0,1
0805 (9).jpg,test\REAL\0805 (9).jpg,0.9999932,1
0805.jpg,test\REAL\0805.jpg,1.0,1
0806 (10).jpg,test\REAL\0806 (10).jpg,0.9993236,1
0806 (2).jpg,test\REAL\0806 (2).jpg,1.0,1
0806 (3).jpg,test\REAL\0806 (3).jpg,0.9999904,1
0806 (4).jpg,test\REAL\0806 (4).jpg,0.9999999,1
0806 (5).jpg,test\REAL\0806 (5).jpg,0.9868744,1
0806 (6).jpg,test\REAL\0806 (6).jpg,0.9999994,1
0806 (7).jpg,test\REAL\0806 (7).jpg,0.9999999,1
0806 (8).jpg,test\REAL\0806 (8).jpg,0.99999857,1
0806 (9).jpg,test\REAL\0806 (9).jpg,0.9899891,1
0806.jpg,test\REAL\0806.jpg,1.8775463e-06,0
0807 (10).jpg,test\REAL\0807 (10).jpg,0.99999154,1
0807 (2).jpg,test\REAL\0807 (2).jpg,1.0,1
0807 (3).jpg,test\REAL\0807 (3).jpg,0.9982055,1
0807 (4).jpg,test\REAL\0807 (4).jpg,0.9999999,1
0807 (5).jpg,test\REAL\0807 (5).jpg,0.9958402,1
0807 (6).jpg,test\REAL\0807 (6).jpg,0.9999999,1
0807 (7).jpg,test\REAL\0807 (7).jpg,0.9999999,1
0807 (8).jpg,test\REAL\0807 (8).jpg,0.82976747,1
0807 (9).jpg,test\REAL\0807 (9).jpg,0.99991953,1
0807.jpg,test\REAL\0807.jpg,1.0,1
0808 (10).jpg,test\REAL\0808 (10).jpg,0.99998415,1
0808 (2).jpg,test\REAL\0808 (2).jpg,0.90619004,1
0808 (3).jpg,test\REAL\0808 (3).jpg,1.0,1
0808 (4).jpg,test\REAL\0808 (4).jpg,0.9969884,1
0808 (5).jpg,test\REAL\0808 (5).jpg,1.0,1
0808 (6).jpg,test\REAL\0808 (6).jpg,1.0,1
0808 (7).jpg,test\REAL\0808 (7).jpg,0.9031497,1
0808 (8).jpg,test\REAL\0808 (8).jpg,0.9999995,1
0808 (9).jpg,test\REAL\0808 (9).jpg,1.0,1
0808.jpg,test\REAL\0808.jpg,1.0,1
0809 (10).jpg,test\REAL\0809 (10).jpg,0.99999785,1
0809 (2).jpg,test\REAL\0809 (2).jpg,0.99999976,1
0809 (3).jpg,test\REAL\0809 (3).jpg,1.1354685e-05,0
0809 (4).jpg,test\REAL\0809 (4).jpg,0.99995947,1
0809 (5).jpg,test\REAL\0809 (5).jpg,0.99638593,1
0809 (6).jpg,test\REAL\0809 (6).jpg,1.0,1
0809 (7).jpg,test\REAL\0809 (7).jpg,0.9999999,1
0809 (8).jpg,test\REAL\0809 (8).jpg,0.048467427,0
0809 (9).jpg,test\REAL\0809 (9).jpg,1.0,1
0809.jpg,test\REAL\0809.jpg,1.0,1
0810 (10).jpg,test\REAL\0810 (10).jpg,1.0,1
0810 (2).jpg,test\REAL\0810 (2).jpg,0.9999999,1
0810 (3).jpg,test\REAL\0810 (3).jpg,0.9998414,1
0810 (4).jpg,test\REAL\0810 (4).jpg,0.9863938,1
0810 (5).jpg,test\REAL\0810 (5).jpg,0.9644697,1
0810 (6).jpg,test\REAL\0810 (6).jpg,1.0,1
0810 (7).jpg,test\REAL\0810 (7).jpg,1.0,1
0810 (8).jpg,test\REAL\0810 (8).jpg,0.9938041,1
0810 (9).jpg,test\REAL\0810 (9).jpg,0.9964357,1
0810.jpg,test\REAL\0810.jpg,1.0,1
0811 (10).jpg,test\REAL\0811 (10).jpg,1.0,1
0811 (2).jpg,test\REAL\0811 (2).jpg,1.0,1
0811 (3).jpg,test\REAL\0811 (3).jpg,1.0,1
0811 (4).jpg,test\REAL\0811 (4).jpg,0.9999997,1
0811 (5).jpg,test\REAL\0811 (5).jpg,0.035479218,0
0811 (6).jpg,test\REAL\0811 (6).jpg,1.0,1
0811 (7).jpg,test\REAL\0811 (7).jpg,0.9999975,1
0811 (8).jpg,test\REAL\0811 (8).jpg,0.99999976,1
0811 (9).jpg,test\REAL\0811 (9).jpg,1.0,1
0811.jpg,test\REAL\0811.jpg,0.9946345,1
0812 (10).jpg,test\REAL\0812 (10).jpg,0.99966824,1
0812 (2).jpg,test\REAL\0812 (2).jpg,0.0,0
0812 (3).jpg,test\REAL\0812 (3).jpg,0.9999998,1
0812 (4).jpg,test\REAL\0812 (4).jpg,0.99999803,1
0812 (5).jpg,test\REAL\0812 (5).jpg,1.0,1
0812 (6).jpg,test\REAL\0812 (6).jpg,0.99786794,1
0812 (7).jpg,test\REAL\0812 (7).jpg,1.0,1
0812 (8).jpg,test\REAL\0812 (8).jpg,0.9999928,1
0812 (9).jpg,test\REAL\0812 (9).jpg,0.99993545,1
0812.jpg,test\REAL\0812.jpg,0.16814163,0
0813 (10).jpg,test\REAL\0813 (10).jpg,0.99990404,1
0813 (2).jpg,test\REAL\0813 (2).jpg,1.0,1
0813 (3).jpg,test\REAL\0813 (3).jpg,0.9978354,1
0813 (4).jpg,test\REAL\0813 (4).jpg,1.0,1
0813 (5).jpg,test\REAL\0813 (5).jpg,0.99999964,1
0813 (6).jpg,test\REAL\0813 (6).jpg,1.0,1
0813 (7).jpg,test\REAL\0813 (7).jpg,0.99999976,1
0813 (8).jpg,test\REAL\0813 (8).jpg,0.9734355,1
0813 (9).jpg,test\REAL\0813 (9).jpg,0.9999909,1
0813.jpg,test\REAL\0813.jpg,0.018710524,0
0814 (10).jpg,test\REAL\0814 (10).jpg,0.9999918,1
0814 (2).jpg,test\REAL\0814 (2).jpg,1.0,1
0814 (3).jpg,test\REAL\0814 (3).jpg,0.99999446,1
0814 (4).jpg,test\REAL\0814 (4).jpg,1.0,1
0814 (5).jpg,test\REAL\0814 (5).jpg,0.9917575,1
0814 (6).jpg,test\REAL\0814 (6).jpg,1.0,1
0814 (7).jpg,test\REAL\0814 (7).jpg,1.0,1
0814 (8).jpg,test\REAL\0814 (8).jpg,0.9253457,1
0814 (9).jpg,test\REAL\0814 (9).jpg,0.9999997,1
0814.jpg,test\REAL\0814.jpg,0.99999917,1
0815 (10).jpg,test\REAL\0815 (10).jpg,0.79964256,1
0815 (2).jpg,test\REAL\0815 (2).jpg,1.0,1
0815 (3).jpg,test\REAL\0815 (3).jpg,0.99999666,1
0815 (4).jpg,test\REAL\0815 (4).jpg,0.99964166,1
0815 (5).jpg,test\REAL\0815 (5).jpg,0.96439654,1
0815 (6).jpg,test\REAL\0815 (6).jpg,1.0,1
0815 (7).jpg,test\REAL\0815 (7).jpg,1.0,1
0815 (8).jpg,test\REAL\0815 (8).jpg,1.0,1
0815 (9).jpg,test\REAL\0815 (9).jpg,0.9994876,1
0815.jpg,test\REAL\0815.jpg,1.0,1
0816 (10).jpg,test\REAL\0816 (10).jpg,1.0,1
0816 (2).jpg,test\REAL\0816 (2).jpg,0.9998264,1
0816 (3).jpg,test\REAL\0816 (3).jpg,1.0,1
0816 (4).jpg,test\REAL\0816 (4).jpg,0.9483032,1
0816 (5).jpg,test\REAL\0816 (5).jpg,1.0,1
0816 (6).jpg,test\REAL\0816 (6).jpg,1.0,1
0816 (7).jpg,test\REAL\0816 (7).jpg,1.0,1
0816 (8).jpg,test\REAL\0816 (8).jpg,0.90415436,1
0816 (9).jpg,test\REAL\0816 (9).jpg,0.99993193,1
0816.jpg,test\REAL\0816.jpg,1.0,1
0817 (10).jpg,test\REAL\0817 (10).jpg,0.9991716,1
0817 (2).jpg,test\REAL\0817 (2).jpg,0.0,0
0817 (3).jpg,test\REAL\0817 (3).jpg,0.98562706,1
0817 (4).jpg,test\REAL\0817 (4).jpg,1.0,1
0817 (5).jpg,test\REAL\0817 (5).jpg,0.0,0
0817 (6).jpg,test\REAL\0817 (6).jpg,0.9999956,1
0817 (7).jpg,test\REAL\0817 (7).jpg,0.9999999,1
0817 (8).jpg,test\REAL\0817 (8).jpg,1.0,1
0817 (9).jpg,test\REAL\0817 (9).jpg,0.43283713,0
0817.jpg,test\REAL\0817.jpg,0.9792571,1
0818 (10).jpg,test\REAL\0818 (10).jpg,0.99996233,1
0818 (2).jpg,test\REAL\0818 (2).jpg,0.9999998,1
0818 (3).jpg,test\REAL\0818 (3).jpg,0.9999934,1
0818 (4).jpg,test\REAL\0818 (4).jpg,1.0,1
0818 (5).jpg,test\REAL\0818 (5).jpg,0.89766884,1
0818 (6).jpg,test\REAL\0818 (6).jpg,0.0001128912,0
0818 (7).jpg,test\REAL\0818 (7).jpg,0.9947245,1
0818 (8).jpg,test\REAL\0818 (8).jpg,1.0,1
0818 (9).jpg,test\REAL\0818 (9).jpg,0.9999905,1
0818.jpg,test\REAL\0818.jpg,0.9994528,1
0819 (10).jpg,test\REAL\0819 (10).jpg,0.99861836,1
0819 (2).jpg,test\REAL\0819 (2).jpg,0.94679344,1
0819 (3).jpg,test\REAL\0819 (3).jpg,0.94920915,1
0819 (4).jpg,test\REAL\0819 (4).jpg,0.06918597,0
0819 (5).jpg,test\REAL\0819 (5).jpg,0.9999989,1
0819 (6).jpg,test\REAL\0819 (6).jpg,0.9999931,1
0819 (7).jpg,test\REAL\0819 (7).jpg,1.0,1
0819 (8).jpg,test\REAL\0819 (8).jpg,0.9999997,1
0819 (9).jpg,test\REAL\0819 (9).jpg,1.0,1
0819.jpg,test\REAL\0819.jpg,0.9719039,1
0820 (10).jpg,test\REAL\0820 (10).jpg,0.93239015,1
0820 (2).jpg,test\REAL\0820 (2).jpg,0.0023561418,0
0820 (3).jpg,test\REAL\0820 (3).jpg,1.0,1
0820 (4).jpg,test\REAL\0820 (4).jpg,0.9997859,1
0820 (5).jpg,test\REAL\0820 (5).jpg,0.32601404,0
0820 (6).jpg,test\REAL\0820 (6).jpg,0.99869454,1
0820 (7).jpg,test\REAL\0820 (7).jpg,1.0,1
0820 (8).jpg,test\REAL\0820 (8).jpg,0.00033470988,0
0820 (9).jpg,test\REAL\0820 (9).jpg,1.0,1
0820.jpg,test\REAL\0820.jpg,0.95900154,1
0821 (10).jpg,test\REAL\0821 (10).jpg,1.0,1
0821 (2).jpg,test\REAL\0821 (2).jpg,0.9989958,1
0821 (3).jpg,test\REAL\0821 (3).jpg,0.9999999,1
0821 (4).jpg,test\REAL\0821 (4).jpg,0.9800435,1
0821 (5).jpg,test\REAL\0821 (5).jpg,0.9999994,1
0821 (6).jpg,test\REAL\0821 (6).jpg,0.60941744,1
0821 (7).jpg,test\REAL\0821 (7).jpg,0.9662756,1
0821 (8).jpg,test\REAL\0821 (8).jpg,1.0,1
0821 (9).jpg,test\REAL\0821 (9).jpg,1.0,1
0821.jpg,test\REAL\0821.jpg,0.9999753,1
0822 (10).jpg,test\REAL\0822 (10).jpg,0.99919707,1
0822 (2).jpg,test\REAL\0822 (2).jpg,1.0,1
0822 (3).jpg,test\REAL\0822 (3).jpg,0.999944,1
0822 (4).jpg,test\REAL\0822 (4).jpg,0.41865396,0
0822 (5).jpg,test\REAL\0822 (5).jpg,0.99999994,1
0822 (6).jpg,test\REAL\0822 (6).jpg,0.9495176,1
0822 (7).jpg,test\REAL\0822 (7).jpg,0.9999977,1
0822 (8).jpg,test\REAL\0822 (8).jpg,0.9999999,1
0822 (9).jpg,test\REAL\0822 (9).jpg,0.4917612,0
0822.jpg,test\REAL\0822.jpg,1.0,1
0823 (10).jpg,test\REAL\0823 (10).jpg,0.6048585,1
0823 (2).jpg,test\REAL\0823 (2).jpg,0.049321055,0
0823 (3).jpg,test\REAL\0823 (3).jpg,0.9999985,1
0823 (4).jpg,test\REAL\0823 (4).jpg,0.99999857,1
0823 (5).jpg,test\REAL\0823 (5).jpg,0.99999976,1
0823 (6).jpg,test\REAL\0823 (6).jpg,0.98814535,1
0823 (7).jpg,test\REAL\0823 (7).jpg,0.9993291,1
0823 (8).jpg,test\REAL\0823 (8).jpg,0.9984789,1
0823 (9).jpg,test\REAL\0823 (9).jpg,0.9997771,1
0823.jpg,test\REAL\0823.jpg,0.0,0
0824 (10).jpg,test\REAL\0824 (10).jpg,1.0,1
0824 (2).jpg,test\REAL\0824 (2).jpg,0.17420694,0
0824 (3).jpg,test\REAL\0824 (3).jpg,0.9999999,1
0824 (4).jpg,test\REAL\0824 (4).jpg,0.9999999,1
0824 (5).jpg,test\REAL\0824 (5).jpg,1.0,1
0824 (6).jpg,test\REAL\0824 (6).jpg,1.0,1
0824 (7).jpg,test\REAL\0824 (7).jpg,1.0,1
0824 (8).jpg,test\REAL\0824 (8).jpg,0.9999999,1
0824 (9).jpg,test\REAL\0824 (9).jpg,0.68553597,1
0824.jpg,test\REAL\0824.jpg,0.99823976,1
0825 (10).jpg,test\REAL\0825 (10).jpg,0.33670703,0
0825 (2).jpg,test\REAL\0825 (2).jpg,1.0,1
0825 (3).jpg,test\REAL\0825 (3).jpg,1.0,1
0825 (4).jpg,test\REAL\0825 (4).jpg,0.99969363,1
0825 (5).jpg,test\REAL\0825 (5).jpg,0.8026265,1
0825 (6).jpg,test\REAL\0825 (6).jpg,1.0,1
0825 (7).jpg,test\REAL\0825 (7).jpg,0.99994564,1
0825 (8).jpg,test\REAL\0825 (8).jpg,0.27994496,0
0825 (9).jpg,test\REAL\0825 (9).jpg,1.0,1
0825.jpg,test\REAL\0825.jpg,0.03332594,0
0826 (10).jpg,test\REAL\0826 (10).jpg,0.37713632,0
0826 (2).jpg,test\REAL\0826 (2).jpg,1.0,1
0826 (3).jpg,test\REAL\0826 (3).jpg,0.16224921,0
0826 (4).jpg,test\REAL\0826 (4).jpg,0.99979365,1
0826 (5).jpg,test\REAL\0826 (5).jpg,0.9999949,1
0826 (6).jpg,test\REAL\0826 (6).jpg,0.9994999,1
0826 (7).jpg,test\REAL\0826 (7).jpg,1.0,1
0826 (8).jpg,test\REAL\0826 (8).jpg,0.9999997,1
0826 (9).jpg,test\REAL\0826 (9).jpg,1.129508e-05,0
0826.jpg,test\REAL\0826.jpg,1.0,1
0827 (10).jpg,test\REAL\0827 (10).jpg,0.010331571,0
0827 (2).jpg,test\REAL\0827 (2).jpg,1.0,1
0827 (3).jpg,test\REAL\0827 (3).jpg,1.0,1
0827 (4).jpg,test\REAL\0827 (4).jpg,1.0,1
0827 (5).jpg,test\REAL\0827 (5).jpg,1.0,1
0827 (6).jpg,test\REAL\0827 (6).jpg,0.999004,1
0827 (7).jpg,test\REAL\0827 (7).jpg,0.99998426,1
0827 (8).jpg,test\REAL\0827 (8).jpg,0.15705088,0
0827 (9).jpg,test\REAL\0827 (9).jpg,0.9998182,1
0827.jpg,test\REAL\0827.jpg,0.9999614,1
0828 (10).jpg,test\REAL\0828 (10).jpg,0.9996009,1
0828 (2).jpg,test\REAL\0828 (2).jpg,0.27922475,0
0828 (3).jpg,test\REAL\0828 (3).jpg,7.748604e-07,0
0828 (4).jpg,test\REAL\0828 (4).jpg,0.99996006,1
0828 (5).jpg,test\REAL\0828 (5).jpg,0.99999946,1
0828 (6).jpg,test\REAL\0828 (6).jpg,1.0,1
0828 (7).jpg,test\REAL\0828 (7).jpg,0.9919474,1
0828 (8).jpg,test\REAL\0828 (8).jpg,0.4549988,0
0828 (9).jpg,test\REAL\0828 (9).jpg,0.7494972,1
0828.jpg,test\REAL\0828.jpg,0.9999928,1
0829 (10).jpg,test\REAL\0829 (10).jpg,0.35100698,0
0829 (2).jpg,test\REAL\0829 (2).jpg,1.0,1
0829 (3).jpg,test\REAL\0829 (3).jpg,0.9999974,1
0829 (4).jpg,test\REAL\0829 (4).jpg,0.8114618,1
0829 (5).jpg,test\REAL\0829 (5).jpg,0.9983504,1
0829 (6).jpg,test\REAL\0829 (6).jpg,0.08301711,0
0829 (7).jpg,test\REAL\0829 (7).jpg,1.0,1
0829 (8).jpg,test\REAL\0829 (8).jpg,0.9999742,1
0829 (9).jpg,test\REAL\0829 (9).jpg,0.99999857,1
0829.jpg,test\REAL\0829.jpg,0.95106506,1
0830 (10).jpg,test\REAL\0830 (10).jpg,0.99983996,1
0830 (2).jpg,test\REAL\0830 (2).jpg,1.0,1
0830 (3).jpg,test\REAL\0830 (3).jpg,0.9989793,1
0830 (4).jpg,test\REAL\0830 (4).jpg,1.0,1
0830 (5).jpg,test\REAL\0830 (5).jpg,0.99999785,1
0830 (6).jpg,test\REAL\0830 (6).jpg,1.0,1
0830 (7).jpg,test\REAL\0830 (7).jpg,0.99963796,1
0830 (8).jpg,test\REAL\0830 (8).jpg,0.9964298,1
0830 (9).jpg,test\REAL\0830 (9).jpg,1.0,1
0830.jpg,test\REAL\0830.jpg,1.0,1
0831 (10).jpg,test\REAL\0831 (10).jpg,1.0,1
0831 (2).jpg,test\REAL\0831 (2).jpg,0.37978548,0
0831 (3).jpg,test\REAL\0831 (3).jpg,0.65748954,1
0831 (4).jpg,test\REAL\0831 (4).jpg,1.0,1
0831 (5).jpg,test\REAL\0831 (5).jpg,0.89206815,1
0831 (6).jpg,test\REAL\0831 (6).jpg,0.9999997,1
0831 (7).jpg,test\REAL\0831 (7).jpg,0.9999999,1
0831 (8).jpg,test\REAL\0831 (8).jpg,0.99987096,1
0831 (9).jpg,test\REAL\0831 (9).jpg,0.9595711,1
0831.jpg,test\REAL\0831.jpg,0.8239771,1
0832 (10).jpg,test\REAL\0832 (10).jpg,0.9999954,1
0832 (2).jpg,test\REAL\0832 (2).jpg,0.9995339,1
0832 (3).jpg,test\REAL\0832 (3).jpg,0.6458682,1
0832 (4).jpg,test\REAL\0832 (4).jpg,0.9999999,1
0832 (5).jpg,test\REAL\0832 (5).jpg,0.41990918,0
0832 (6).jpg,test\REAL\0832 (6).jpg,1.0,1
0832 (7).jpg,test\REAL\0832 (7).jpg,1.0,1
0832 (8).jpg,test\REAL\0832 (8).jpg,1.0,1
0832 (9).jpg,test\REAL\0832 (9).jpg,0.9999994,1
0832.jpg,test\REAL\0832.jpg,1.0,1
0833 (10).jpg,test\REAL\0833 (10).jpg,0.99912053,1
0833 (2).jpg,test\REAL\0833 (2).jpg,0.78369117,1
0833 (3).jpg,test\REAL\0833 (3).jpg,0.061782956,0
0833 (4).jpg,test\REAL\0833 (4).jpg,1.0,1
0833 (5).jpg,test\REAL\0833 (5).jpg,0.9999943,1
0833 (6).jpg,test\REAL\0833 (6).jpg,0.9912008,1
0833 (7).jpg,test\REAL\0833 (7).jpg,0.9978633,1
0833 (8).jpg,test\REAL\0833 (8).jpg,0.5554269,1
0833 (9).jpg,test\REAL\0833 (9).jpg,0.11949366,0
0833.jpg,test\REAL\0833.jpg,0.030915499,0
0834 (10).jpg,test\REAL\0834 (10).jpg,0.0,0
0834 (2).jpg,test\REAL\0834 (2).jpg,1.0,1
0834 (3).jpg,test\REAL\0834 (3).jpg,0.96657354,1
0834 (4).jpg,test\REAL\0834 (4).jpg,0.22005904,0
0834 (5).jpg,test\REAL\0834 (5).jpg,0.9987174,1
0834 (6).jpg,test\REAL\0834 (6).jpg,1.0,1
0834 (7).jpg,test\REAL\0834 (7).jpg,1.0,1
0834 (8).jpg,test\REAL\0834 (8).jpg,1.0,1
0834 (9).jpg,test\REAL\0834 (9).jpg,1.0,1
0834.jpg,test\REAL\0834.jpg,1.0,1
0835 (10).jpg,test\REAL\0835 (10).jpg,1.0,1
0835 (2).jpg,test\REAL\0835 (2).jpg,0.44846225,0
0835 (3).jpg,test\REAL\0835 (3).jpg,1.0,1
0835 (4).jpg,test\REAL\0835 (4).jpg,0.93680394,1
0835 (5).jpg,test\REAL\0835 (5).jpg,0.9960614,1
0835 (6).jpg,test\REAL\0835 (6).jpg,1.0,1
0835 (7).jpg,test\REAL\0835 (7).jpg,1.0,1
0835 (8).jpg,test\REAL\0835 (8).jpg,0.13846818,0
0835 (9).jpg,test\REAL\0835 (9).jpg,0.7196245,1
0835.jpg,test\REAL\0835.jpg,1.0,1
0836 (10).jpg,test\REAL\0836 (10).jpg,1.0,1
0836 (2).jpg,test\REAL\0836 (2).jpg,1.0,1
0836 (3).jpg,test\REAL\0836 (3).jpg,0.9999596,1
0836 (4).jpg,test\REAL\0836 (4).jpg,0.99999994,1
0836 (5).jpg,test\REAL\0836 (5).jpg,1.0,1
0836 (6).jpg,test\REAL\0836 (6).jpg,1.0,1
0836 (7).jpg,test\REAL\0836 (7).jpg,1.0,1
0836 (8).jpg,test\REAL\0836 (8).jpg,1.0,1
0836 (9).jpg,test\REAL\0836 (9).jpg,1.0,1
0836.jpg,test\REAL\0836.jpg,0.15562424,0
0837 (10).jpg,test\REAL\0837 (10).jpg,1.0,1
0837 (2).jpg,test\REAL\0837 (2).jpg,0.99572414,1
0837 (3).jpg,test\REAL\0837 (3).jpg,0.57074404,1
0837 (4).jpg,test\REAL\0837 (4).jpg,0.99942803,1
0837 (5).jpg,test\REAL\0837 (5).jpg,0.9183552,1
0837 (6).jpg,test\REAL\0837 (6).jpg,0.99999976,1
0837 (7).jpg,test\REAL\0837 (7).jpg,0.24671185,0
0837 (8).jpg,test\REAL\0837 (8).jpg,0.9989408,1
0837 (9).jpg,test\REAL\0837 (9).jpg,0.99999934,1
0837.jpg,test\REAL\0837.jpg,1.0,1
0838 (10).jpg,test\REAL\0838 (10).jpg,1.0,1
0838 (2).jpg,test\REAL\0838 (2).jpg,0.048636466,0
0838 (3).jpg,test\REAL\0838 (3).jpg,0.22487578,0
0838 (4).jpg,test\REAL\0838 (4).jpg,1.0,1
0838 (5).jpg,test\REAL\0838 (5).jpg,0.9999976,1
0838 (6).jpg,test\REAL\0838 (6).jpg,0.9999894,1
0838 (7).jpg,test\REAL\0838 (7).jpg,0.9999733,1
0838 (8).jpg,test\REAL\0838 (8).jpg,0.94996065,1
0838 (9).jpg,test\REAL\0838 (9).jpg,0.99999964,1
0838.jpg,test\REAL\0838.jpg,0.99999994,1
0839 (10).jpg,test\REAL\0839 (10).jpg,0.9999901,1
0839 (2).jpg,test\REAL\0839 (2).jpg,0.99979436,1
0839 (3).jpg,test\REAL\0839 (3).jpg,1.0,1
0839 (4).jpg,test\REAL\0839 (4).jpg,1.0,1
0839 (5).jpg,test\REAL\0839 (5).jpg,0.0008393228,0
0839 (6).jpg,test\REAL\0839 (6).jpg,6.240606e-05,0
0839 (7).jpg,test\REAL\0839 (7).jpg,0.9999521,1
0839 (8).jpg,test\REAL\0839 (8).jpg,1.0,1
0839 (9).jpg,test\REAL\0839 (9).jpg,0.9997097,1
0839.jpg,test\REAL\0839.jpg,0.0035113692,0
0840 (10).jpg,test\REAL\0840 (10).jpg,1.0,1
0840 (2).jpg,test\REAL\0840 (2).jpg,1.0,1
0840 (3).jpg,test\REAL\0840 (3).jpg,0.9981603,1
0840 (4).jpg,test\REAL\0840 (4).jpg,0.9986439,1
0840 (5).jpg,test\REAL\0840 (5).jpg,1.0,1
0840 (6).jpg,test\REAL\0840 (6).jpg,1.0,1
0840 (7).jpg,test\REAL\0840 (7).jpg,0.9998561,1
0840 (8).jpg,test\REAL\0840 (8).jpg,0.9989555,1
0840 (9).jpg,test\REAL\0840 (9).jpg,1.0,1
0840.jpg,test\REAL\0840.jpg,0.9999759,1
0841 (10).jpg,test\REAL\0841 (10).jpg,1.0,1
0841 (2).jpg,test\REAL\0841 (2).jpg,1.0,1
0841 (3).jpg,test\REAL\0841 (3).jpg,0.36700976,0
0841 (4).jpg,test\REAL\0841 (4).jpg,0.9728828,1
0841 (5).jpg,test\REAL\0841 (5).jpg,0.99565196,1
0841 (6).jpg,test\REAL\0841 (6).jpg,1.0,1
0841 (7).jpg,test\REAL\0841 (7).jpg,1.0,1
0841 (8).jpg,test\REAL\0841 (8).jpg,0.9399437,1
0841 (9).jpg,test\REAL\0841 (9).jpg,0.046558887,0
0841.jpg,test\REAL\0841.jpg,6.7949295e-06,0
0842 (10).jpg,test\REAL\0842 (10).jpg,0.99999905,1
0842 (2).jpg,test\REAL\0842 (2).jpg,1.0,1
0842 (3).jpg,test\REAL\0842 (3).jpg,1.0,1
0842 (4).jpg,test\REAL\0842 (4).jpg,0.99998415,1
0842 (5).jpg,test\REAL\0842 (5).jpg,0.9999999,1
0842 (6).jpg,test\REAL\0842 (6).jpg,1.0,1
0842 (7).jpg,test\REAL\0842 (7).jpg,0.9998775,1
0842 (8).jpg,test\REAL\0842 (8).jpg,1.0,1
0842 (9).jpg,test\REAL\0842 (9).jpg,0.96545625,1
0842.jpg,test\REAL\0842.jpg,0.64989984,1
0843 (10).jpg,test\REAL\0843 (10).jpg,0.99910355,1
0843 (2).jpg,test\REAL\0843 (2).jpg,0.98740613,1
0843 (3).jpg,test\REAL\0843 (3).jpg,0.9999605,1
0843 (4).jpg,test\REAL\0843 (4).jpg,1.0,1
0843 (5).jpg,test\REAL\0843 (5).jpg,0.96393204,1
0843 (6).jpg,test\REAL\0843 (6).jpg,0.99441123,1
0843 (7).jpg,test\REAL\0843 (7).jpg,0.9991593,1
0843 (8).jpg,test\REAL\0843 (8).jpg,0.9999696,1
0843 (9).jpg,test\REAL\0843 (9).jpg,1.0,1
0843.jpg,test\REAL\0843.jpg,0.9977205,1
0844 (10).jpg,test\REAL\0844 (10).jpg,0.87258744,1
0844 (2).jpg,test\REAL\0844 (2).jpg,0.99999994,1
0844 (3).jpg,test\REAL\0844 (3).jpg,0.9999996,1
0844 (4).jpg,test\REAL\0844 (4).jpg,0.9999855,1
0844 (5).jpg,test\REAL\0844 (5).jpg,1.0,1
0844 (6).jpg,test\REAL\0844 (6).jpg,1.0,1
0844 (7).jpg,test\REAL\0844 (7).jpg,1.0,1
0844 (8).jpg,test\REAL\0844 (8).jpg,0.99403274,1
0844 (9).jpg,test\REAL\0844 (9).jpg,0.99999726,1
0844.jpg,test\REAL\0844.jpg,0.9999876,1
0845 (10).jpg,test\REAL\0845 (10).jpg,1.0,1
0845 (2).jpg,test\REAL\0845 (2).jpg,0.50497687,1
0845 (3).jpg,test\REAL\0845 (3).jpg,0.003738463,0
0845 (4).jpg,test\REAL\0845 (4).jpg,0.9997989,1
0845 (5).jpg,test\REAL\0845 (5).jpg,1.0,1
0845 (6).jpg,test\REAL\0845 (6).jpg,1.0,1
0845 (7).jpg,test\REAL\0845 (7).jpg,0.9992246,1
0845 (8).jpg,test\REAL\0845 (8).jpg,1.0,1
0845 (9).jpg,test\REAL\0845 (9).jpg,0.9999995,1
0845.jpg,test\REAL\0845.jpg,2.5570393e-05,0
0846 (10).jpg,test\REAL\0846 (10).jpg,0.9999995,1
0846 (2).jpg,test\REAL\0846 (2).jpg,1.0,1
0846 (3).jpg,test\REAL\0846 (3).jpg,0.99999857,1
0846 (4).jpg,test\REAL\0846 (4).jpg,1.0,1
0846 (5).jpg,test\REAL\0846 (5).jpg,0.86080015,1
0846 (6).jpg,test\REAL\0846 (6).jpg,0.9881848,1
0846 (7).jpg,test\REAL\0846 (7).jpg,0.9999119,1
0846 (8).jpg,test\REAL\0846 (8).jpg,0.25142467,0
0846 (9).jpg,test\REAL\0846 (9).jpg,1.0,1
0846.jpg,test\REAL\0846.jpg,0.05059728,0
0847 (10).jpg,test\REAL\0847 (10).jpg,1.0,1
0847 (2).jpg,test\REAL\0847 (2).jpg,1.0,1
0847 (3).jpg,test\REAL\0847 (3).jpg,0.9999993,1
0847 (4).jpg,test\REAL\0847 (4).jpg,1.0,1
0847 (5).jpg,test\REAL\0847 (5).jpg,0.6429381,1
0847 (6).jpg,test\REAL\0847 (6).jpg,1.0,1
0847 (7).jpg,test\REAL\0847 (7).jpg,0.99191606,1
0847 (8).jpg,test\REAL\0847 (8).jpg,0.9999461,1
0847 (9).jpg,test\REAL\0847 (9).jpg,1.0,1
0847.jpg,test\REAL\0847.jpg,5.978346e-05,0
0848 (10).jpg,test\REAL\0848 (10).jpg,0.13342953,0
0848 (2).jpg,test\REAL\0848 (2).jpg,1.0,1
0848 (3).jpg,test\REAL\0848 (3).jpg,0.97646415,1
0848 (4).jpg,test\REAL\0848 (4).jpg,0.99997914,1
0848 (5).jpg,test\REAL\0848 (5).jpg,0.9785626,1
0848 (6).jpg,test\REAL\0848 (6).jpg,0.9727368,1
0848 (7).jpg,test\REAL\0848 (7).jpg,1.0,1
0848 (8).jpg,test\REAL\0848 (8).jpg,0.99992526,1
0848 (9).jpg,test\REAL\0848 (9).jpg,0.9829984,1
0848.jpg,test\REAL\0848.jpg,1.0,1
0849 (10).jpg,test\REAL\0849 (10).jpg,0.999995,1
0849 (2).jpg,test\REAL\0849 (2).jpg,1.0,1
0849 (3).jpg,test\REAL\0849 (3).jpg,0.94066286,1
0849 (4).jpg,test\REAL\0849 (4).jpg,0.9999971,1
0849 (5).jpg,test\REAL\0849 (5).jpg,0.9999995,1
0849 (6).jpg,test\REAL\0849 (6).jpg,1.0,1
0849 (7).jpg,test\REAL\0849 (7).jpg,0.99986124,1
0849 (8).jpg,test\REAL\0849 (8).jpg,1.0,1
0849 (9).jpg,test\REAL\0849 (9).jpg,0.9865871,1
0849.jpg,test\REAL\0849.jpg,0.14938426,0
0850 (10).jpg,test\REAL\0850 (10).jpg,1.0,1
0850 (2).jpg,test\REAL\0850 (2).jpg,1.0,1
0850 (3).jpg,test\REAL\0850 (3).jpg,0.98862857,1
0850 (4).jpg,test\REAL\0850 (4).jpg,1.0,1
0850 (5).jpg,test\REAL\0850 (5).jpg,1.0,1
0850 (6).jpg,test\REAL\0850 (6).jpg,0.99998426,1
0850 (7).jpg,test\REAL\0850 (7).jpg,1.0,1
0850 (8).jpg,test\REAL\0850 (8).jpg,1.0,1
0850 (9).jpg,test\REAL\0850 (9).jpg,0.99997723,1
0850.jpg,test\REAL\0850.jpg,1.0,1
0851 (10).jpg,test\REAL\0851 (10).jpg,1.0,1
0851 (2).jpg,test\REAL\0851 (2).jpg,0.9999467,1
0851 (3).jpg,test\REAL\0851 (3).jpg,0.0012652278,0
0851 (4).jpg,test\REAL\0851 (4).jpg,0.023373336,0
0851 (5).jpg,test\REAL\0851 (5).jpg,1.0,1
0851 (6).jpg,test\REAL\0851 (6).jpg,1.0,1
0851 (7).jpg,test\REAL\0851 (7).jpg,1.0,1
0851 (8).jpg,test\REAL\0851 (8).jpg,1.0,1
0851 (9).jpg,test\REAL\0851 (9).jpg,0.73502684,1
0851.jpg,test\REAL\0851.jpg,0.909327,1
0852 (10).jpg,test\REAL\0852 (10).jpg,0.9999999,1
0852 (2).jpg,test\REAL\0852 (2).jpg,0.99999905,1
0852 (3).jpg,test\REAL\0852 (3).jpg,0.9931553,1
0852 (4).jpg,test\REAL\0852 (4).jpg,1.0,1
0852 (5).jpg,test\REAL\0852 (5).jpg,0.9999982,1
0852 (6).jpg,test\REAL\0852 (6).jpg,1.0,1
0852 (7).jpg,test\REAL\0852 (7).jpg,1.0,1
0852 (8).jpg,test\REAL\0852 (8).jpg,1.0,1
0852 (9).jpg,test\REAL\0852 (9).jpg,1.0,1
0852.jpg,test\REAL\0852.jpg,0.09234446,0
0853 (10).jpg,test\REAL\0853 (10).jpg,1.0,1
0853 (2).jpg,test\REAL\0853 (2).jpg,0.9999356,1
0853 (3).jpg,test\REAL\0853 (3).jpg,1.0,1
0853 (4).jpg,test\REAL\0853 (4).jpg,0.98485553,1
0853 (5).jpg,test\REAL\0853 (5).jpg,1.0,1
0853 (6).jpg,test\REAL\0853 (6).jpg,0.9972148,1
0853 (7).jpg,test\REAL\0853 (7).jpg,0.9999926,1
0853 (8).jpg,test\REAL\0853 (8).jpg,0.9999501,1
0853 (9).jpg,test\REAL\0853 (9).jpg,1.0,1
0853.jpg,test\REAL\0853.jpg,1.0,1
0854 (10).jpg,test\REAL\0854 (10).jpg,0.9246419,1
0854 (2).jpg,test\REAL\0854 (2).jpg,1.0,1
0854 (3).jpg,test\REAL\0854 (3).jpg,0.9985274,1
0854 (4).jpg,test\REAL\0854 (4).jpg,1.0,1
0854 (5).jpg,test\REAL\0854 (5).jpg,1.0,1
0854 (6).jpg,test\REAL\0854 (6).jpg,1.0,1
0854 (7).jpg,test\REAL\0854 (7).jpg,0.90088844,1
0854 (8).jpg,test\REAL\0854 (8).jpg,0.9423448,1
0854 (9).jpg,test\REAL\0854 (9).jpg,1.0,1
0854.jpg,test\REAL\0854.jpg,1.0,1
0855 (10).jpg,test\REAL\0855 (10).jpg,5.877018e-05,0
0855 (2).jpg,test\REAL\0855 (2).jpg,0.00042515993,0
0855 (3).jpg,test\REAL\0855 (3).jpg,0.99950284,1
0855 (4).jpg,test\REAL\0855 (4).jpg,0.9999975,1
0855 (5).jpg,test\REAL\0855 (5).jpg,1.0,1
0855 (6).jpg,test\REAL\0855 (6).jpg,1.0,1
0855 (7).jpg,test\REAL\0855 (7).jpg,0.5953351,1
0855 (8).jpg,test\REAL\0855 (8).jpg,1.0,1
0855 (9).jpg,test\REAL\0855 (9).jpg,0.9344642,1
0855.jpg,test\REAL\0855.jpg,1.0,1
0856 (10).jpg,test\REAL\0856 (10).jpg,1.0,1
0856 (2).jpg,test\REAL\0856 (2).jpg,0.9989865,1
0856 (3).jpg,test\REAL\0856 (3).jpg,0.5578031,1
0856 (4).jpg,test\REAL\0856 (4).jpg,0.9120282,1
0856 (5).jpg,test\REAL\0856 (5).jpg,0.9737724,1
0856 (6).jpg,test\REAL\0856 (6).jpg,1.0,1
0856 (7).jpg,test\REAL\0856 (7).jpg,1.0,1
0856 (8).jpg,test\REAL\0856 (8).jpg,0.00081139803,0
0856 (9).jpg,test\REAL\0856 (9).jpg,0.99989593,1
0856.jpg,test\REAL\0856.jpg,0.99121606,1
0857 (10).jpg,test\REAL\0857 (10).jpg,0.99994624,1
0857 (2).jpg,test\REAL\0857 (2).jpg,0.9999981,1
0857 (3).jpg,test\REAL\0857 (3).jpg,0.99995804,1
0857 (4).jpg,test\REAL\0857 (4).jpg,0.9999999,1
0857 (5).jpg,test\REAL\0857 (5).jpg,0.954279,1
0857 (6).jpg,test\REAL\0857 (6).jpg,1.0,1
0857 (7).jpg,test\REAL\0857 (7).jpg,0.9936421,1
0857 (8).jpg,test\REAL\0857 (8).jpg,1.0,1
0857 (9).jpg,test\REAL\0857 (9).jpg,1.0,1
0857.jpg,test\REAL\0857.jpg,1.0,1
0858 (10).jpg,test\REAL\0858 (10).jpg,0.99999845,1
0858 (2).jpg,test\REAL\0858 (2).jpg,1.0,1
0858 (3).jpg,test\REAL\0858 (3).jpg,0.9999987,1
0858 (4).jpg,test\REAL\0858 (4).jpg,1.0,1
0858 (5).jpg,test\REAL\0858 (5).jpg,1.0,1
0858 (6).jpg,test\REAL\0858 (6).jpg,0.99999946,1
0858 (7).jpg,test\REAL\0858 (7).jpg,1.0,1
0858 (8).jpg,test\REAL\0858 (8).jpg,1.0,1
0858 (9).jpg,test\REAL\0858 (9).jpg,0.99929094,1
0858.jpg,test\REAL\0858.jpg,0.99951935,1
0859 (10).jpg,test\REAL\0859 (10).jpg,1.0,1
0859 (2).jpg,test\REAL\0859 (2).jpg,1.0,1
0859 (3).jpg,test\REAL\0859 (3).jpg,0.9936081,1
0859 (4).jpg,test\REAL\0859 (4).jpg,0.99845034,1
0859 (5).jpg,test\REAL\0859 (5).jpg,0.9367571,1
0859 (6).jpg,test\REAL\0859 (6).jpg,0.99999833,1
0859 (7).jpg,test\REAL\0859 (7).jpg,1.0,1
0859 (8).jpg,test\REAL\0859 (8).jpg,0.99039876,1
0859 (9).jpg,test\REAL\0859 (9).jpg,0.112377346,0
0859.jpg,test\REAL\0859.jpg,0.9997962,1
0860 (10).jpg,test\REAL\0860 (10).jpg,0.9999766,1
0860 (2).jpg,test\REAL\0860 (2).jpg,0.08758095,0
0860 (3).jpg,test\REAL\0860 (3).jpg,0.71778435,1
0860 (4).jpg,test\REAL\0860 (4).jpg,0.9951364,1
0860 (5).jpg,test\REAL\0860 (5).jpg,1.0,1
0860 (6).jpg,test\REAL\0860 (6).jpg,0.9999825,1
0860 (7).jpg,test\REAL\0860 (7).jpg,0.99542004,1
0860 (8).jpg,test\REAL\0860 (8).jpg,0.99999905,1
0860 (9).jpg,test\REAL\0860 (9).jpg,0.9857063,1
0860.jpg,test\REAL\0860.jpg,0.9998385,1
0861 (10).jpg,test\REAL\0861 (10).jpg,0.96265775,1
0861 (2).jpg,test\REAL\0861 (2).jpg,0.9999969,1
0861 (3).jpg,test\REAL\0861 (3).jpg,0.35100698,0
0861 (4).jpg,test\REAL\0861 (4).jpg,1.0,1
0861 (5).jpg,test\REAL\0861 (5).jpg,0.99995005,1
0861 (6).jpg,test\REAL\0861 (6).jpg,1.0,1
0861 (7).jpg,test\REAL\0861 (7).jpg,1.0,1
0861 (8).jpg,test\REAL\0861 (8).jpg,1.0,1
0861 (9).jpg,test\REAL\0861 (9).jpg,0.96791875,1
0861.jpg,test\REAL\0861.jpg,0.921536,1
0862 (10).jpg,test\REAL\0862 (10).jpg,0.7319913,1
0862 (2).jpg,test\REAL\0862 (2).jpg,0.2328994,0
0862 (3).jpg,test\REAL\0862 (3).jpg,1.0,1
0862 (4).jpg,test\REAL\0862 (4).jpg,0.983367,1
0862 (5).jpg,test\REAL\0862 (5).jpg,0.99998796,1
0862 (6).jpg,test\REAL\0862 (6).jpg,0.99912953,1
0862 (7).jpg,test\REAL\0862 (7).jpg,0.99999976,1
0862 (8).jpg,test\REAL\0862 (8).jpg,1.0,1
0862 (9).jpg,test\REAL\0862 (9).jpg,1.0,1
0862.jpg,test\REAL\0862.jpg,0.9999997,1
0863 (10).jpg,test\REAL\0863 (10).jpg,0.99994767,1
0863 (2).jpg,test\REAL\0863 (2).jpg,0.9999497,1
0863 (3).jpg,test\REAL\0863 (3).jpg,0.048081905,0
0863 (4).jpg,test\REAL\0863 (4).jpg,1.0,1
0863 (5).jpg,test\REAL\0863 (5).jpg,1.0,1
0863 (6).jpg,test\REAL\0863 (6).jpg,0.9999869,1
0863 (7).jpg,test\REAL\0863 (7).jpg,1.0,1
0863 (8).jpg,test\REAL\0863 (8).jpg,0.4390898,0
0863 (9).jpg,test\REAL\0863 (9).jpg,0.9999727,1
0863.jpg,test\REAL\0863.jpg,0.6941248,1
0864 (10).jpg,test\REAL\0864 (10).jpg,0.98700714,1
0864 (2).jpg,test\REAL\0864 (2).jpg,0.90233946,1
0864 (3).jpg,test\REAL\0864 (3).jpg,1.0,1
0864 (4).jpg,test\REAL\0864 (4).jpg,1.0,1
0864 (5).jpg,test\REAL\0864 (5).jpg,0.17525432,0
0864 (6).jpg,test\REAL\0864 (6).jpg,1.0,1
0864 (7).jpg,test\REAL\0864 (7).jpg,0.99997056,1
0864 (8).jpg,test\REAL\0864 (8).jpg,0.98823524,1
0864 (9).jpg,test\REAL\0864 (9).jpg,0.99196285,1
0864.jpg,test\REAL\0864.jpg,0.033676237,0
0865 (10).jpg,test\REAL\0865 (10).jpg,0.99929136,1
0865 (2).jpg,test\REAL\0865 (2).jpg,0.9915425,1
0865 (3).jpg,test\REAL\0865 (3).jpg,1.0,1
0865 (4).jpg,test\REAL\0865 (4).jpg,0.0519951,0
0865 (5).jpg,test\REAL\0865 (5).jpg,1.0,1
0865 (6).jpg,test\REAL\0865 (6).jpg,0.001195997,0
0865 (7).jpg,test\REAL\0865 (7).jpg,1.0,1
0865 (8).jpg,test\REAL\0865 (8).jpg,0.28938943,0
0865 (9).jpg,test\REAL\0865 (9).jpg,0.9999062,1
0865.jpg,test\REAL\0865.jpg,0.9660278,1
0866 (10).jpg,test\REAL\0866 (10).jpg,0.99999994,1
0866 (2).jpg,test\REAL\0866 (2).jpg,0.9999999,1
0866 (3).jpg,test\REAL\0866 (3).jpg,0.19739097,0
0866 (4).jpg,test\REAL\0866 (4).jpg,0.99998194,1
0866 (5).jpg,test\REAL\0866 (5).jpg,1.0,1
0866 (6).jpg,test\REAL\0866 (6).jpg,1.0,1
0866 (7).jpg,test\REAL\0866 (7).jpg,1.0,1
0866 (8).jpg,test\REAL\0866 (8).jpg,0.99999464,1
0866 (9).jpg,test\REAL\0866 (9).jpg,0.999516,1
0866.jpg,test\REAL\0866.jpg,1.0,1
0867 (10).jpg,test\REAL\0867 (10).jpg,1.0,1
0867 (2).jpg,test\REAL\0867 (2).jpg,0.9999999,1
0867 (3).jpg,test\REAL\0867 (3).jpg,0.74356544,1
0867 (4).jpg,test\REAL\0867 (4).jpg,0.36827862,0
0867 (5).jpg,test\REAL\0867 (5).jpg,0.7709521,1
0867 (6).jpg,test\REAL\0867 (6).jpg,0.94385535,1
0867 (7).jpg,test\REAL\0867 (7).jpg,0.99999666,1
0867 (8).jpg,test\REAL\0867 (8).jpg,0.9481441,1
0867 (9).jpg,test\REAL\0867 (9).jpg,0.9999999,1
0867.jpg,test\REAL\0867.jpg,1.0,1
0868 (10).jpg,test\REAL\0868 (10).jpg,0.9999983,1
0868 (2).jpg,test\REAL\0868 (2).jpg,0.9999994,1
0868 (3).jpg,test\REAL\0868 (3).jpg,1.0,1
0868 (4).jpg,test\REAL\0868 (4).jpg,1.0,1
0868 (5).jpg,test\REAL\0868 (5).jpg,1.0,1
0868 (6).jpg,test\REAL\0868 (6).jpg,1.0,1
0868 (7).jpg,test\REAL\0868 (7).jpg,0.9999987,1
0868 (8).jpg,test\REAL\0868 (8).jpg,0.9997278,1
0868 (9).jpg,test\REAL\0868 (9).jpg,0.9999982,1
0868.jpg,test\REAL\0868.jpg,0.79391146,1
0869 (10).jpg,test\REAL\0869 (10).jpg,0.99996257,1
0869 (2).jpg,test\REAL\0869 (2).jpg,0.99933434,1
0869 (3).jpg,test\REAL\0869 (3).jpg,1.0,1
0869 (4).jpg,test\REAL\0869 (4).jpg,0.9815389,1
0869 (5).jpg,test\REAL\0869 (5).jpg,0.5213807,1
0869 (6).jpg,test\REAL\0869 (6).jpg,0.24419668,0
0869 (7).jpg,test\REAL\0869 (7).jpg,0.99999994,1
0869 (8).jpg,test\REAL\0869 (8).jpg,0.24604076,0
0869 (9).jpg,test\REAL\0869 (9).jpg,0.999977,1
0869.jpg,test\REAL\0869.jpg,0.8508183,1
0870 (10).jpg,test\REAL\0870 (10).jpg,0.9999937,1
0870 (2).jpg,test\REAL\0870 (2).jpg,1.0,1
0870 (3).jpg,test\REAL\0870 (3).jpg,0.08166394,0
0870 (4).jpg,test\REAL\0870 (4).jpg,1.0,1
0870 (5).jpg,test\REAL\0870 (5).jpg,1.0,1
0870 (6).jpg,test\REAL\0870 (6).jpg,1.0,1
0870 (7).jpg,test\REAL\0870 (7).jpg,1.0,1
0870 (8).jpg,test\REAL\0870 (8).jpg,0.9994112,1
0870 (9).jpg,test\REAL\0870 (9).jpg,0.99999976,1
0870.jpg,test\REAL\0870.jpg,0.99996805,1
0871 (10).jpg,test\REAL\0871 (10).jpg,1.0,1
0871 (2).jpg,test\REAL\0871 (2).jpg,0.9999471,1
0871 (3).jpg,test\REAL\0871 (3).jpg,1.0,1
0871 (4).jpg,test\REAL\0871 (4).jpg,0.9981363,1
0871 (5).jpg,test\REAL\0871 (5).jpg,1.0,1
0871 (6).jpg,test\REAL\0871 (6).jpg,0.9999932,1
0871 (7).jpg,test\REAL\0871 (7).jpg,0.99741435,1
0871 (8).jpg,test\REAL\0871 (8).jpg,0.9993404,1
0871 (9).jpg,test\REAL\0871 (9).jpg,1.0,1
0871.jpg,test\REAL\0871.jpg,0.9998983,1
0872 (10).jpg,test\REAL\0872 (10).jpg,1.0,1
0872 (2).jpg,test\REAL\0872 (2).jpg,1.0,1
0872 (3).jpg,test\REAL\0872 (3).jpg,1.0,1
0872 (4).jpg,test\REAL\0872 (4).jpg,1.0,1
0872 (5).jpg,test\REAL\0872 (5).jpg,0.9936787,1
0872 (6).jpg,test\REAL\0872 (6).jpg,1.0,1
0872 (7).jpg,test\REAL\0872 (7).jpg,0.9997017,1
0872 (8).jpg,test\REAL\0872 (8).jpg,0.6064259,1
0872 (9).jpg,test\REAL\0872 (9).jpg,0.99619985,1
0872.jpg,test\REAL\0872.jpg,1.0,1
0873 (10).jpg,test\REAL\0873 (10).jpg,0.73517567,1
0873 (2).jpg,test\REAL\0873 (2).jpg,0.9989493,1
0873 (3).jpg,test\REAL\0873 (3).jpg,0.9963032,1
0873 (4).jpg,test\REAL\0873 (4).jpg,0.7138431,1
0873 (5).jpg,test\REAL\0873 (5).jpg,0.93097484,1
0873 (6).jpg,test\REAL\0873 (6).jpg,1.0,1
0873 (7).jpg,test\REAL\0873 (7).jpg,1.0,1
0873 (8).jpg,test\REAL\0873 (8).jpg,1.0,1
0873 (9).jpg,test\REAL\0873 (9).jpg,0.616352,1
0873.jpg,test\REAL\0873.jpg,1.0,1
0874 (10).jpg,test\REAL\0874 (10).jpg,1.0,1
0874 (2).jpg,test\REAL\0874 (2).jpg,1.0,1
0874 (3).jpg,test\REAL\0874 (3).jpg,0.030964375,0
0874 (4).jpg,test\REAL\0874 (4).jpg,0.9999987,1
0874 (5).jpg,test\REAL\0874 (5).jpg,0.09322181,0
0874 (6).jpg,test\REAL\0874 (6).jpg,0.9999948,1
0874 (7).jpg,test\REAL\0874 (7).jpg,0.99999833,1
0874 (8).jpg,test\REAL\0874 (8).jpg,1.0,1
0874 (9).jpg,test\REAL\0874 (9).jpg,0.9999926,1
0874.jpg,test\REAL\0874.jpg,1.0,1
0875 (10).jpg,test\REAL\0875 (10).jpg,0.9995582,1
0875 (2).jpg,test\REAL\0875 (2).jpg,0.7779951,1
0875 (3).jpg,test\REAL\0875 (3).jpg,0.9999951,1
0875 (4).jpg,test\REAL\0875 (4).jpg,0.0005597174,0
0875 (5).jpg,test\REAL\0875 (5).jpg,0.93116474,1
0875 (6).jpg,test\REAL\0875 (6).jpg,0.7913972,1
0875 (7).jpg,test\REAL\0875 (7).jpg,1.0,1
0875 (8).jpg,test\REAL\0875 (8).jpg,1.0,1
0875 (9).jpg,test\REAL\0875 (9).jpg,0.9997698,1
0875.jpg,test\REAL\0875.jpg,1.0,1
0876 (10).jpg,test\REAL\0876 (10).jpg,1.0,1
0876 (2).jpg,test\REAL\0876 (2).jpg,1.0,1
0876 (3).jpg,test\REAL\0876 (3).jpg,0.9990475,1
0876 (4).jpg,test\REAL\0876 (4).jpg,1.0,1
0876 (5).jpg,test\REAL\0876 (5).jpg,0.20668957,0
0876 (6).jpg,test\REAL\0876 (6).jpg,1.0,1
0876 (7).jpg,test\REAL\0876 (7).jpg,0.1490741,0
0876 (8).jpg,test\REAL\0876 (8).jpg,1.0,1
0876 (9).jpg,test\REAL\0876 (9).jpg,1.0,1
0876.jpg,test\REAL\0876.jpg,0.9999666,1
0877 (10).jpg,test\REAL\0877 (10).jpg,1.0,1
0877 (2).jpg,test\REAL\0877 (2).jpg,0.9999405,1
0877 (3).jpg,test\REAL\0877 (3).jpg,1.0,1
0877 (4).jpg,test\REAL\0877 (4).jpg,0.99962187,1
0877 (5).jpg,test\REAL\0877 (5).jpg,0.9999993,1
0877 (6).jpg,test\REAL\0877 (6).jpg,1.0,1
0877 (7).jpg,test\REAL\0877 (7).jpg,0.99628127,1
0877 (8).jpg,test\REAL\0877 (8).jpg,0.9988345,1
0877 (9).jpg,test\REAL\0877 (9).jpg,0.99971527,1
0877.jpg,test\REAL\0877.jpg,0.9871156,1
0878 (10).jpg,test\REAL\0878 (10).jpg,1.0,1
0878 (2).jpg,test\REAL\0878 (2).jpg,0.95768625,1
0878 (3).jpg,test\REAL\0878 (3).jpg,0.9822537,1
0878 (4).jpg,test\REAL\0878 (4).jpg,1.0,1
0878 (5).jpg,test\REAL\0878 (5).jpg,1.0,1
0878 (6).jpg,test\REAL\0878 (6).jpg,0.9999912,1
0878 (7).jpg,test\REAL\0878 (7).jpg,0.95775473,1
0878 (8).jpg,test\REAL\0878 (8).jpg,1.0,1
0878 (9).jpg,test\REAL\0878 (9).jpg,1.0,1
0878.jpg,test\REAL\0878.jpg,0.99999994,1
0879 (10).jpg,test\REAL\0879 (10).jpg,0.9999896,1
0879 (2).jpg,test\REAL\0879 (2).jpg,0.7297647,1
0879 (3).jpg,test\REAL\0879 (3).jpg,0.38583547,0
0879 (4).jpg,test\REAL\0879 (4).jpg,0.9999999,1
0879 (5).jpg,test\REAL\0879 (5).jpg,0.98223084,1
0879 (6).jpg,test\REAL\0879 (6).jpg,1.0,1
0879 (7).jpg,test\REAL\0879 (7).jpg,1.0,1
0879 (8).jpg,test\REAL\0879 (8).jpg,0.9962176,1
0879 (9).jpg,test\REAL\0879 (9).jpg,0.632365,1
0879.jpg,test\REAL\0879.jpg,1.0,1
0880 (10).jpg,test\REAL\0880 (10).jpg,1.0,1
0880 (2).jpg,test\REAL\0880 (2).jpg,1.0,1
0880 (3).jpg,test\REAL\0880 (3).jpg,0.9999981,1
0880 (4).jpg,test\REAL\0880 (4).jpg,0.9784274,1
0880 (5).jpg,test\REAL\0880 (5).jpg,0.9999851,1
0880 (6).jpg,test\REAL\0880 (6).jpg,0.9999316,1
0880 (7).jpg,test\REAL\0880 (7).jpg,0.760056,1
0880 (8).jpg,test\REAL\0880 (8).jpg,0.9999187,1
0880 (9).jpg,test\REAL\0880 (9).jpg,1.0,1
0880.jpg,test\REAL\0880.jpg,1.0,1
0881 (10).jpg,test\REAL\0881 (10).jpg,0.0030080676,0
0881 (2).jpg,test\REAL\0881 (2).jpg,0.00038853288,0
0881 (3).jpg,test\REAL\0881 (3).jpg,0.30883324,0
0881 (4).jpg,test\REAL\0881 (4).jpg,0.9999981,1
0881 (5).jpg,test\REAL\0881 (5).jpg,1.0,1
0881 (6).jpg,test\REAL\0881 (6).jpg,0.99999976,1
0881 (7).jpg,test\REAL\0881 (7).jpg,0.942013,1
0881 (8).jpg,test\REAL\0881 (8).jpg,0.09429744,0
0881 (9).jpg,test\REAL\0881 (9).jpg,1.0,1
0881.jpg,test\REAL\0881.jpg,0.9468185,1
0882 (10).jpg,test\REAL\0882 (10).jpg,1.0,1
0882 (2).jpg,test\REAL\0882 (2).jpg,1.0,1
0882 (3).jpg,test\REAL\0882 (3).jpg,1.0,1
0882 (4).jpg,test\REAL\0882 (4).jpg,0.93308294,1
0882 (5).jpg,test\REAL\0882 (5).jpg,1.0,1
0882 (6).jpg,test\REAL\0882 (6).jpg,1.0,1
0882 (7).jpg,test\REAL\0882 (7).jpg,0.114987284,0
0882 (8).jpg,test\REAL\0882 (8).jpg,1.0,1
0882 (9).jpg,test\REAL\0882 (9).jpg,1.0,1
0882.jpg,test\REAL\0882.jpg,1.0,1
0883 (10).jpg,test\REAL\0883 (10).jpg,0.9999993,1
0883 (2).jpg,test\REAL\0883 (2).jpg,0.017727524,0
0883 (3).jpg,test\REAL\0883 (3).jpg,0.0693056,0
0883 (4).jpg,test\REAL\0883 (4).jpg,0.98467207,1
0883 (5).jpg,test\REAL\0883 (5).jpg,0.08614695,0
0883 (6).jpg,test\REAL\0883 (6).jpg,1.0,1
0883 (7).jpg,test\REAL\0883 (7).jpg,0.99999785,1
0883 (8).jpg,test\REAL\0883 (8).jpg,0.9975698,1
0883 (9).jpg,test\REAL\0883 (9).jpg,0.3844307,0
0883.jpg,test\REAL\0883.jpg,1.0,1
0884 (10).jpg,test\REAL\0884 (10).jpg,0.9999997,1
0884 (2).jpg,test\REAL\0884 (2).jpg,0.6459832,1
0884 (3).jpg,test\REAL\0884 (3).jpg,0.99976575,1
0884 (4).jpg,test\REAL\0884 (4).jpg,1.0,1
0884 (5).jpg,test\REAL\0884 (5).jpg,0.9959496,1
0884 (6).jpg,test\REAL\0884 (6).jpg,0.18525842,0
0884 (7).jpg,test\REAL\0884 (7).jpg,1.0,1
0884 (8).jpg,test\REAL\0884 (8).jpg,0.9974679,1
0884 (9).jpg,test\REAL\0884 (9).jpg,0.99895954,1
0884.jpg,test\REAL\0884.jpg,0.99980766,1
0885 (10).jpg,test\REAL\0885 (10).jpg,0.9999997,1
0885 (2).jpg,test\REAL\0885 (2).jpg,1.0,1
0885 (3).jpg,test\REAL\0885 (3).jpg,0.29150546,0
0885 (4).jpg,test\REAL\0885 (4).jpg,1.0,1
0885 (5).jpg,test\REAL\0885 (5).jpg,0.32325017,0
0885 (6).jpg,test\REAL\0885 (6).jpg,0.99999976,1
0885 (7).jpg,test\REAL\0885 (7).jpg,1.0,1
0885 (8).jpg,test\REAL\0885 (8).jpg,1.0,1
0885 (9).jpg,test\REAL\0885 (9).jpg,1.0,1
0885.jpg,test\REAL\0885.jpg,1.0,1
0886 (10).jpg,test\REAL\0886 (10).jpg,0.9953088,1
0886 (2).jpg,test\REAL\0886 (2).jpg,1.0,1
0886 (3).jpg,test\REAL\0886 (3).jpg,1.0,1
0886 (4).jpg,test\REAL\0886 (4).jpg,0.96455604,1
0886 (5).jpg,test\REAL\0886 (5).jpg,1.0,1
0886 (6).jpg,test\REAL\0886 (6).jpg,1.0,1
0886 (7).jpg,test\REAL\0886 (7).jpg,0.8876696,1
0886 (8).jpg,test\REAL\0886 (8).jpg,0.99995106,1
0886 (9).jpg,test\REAL\0886 (9).jpg,1.0,1
0886.jpg,test\REAL\0886.jpg,1.0,1
0887 (10).jpg,test\REAL\0887 (10).jpg,1.0,1
0887 (2).jpg,test\REAL\0887 (2).jpg,0.9379517,1
0887 (3).jpg,test\REAL\0887 (3).jpg,0.9999931,1
0887 (4).jpg,test\REAL\0887 (4).jpg,0.90717775,1
0887 (5).jpg,test\REAL\0887 (5).jpg,1.0,1
0887 (6).jpg,test\REAL\0887 (6).jpg,0.9999999,1
0887 (7).jpg,test\REAL\0887 (7).jpg,1.0,1
0887 (8).jpg,test\REAL\0887 (8).jpg,0.46856844,0
0887 (9).jpg,test\REAL\0887 (9).jpg,0.9999995,1
0887.jpg,test\REAL\0887.jpg,0.22660947,0
0888 (10).jpg,test\REAL\0888 (10).jpg,1.0,1
0888 (2).jpg,test\REAL\0888 (2).jpg,0.0075665414,0
0888 (3).jpg,test\REAL\0888 (3).jpg,0.9969444,1
0888 (4).jpg,test\REAL\0888 (4).jpg,1.0,1
0888 (5).jpg,test\REAL\0888 (5).jpg,1.0,1
0888 (6).jpg,test\REAL\0888 (6).jpg,0.99997425,1
0888 (7).jpg,test\REAL\0888 (7).jpg,1.0,1
0888 (8).jpg,test\REAL\0888 (8).jpg,0.0055260956,0
0888 (9).jpg,test\REAL\0888 (9).jpg,0.047857076,0
0888.jpg,test\REAL\0888.jpg,0.8496602,1
0889 (10).jpg,test\REAL\0889 (10).jpg,0.9997972,1
0889 (2).jpg,test\REAL\0889 (2).jpg,0.996024,1
0889 (3).jpg,test\REAL\0889 (3).jpg,0.99999976,1
0889 (4).jpg,test\REAL\0889 (4).jpg,1.0,1
0889 (5).jpg,test\REAL\0889 (5).jpg,0.9934302,1
0889 (6).jpg,test\REAL\0889 (6).jpg,1.0,1
0889 (7).jpg,test\REAL\0889 (7).jpg,1.0,1
0889 (8).jpg,test\REAL\0889 (8).jpg,1.0,1
0889 (9).jpg,test\REAL\0889 (9).jpg,0.9950977,1
0889.jpg,test\REAL\0889.jpg,1.0,1
0890 (10).jpg,test\REAL\0890 (10).jpg,0.07122815,0
0890 (2).jpg,test\REAL\0890 (2).jpg,1.0,1
0890 (3).jpg,test\REAL\0890 (3).jpg,1.0,1
0890 (4).jpg,test\REAL\0890 (4).jpg,0.99992204,1
0890 (5).jpg,test\REAL\0890 (5).jpg,0.6122417,1
0890 (6).jpg,test\REAL\0890 (6).jpg,0.37515515,0
0890 (7).jpg,test\REAL\0890 (7).jpg,0.911665,1
0890 (8).jpg,test\REAL\0890 (8).jpg,1.0,1
0890 (9).jpg,test\REAL\0890 (9).jpg,0.33281797,0
0890.jpg,test\REAL\0890.jpg,0.64524263,1
0891 (10).jpg,test\REAL\0891 (10).jpg,1.0,1
0891 (2).jpg,test\REAL\0891 (2).jpg,1.0,1
0891 (3).jpg,test\REAL\0891 (3).jpg,0.9514381,1
0891 (4).jpg,test\REAL\0891 (4).jpg,0.0002631545,0
0891 (5).jpg,test\REAL\0891 (5).jpg,0.99999464,1
0891 (6).jpg,test\REAL\0891 (6).jpg,1.0,1
0891 (7).jpg,test\REAL\0891 (7).jpg,2.1666288e-05,0
0891 (8).jpg,test\REAL\0891 (8).jpg,1.0,1
0891 (9).jpg,test\REAL\0891 (9).jpg,0.99560577,1
0891.jpg,test\REAL\0891.jpg,1.0,1
0892 (10).jpg,test\REAL\0892 (10).jpg,1.0,1
0892 (2).jpg,test\REAL\0892 (2).jpg,0.99774575,1
0892 (3).jpg,test\REAL\0892 (3).jpg,1.0,1
0892 (4).jpg,test\REAL\0892 (4).jpg,1.0,1
0892 (5).jpg,test\REAL\0892 (5).jpg,1.0,1
0892 (6).jpg,test\REAL\0892 (6).jpg,1.0,1
0892 (7).jpg,test\REAL\0892 (7).jpg,1.0,1
0892 (8).jpg,test\REAL\0892 (8).jpg,0.99431133,1
0892 (9).jpg,test\REAL\0892 (9).jpg,1.0,1
0892.jpg,test\REAL\0892.jpg,1.0,1
0893 (10).jpg,test\REAL\0893 (10).jpg,0.9574364,1
0893 (2).jpg,test\REAL\0893 (2).jpg,0.96164834,1
0893 (3).jpg,test\REAL\0893 (3).jpg,0.99999964,1
0893 (4).jpg,test\REAL\0893 (4).jpg,1.0,1
0893 (5).jpg,test\REAL\0893 (5).jpg,1.0,1
0893 (6).jpg,test\REAL\0893 (6).jpg,1.0,1
0893 (7).jpg,test\REAL\0893 (7).jpg,1.0,1
0893 (8).jpg,test\REAL\0893 (8).jpg,1.0,1
0893 (9).jpg,test\REAL\0893 (9).jpg,1.0,1
0893.jpg,test\REAL\0893.jpg,0.99999976,1
0894 (10).jpg,test\REAL\0894 (10).jpg,0.9994637,1
0894 (2).jpg,test\REAL\0894 (2).jpg,1.0,1
0894 (3).jpg,test\REAL\0894 (3).jpg,1.0,1
0894 (4).jpg,test\REAL\0894 (4).jpg,1.0,1
0894 (5).jpg,test\REAL\0894 (5).jpg,0.52509713,1
0894 (6).jpg,test\REAL\0894 (6).jpg,0.9999956,1
0894 (7).jpg,test\REAL\0894 (7).jpg,0.9152812,1
0894 (8).jpg,test\REAL\0894 (8).jpg,0.0073695183,0
0894 (9).jpg,test\REAL\0894 (9).jpg,0.8607628,1
0894.jpg,test\REAL\0894.jpg,1.0,1
0895 (10).jpg,test\REAL\0895 (10).jpg,1.0,1
0895 (2).jpg,test\REAL\0895 (2).jpg,0.9999997,1
0895 (3).jpg,test\REAL\0895 (3).jpg,0.999639,1
0895 (4).jpg,test\REAL\0895 (4).jpg,0.99990106,1
0895 (5).jpg,test\REAL\0895 (5).jpg,1.0,1
0895 (6).jpg,test\REAL\0895 (6).jpg,1.0,1
0895 (7).jpg,test\REAL\0895 (7).jpg,0.9994217,1
0895 (8).jpg,test\REAL\0895 (8).jpg,0.11754537,0
0895 (9).jpg,test\REAL\0895 (9).jpg,0.9998411,1
0895.jpg,test\REAL\0895.jpg,1.0,1
0896 (10).jpg,test\REAL\0896 (10).jpg,1.0,1
0896 (2).jpg,test\REAL\0896 (2).jpg,0.9999964,1
0896 (3).jpg,test\REAL\0896 (3).jpg,1.0,1
0896 (4).jpg,test\REAL\0896 (4).jpg,0.99999857,1
0896 (5).jpg,test\REAL\0896 (5).jpg,1.0,1
0896 (6).jpg,test\REAL\0896 (6).jpg,0.9995568,1
0896 (7).jpg,test\REAL\0896 (7).jpg,1.0,1
0896 (8).jpg,test\REAL\0896 (8).jpg,0.95361924,1
0896 (9).jpg,test\REAL\0896 (9).jpg,0.99879044,1
0896.jpg,test\REAL\0896.jpg,0.99999994,1
0897 (10).jpg,test\REAL\0897 (10).jpg,1.0,1
0897 (2).jpg,test\REAL\0897 (2).jpg,1.0,1
0897 (3).jpg,test\REAL\0897 (3).jpg,0.17492089,0
0897 (4).jpg,test\REAL\0897 (4).jpg,0.99997795,1
0897 (5).jpg,test\REAL\0897 (5).jpg,0.99999994,1
0897 (6).jpg,test\REAL\0897 (6).jpg,0.9999995,1
0897 (7).jpg,test\REAL\0897 (7).jpg,0.9999995,1
0897 (8).jpg,test\REAL\0897 (8).jpg,1.0,1
0897 (9).jpg,test\REAL\0897 (9).jpg,0.26803282,0
0897.jpg,test\REAL\0897.jpg,0.99996907,1
0898 (10).jpg,test\REAL\0898 (10).jpg,0.7320331,1
0898 (2).jpg,test\REAL\0898 (2).jpg,0.9998082,1
0898 (3).jpg,test\REAL\0898 (3).jpg,0.9806119,1
0898 (4).jpg,test\REAL\0898 (4).jpg,0.99474657,1
0898 (5).jpg,test\REAL\0898 (5).jpg,0.99979967,1
0898 (6).jpg,test\REAL\0898 (6).jpg,1.0,1
0898 (7).jpg,test\REAL\0898 (7).jpg,1.0,1
0898 (8).jpg,test\REAL\0898 (8).jpg,1.0,1
0898 (9).jpg,test\REAL\0898 (9).jpg,0.9996885,1
0898.jpg,test\REAL\0898.jpg,1.0,1
0899 (10).jpg,test\REAL\0899 (10).jpg,0.26640207,0
0899 (2).jpg,test\REAL\0899 (2).jpg,1.0,1
0899 (3).jpg,test\REAL\0899 (3).jpg,1.0,1
0899 (4).jpg,test\REAL\0899 (4).jpg,0.35100698,0
0899 (5).jpg,test\REAL\0899 (5).jpg,0.999983,1
0899 (6).jpg,test\REAL\0899 (6).jpg,0.9999997,1
0899 (7).jpg,test\REAL\0899 (7).jpg,1.0,1
0899 (8).jpg,test\REAL\0899 (8).jpg,0.99999976,1
0899 (9).jpg,test\REAL\0899 (9).jpg,1.0,1
0899.jpg,test\REAL\0899.jpg,1.0,1
0900 (10).jpg,test\REAL\0900 (10).jpg,1.0,1
0900 (2).jpg,test\REAL\0900 (2).jpg,1.0,1
0900 (3).jpg,test\REAL\0900 (3).jpg,0.99977803,1
0900 (4).jpg,test\REAL\0900 (4).jpg,0.96515834,1
0900 (5).jpg,test\REAL\0900 (5).jpg,0.97632694,1
0900 (6).jpg,test\REAL\0900 (6).jpg,1.0,1
0900 (7).jpg,test\REAL\0900 (7).jpg,0.99999964,1
0900 (8).jpg,test\REAL\0900 (8).jpg,0.99902207,1
0900 (9).jpg,test\REAL\0900 (9).jpg,1.0,1
0900.jpg,test\REAL\0900.jpg,0.99578613,1
0901 (10).jpg,test\REAL\0901 (10).jpg,0.99992263,1
0901 (2).jpg,test\REAL\0901 (2).jpg,0.99053407,1
0901 (3).jpg,test\REAL\0901 (3).jpg,3.838539e-05,0
0901 (4).jpg,test\REAL\0901 (4).jpg,1.0,1
0901 (5).jpg,test\REAL\0901 (5).jpg,0.99975693,1
0901 (6).jpg,test\REAL\0901 (6).jpg,0.9999976,1
0901 (7).jpg,test\REAL\0901 (7).jpg,0.97108793,1
0901 (8).jpg,test\REAL\0901 (8).jpg,0.99999976,1
0901 (9).jpg,test\REAL\0901 (9).jpg,0.023571372,0
0901.jpg,test\REAL\0901.jpg,1.0,1
0902 (10).jpg,test\REAL\0902 (10).jpg,1.0,1
0902 (2).jpg,test\REAL\0902 (2).jpg,1.0,1
0902 (3).jpg,test\REAL\0902 (3).jpg,1.0,1
0902 (4).jpg,test\REAL\0902 (4).jpg,0.645193,1
0902 (5).jpg,test\REAL\0902 (5).jpg,0.99665904,1
0902 (6).jpg,test\REAL\0902 (6).jpg,0.9999999,1
0902 (7).jpg,test\REAL\0902 (7).jpg,0.8869686,1
0902 (8).jpg,test\REAL\0902 (8).jpg,0.9999151,1
0902 (9).jpg,test\REAL\0902 (9).jpg,1.0,1
0902.jpg,test\REAL\0902.jpg,1.0,1
0903 (10).jpg,test\REAL\0903 (10).jpg,0.57433414,1
0903 (2).jpg,test\REAL\0903 (2).jpg,1.0,1
0903 (3).jpg,test\REAL\0903 (3).jpg,0.5406979,1
0903 (4).jpg,test\REAL\0903 (4).jpg,0.5303773,1
0903 (5).jpg,test\REAL\0903 (5).jpg,0.9999869,1
0903 (6).jpg,test\REAL\0903 (6).jpg,1.0,1
0903 (7).jpg,test\REAL\0903 (7).jpg,0.42545146,0
0903 (8).jpg,test\REAL\0903 (8).jpg,0.9998979,1
0903 (9).jpg,test\REAL\0903 (9).jpg,0.69945896,1
0903.jpg,test\REAL\0903.jpg,0.9999876,1
0904 (10).jpg,test\REAL\0904 (10).jpg,1.0,1
0904 (2).jpg,test\REAL\0904 (2).jpg,1.0,1
0904 (3).jpg,test\REAL\0904 (3).jpg,0.8980526,1
0904 (4).jpg,test\REAL\0904 (4).jpg,1.0,1
0904 (5).jpg,test\REAL\0904 (5).jpg,1.0,1
0904 (6).jpg,test\REAL\0904 (6).jpg,0.7837411,1
0904 (7).jpg,test\REAL\0904 (7).jpg,0.99999595,1
0904 (8).jpg,test\REAL\0904 (8).jpg,0.99991524,1
0904 (9).jpg,test\REAL\0904 (9).jpg,0.99828994,1
0904.jpg,test\REAL\0904.jpg,0.9808575,1
0905 (10).jpg,test\REAL\0905 (10).jpg,0.60645413,1
0905 (2).jpg,test\REAL\0905 (2).jpg,0.90740436,1
0905 (3).jpg,test\REAL\0905 (3).jpg,0.9035353,1
0905 (4).jpg,test\REAL\0905 (4).jpg,1.0,1
0905 (5).jpg,test\REAL\0905 (5).jpg,0.9999664,1
0905 (6).jpg,test\REAL\0905 (6).jpg,0.38698733,0
0905 (7).jpg,test\REAL\0905 (7).jpg,0.99999917,1
0905 (8).jpg,test\REAL\0905 (8).jpg,0.9999938,1
0905 (9).jpg,test\REAL\0905 (9).jpg,0.86216545,1
0905.jpg,test\REAL\0905.jpg,0.9999962,1
0906 (10).jpg,test\REAL\0906 (10).jpg,0.255294,0
0906 (2).jpg,test\REAL\0906 (2).jpg,0.98617125,1
0906 (3).jpg,test\REAL\0906 (3).jpg,1.0,1
0906 (4).jpg,test\REAL\0906 (4).jpg,0.6249525,1
0906 (5).jpg,test\REAL\0906 (5).jpg,0.99999607,1
0906 (6).jpg,test\REAL\0906 (6).jpg,1.0,1
0906 (7).jpg,test\REAL\0906 (7).jpg,0.9999998,1
0906 (8).jpg,test\REAL\0906 (8).jpg,1.0,1
0906 (9).jpg,test\REAL\0906 (9).jpg,0.9999732,1
0906.jpg,test\REAL\0906.jpg,0.9944943,1
0907 (10).jpg,test\REAL\0907 (10).jpg,1.0,1
0907 (2).jpg,test\REAL\0907 (2).jpg,0.6151564,1
0907 (3).jpg,test\REAL\0907 (3).jpg,0.94622624,1
0907 (4).jpg,test\REAL\0907 (4).jpg,0.7602644,1
0907 (5).jpg,test\REAL\0907 (5).jpg,1.0,1
0907 (6).jpg,test\REAL\0907 (6).jpg,1.0,1
0907 (7).jpg,test\REAL\0907 (7).jpg,0.9999947,1
0907 (8).jpg,test\REAL\0907 (8).jpg,0.99997365,1
0907 (9).jpg,test\REAL\0907 (9).jpg,0.99949586,1
0907.jpg,test\REAL\0907.jpg,0.88591945,1
0908 (10).jpg,test\REAL\0908 (10).jpg,1.0,1
0908 (2).jpg,test\REAL\0908 (2).jpg,0.9825474,1
0908 (3).jpg,test\REAL\0908 (3).jpg,0.996856,1
0908 (4).jpg,test\REAL\0908 (4).jpg,0.9547062,1
0908 (5).jpg,test\REAL\0908 (5).jpg,1.0,1
0908 (6).jpg,test\REAL\0908 (6).jpg,1.0,1
0908 (7).jpg,test\REAL\0908 (7).jpg,0.9998388,1
0908 (8).jpg,test\REAL\0908 (8).jpg,0.9999999,1
0908 (9).jpg,test\REAL\0908 (9).jpg,0.995588,1
0908.jpg,test\REAL\0908.jpg,0.9999988,1
0909 (10).jpg,test\REAL\0909 (10).jpg,1.0,1
0909 (2).jpg,test\REAL\0909 (2).jpg,0.0337359,0
0909 (3).jpg,test\REAL\0909 (3).jpg,0.19300243,0
0909 (4).jpg,test\REAL\0909 (4).jpg,1.0,1
0909 (5).jpg,test\REAL\0909 (5).jpg,0.7239745,1
0909 (6).jpg,test\REAL\0909 (6).jpg,0.999652,1
0909 (7).jpg,test\REAL\0909 (7).jpg,0.999999,1
0909 (8).jpg,test\REAL\0909 (8).jpg,1.0,1
0909 (9).jpg,test\REAL\0909 (9).jpg,1.0,1
0909.jpg,test\REAL\0909.jpg,0.91011196,1
0910 (10).jpg,test\REAL\0910 (10).jpg,1.0,1
0910 (2).jpg,test\REAL\0910 (2).jpg,0.999786,1
0910 (3).jpg,test\REAL\0910 (3).jpg,0.9999941,1
0910 (4).jpg,test\REAL\0910 (4).jpg,1.0,1
0910 (5).jpg,test\REAL\0910 (5).jpg,0.97448534,1
0910 (6).jpg,test\REAL\0910 (6).jpg,1.0,1
0910 (7).jpg,test\REAL\0910 (7).jpg,0.8845191,1
0910 (8).jpg,test\REAL\0910 (8).jpg,0.99999976,1
0910 (9).jpg,test\REAL\0910 (9).jpg,1.0,1
0910.jpg,test\REAL\0910.jpg,0.9999999,1
0911 (10).jpg,test\REAL\0911 (10).jpg,0.9977702,1
0911 (2).jpg,test\REAL\0911 (2).jpg,0.54638296,1
0911 (3).jpg,test\REAL\0911 (3).jpg,0.008992165,0
0911 (4).jpg,test\REAL\0911 (4).jpg,1.0,1
0911 (5).jpg,test\REAL\0911 (5).jpg,1.0,1
0911 (6).jpg,test\REAL\0911 (6).jpg,0.99985534,1
0911 (7).jpg,test\REAL\0911 (7).jpg,1.0,1
0911 (8).jpg,test\REAL\0911 (8).jpg,1.0,1
0911 (9).jpg,test\REAL\0911 (9).jpg,0.99999857,1
0911.jpg,test\REAL\0911.jpg,0.25545704,0
0912 (10).jpg,test\REAL\0912 (10).jpg,1.0,1
0912 (2).jpg,test\REAL\0912 (2).jpg,0.9999051,1
0912 (3).jpg,test\REAL\0912 (3).jpg,0.0067006946,0
0912 (4).jpg,test\REAL\0912 (4).jpg,1.0,1
0912 (5).jpg,test\REAL\0912 (5).jpg,1.0,1
0912 (6).jpg,test\REAL\0912 (6).jpg,0.999999,1
0912 (7).jpg,test\REAL\0912 (7).jpg,0.88446265,1
0912 (8).jpg,test\REAL\0912 (8).jpg,0.99999696,1
0912 (9).jpg,test\REAL\0912 (9).jpg,0.9999999,1
0912.jpg,test\REAL\0912.jpg,0.94118214,1
0913 (10).jpg,test\REAL\0913 (10).jpg,0.08182597,0
0913 (2).jpg,test\REAL\0913 (2).jpg,0.99466413,1
0913 (3).jpg,test\REAL\0913 (3).jpg,1.0,1
0913 (4).jpg,test\REAL\0913 (4).jpg,0.99993217,1
0913 (5).jpg,test\REAL\0913 (5).jpg,0.999993,1
0913 (6).jpg,test\REAL\0913 (6).jpg,1.0,1
0913 (7).jpg,test\REAL\0913 (7).jpg,0.9998857,1
0913 (8).jpg,test\REAL\0913 (8).jpg,0.99999994,1
0913 (9).jpg,test\REAL\0913 (9).jpg,1.0,1
0913.jpg,test\REAL\0913.jpg,0.8107265,1
0914 (10).jpg,test\REAL\0914 (10).jpg,0.99998766,1
0914 (2).jpg,test\REAL\0914 (2).jpg,0.100691974,0
0914 (3).jpg,test\REAL\0914 (3).jpg,0.9999629,1
0914 (4).jpg,test\REAL\0914 (4).jpg,1.0,1
0914 (5).jpg,test\REAL\0914 (5).jpg,0.9999589,1
0914 (6).jpg,test\REAL\0914 (6).jpg,0.99996704,1
0914 (7).jpg,test\REAL\0914 (7).jpg,1.0,1
0914 (8).jpg,test\REAL\0914 (8).jpg,1.0,1
0914 (9).jpg,test\REAL\0914 (9).jpg,0.99999416,1
0914.jpg,test\REAL\0914.jpg,0.093894094,0
0915 (10).jpg,test\REAL\0915 (10).jpg,0.9999982,1
0915 (2).jpg,test\REAL\0915 (2).jpg,1.0,1
0915 (3).jpg,test\REAL\0915 (3).jpg,0.9970366,1
0915 (4).jpg,test\REAL\0915 (4).jpg,1.0,1
0915 (5).jpg,test\REAL\0915 (5).jpg,1.0,1
0915 (6).jpg,test\REAL\0915 (6).jpg,0.004673362,0
0915 (7).jpg,test\REAL\0915 (7).jpg,0.039211065,0
0915 (8).jpg,test\REAL\0915 (8).jpg,1.0,1
0915 (9).jpg,test\REAL\0915 (9).jpg,0.99910045,1
0915.jpg,test\REAL\0915.jpg,0.99999225,1
0916 (10).jpg,test\REAL\0916 (10).jpg,0.99992204,1
0916 (2).jpg,test\REAL\0916 (2).jpg,1.0,1
0916 (3).jpg,test\REAL\0916 (3).jpg,0.9999166,1
0916 (4).jpg,test\REAL\0916 (4).jpg,1.0,1
0916 (5).jpg,test\REAL\0916 (5).jpg,1.0,1
0916 (6).jpg,test\REAL\0916 (6).jpg,0.03958243,0
0916 (7).jpg,test\REAL\0916 (7).jpg,0.9999893,1
0916 (8).jpg,test\REAL\0916 (8).jpg,1.0,1
0916 (9).jpg,test\REAL\0916 (9).jpg,1.0,1
0916.jpg,test\REAL\0916.jpg,0.999226,1
0917 (10).jpg,test\REAL\0917 (10).jpg,1.0,1
0917 (2).jpg,test\REAL\0917 (2).jpg,1.0,1
0917 (3).jpg,test\REAL\0917 (3).jpg,1.0,1
0917 (4).jpg,test\REAL\0917 (4).jpg,0.54376304,1
0917 (5).jpg,test\REAL\0917 (5).jpg,0.9995737,1
0917 (6).jpg,test\REAL\0917 (6).jpg,0.9999992,1
0917 (7).jpg,test\REAL\0917 (7).jpg,0.9996937,1
0917 (8).jpg,test\REAL\0917 (8).jpg,1.0,1
0917 (9).jpg,test\REAL\0917 (9).jpg,0.9997139,1
0917.jpg,test\REAL\0917.jpg,1.0,1
0918 (10).jpg,test\REAL\0918 (10).jpg,0.9624526,1
0918 (2).jpg,test\REAL\0918 (2).jpg,0.99999833,1
0918 (3).jpg,test\REAL\0918 (3).jpg,0.9997735,1
0918 (4).jpg,test\REAL\0918 (4).jpg,0.9999984,1
0918 (5).jpg,test\REAL\0918 (5).jpg,0.9999996,1
0918 (6).jpg,test\REAL\0918 (6).jpg,0.9999998,1
0918 (7).jpg,test\REAL\0918 (7).jpg,0.99996865,1
0918 (8).jpg,test\REAL\0918 (8).jpg,1.0,1
0918 (9).jpg,test\REAL\0918 (9).jpg,1.0,1
0918.jpg,test\REAL\0918.jpg,0.99999046,1
0919 (10).jpg,test\REAL\0919 (10).jpg,0.8686317,1
0919 (2).jpg,test\REAL\0919 (2).jpg,0.9966006,1
0919 (3).jpg,test\REAL\0919 (3).jpg,1.0,1
0919 (4).jpg,test\REAL\0919 (4).jpg,1.0,1
0919 (5).jpg,test\REAL\0919 (5).jpg,0.9999713,1
0919 (6).jpg,test\REAL\0919 (6).jpg,0.99999875,1
0919 (7).jpg,test\REAL\0919 (7).jpg,1.0,1
0919 (8).jpg,test\REAL\0919 (8).jpg,0.9949107,1
0919 (9).jpg,test\REAL\0919 (9).jpg,0.41187933,0
0919.jpg,test\REAL\0919.jpg,0.8736142,1
0920 (10).jpg,test\REAL\0920 (10).jpg,1.0,1
0920 (2).jpg,test\REAL\0920 (2).jpg,1.0,1
0920 (3).jpg,test\REAL\0920 (3).jpg,0.15728629,0
0920 (4).jpg,test\REAL\0920 (4).jpg,1.0,1
0920 (5).jpg,test\REAL\0920 (5).jpg,0.9999943,1
0920 (6).jpg,test\REAL\0920 (6).jpg,0.99998087,1
0920 (7).jpg,test\REAL\0920 (7).jpg,1.0,1
0920 (8).jpg,test\REAL\0920 (8).jpg,0.35724348,0
0920 (9).jpg,test\REAL\0920 (9).jpg,0.0014011264,0
0920.jpg,test\REAL\0920.jpg,1.0,1
0921 (10).jpg,test\REAL\0921 (10).jpg,1.0,1
0921 (2).jpg,test\REAL\0921 (2).jpg,1.0,1
0921 (3).jpg,test\REAL\0921 (3).jpg,1.0,1
0921 (4).jpg,test\REAL\0921 (4).jpg,1.0,1
0921 (5).jpg,test\REAL\0921 (5).jpg,1.0,1
0921 (6).jpg,test\REAL\0921 (6).jpg,0.9999871,1
0921 (7).jpg,test\REAL\0921 (7).jpg,0.7915056,1
0921 (8).jpg,test\REAL\0921 (8).jpg,1.0,1
0921 (9).jpg,test\REAL\0921 (9).jpg,1.0,1
0921.jpg,test\REAL\0921.jpg,0.9999865,1
0922 (10).jpg,test\REAL\0922 (10).jpg,1.0,1
0922 (2).jpg,test\REAL\0922 (2).jpg,1.0,1
0922 (3).jpg,test\REAL\0922 (3).jpg,0.9659343,1
0922 (4).jpg,test\REAL\0922 (4).jpg,0.9999806,1
0922 (5).jpg,test\REAL\0922 (5).jpg,0.9891224,1
0922 (6).jpg,test\REAL\0922 (6).jpg,1.0,1
0922 (7).jpg,test\REAL\0922 (7).jpg,1.0,1
0922 (8).jpg,test\REAL\0922 (8).jpg,0.99924743,1
0922 (9).jpg,test\REAL\0922 (9).jpg,1.0,1
0922.jpg,test\REAL\0922.jpg,0.13729334,0
0923 (10).jpg,test\REAL\0923 (10).jpg,1.0,1
0923 (2).jpg,test\REAL\0923 (2).jpg,1.0,1
0923 (3).jpg,test\REAL\0923 (3).jpg,1.0,1
0923 (4).jpg,test\REAL\0923 (4).jpg,1.0,1
0923 (5).jpg,test\REAL\0923 (5).jpg,0.99999994,1
0923 (6).jpg,test\REAL\0923 (6).jpg,0.5833139,1
0923 (7).jpg,test\REAL\0923 (7).jpg,1.0,1
0923 (8).jpg,test\REAL\0923 (8).jpg,0.15548381,0
0923 (9).jpg,test\REAL\0923 (9).jpg,0.9999998,1
0923.jpg,test\REAL\0923.jpg,0.98685247,1
0924 (10).jpg,test\REAL\0924 (10).jpg,0.9999987,1
0924 (2).jpg,test\REAL\0924 (2).jpg,0.9999999,1
0924 (3).jpg,test\REAL\0924 (3).jpg,0.64090866,1
0924 (4).jpg,test\REAL\0924 (4).jpg,0.9984007,1
0924 (5).jpg,test\REAL\0924 (5).jpg,0.96035475,1
0924 (6).jpg,test\REAL\0924 (6).jpg,1.0,1
0924 (7).jpg,test\REAL\0924 (7).jpg,0.6403365,1
0924 (8).jpg,test\REAL\0924 (8).jpg,0.8723694,1
0924 (9).jpg,test\REAL\0924 (9).jpg,0.9999987,1
0924.jpg,test\REAL\0924.jpg,0.8752637,1
0925 (10).jpg,test\REAL\0925 (10).jpg,1.0,1
0925 (2).jpg,test\REAL\0925 (2).jpg,0.99990356,1
0925 (3).jpg,test\REAL\0925 (3).jpg,0.9999434,1
0925 (4).jpg,test\REAL\0925 (4).jpg,1.0,1
0925 (5).jpg,test\REAL\0925 (5).jpg,0.9999301,1
0925 (6).jpg,test\REAL\0925 (6).jpg,0.99012727,1
0925 (7).jpg,test\REAL\0925 (7).jpg,0.9999818,1
0925 (8).jpg,test\REAL\0925 (8).jpg,1.0,1
0925 (9).jpg,test\REAL\0925 (9).jpg,0.9999922,1
0925.jpg,test\REAL\0925.jpg,0.00019782782,0
0926 (10).jpg,test\REAL\0926 (10).jpg,1.0,1
0926 (2).jpg,test\REAL\0926 (2).jpg,0.9994203,1
0926 (3).jpg,test\REAL\0926 (3).jpg,0.023813307,0
0926 (4).jpg,test\REAL\0926 (4).jpg,1.0,1
0926 (5).jpg,test\REAL\0926 (5).jpg,0.9869951,1
0926 (6).jpg,test\REAL\0926 (6).jpg,0.6341212,1
0926 (7).jpg,test\REAL\0926 (7).jpg,0.03166464,0
0926 (8).jpg,test\REAL\0926 (8).jpg,1.0,1
0926 (9).jpg,test\REAL\0926 (9).jpg,1.0,1
0926.jpg,test\REAL\0926.jpg,1.0,1
0927 (10).jpg,test\REAL\0927 (10).jpg,0.9999983,1
0927 (2).jpg,test\REAL\0927 (2).jpg,0.253694,0
0927 (3).jpg,test\REAL\0927 (3).jpg,0.99998724,1
0927 (4).jpg,test\REAL\0927 (4).jpg,1.0,1
0927 (5).jpg,test\REAL\0927 (5).jpg,1.0,1
0927 (6).jpg,test\REAL\0927 (6).jpg,1.0,1
0927 (7).jpg,test\REAL\0927 (7).jpg,0.9899879,1
0927 (8).jpg,test\REAL\0927 (8).jpg,0.9999965,1
0927 (9).jpg,test\REAL\0927 (9).jpg,1.0,1
0927.jpg,test\REAL\0927.jpg,0.99756217,1
0928 (10).jpg,test\REAL\0928 (10).jpg,1.0,1
0928 (2).jpg,test\REAL\0928 (2).jpg,0.22345632,0
0928 (3).jpg,test\REAL\0928 (3).jpg,1.0,1
0928 (4).jpg,test\REAL\0928 (4).jpg,1.0,1
0928 (5).jpg,test\REAL\0928 (5).jpg,1.0,1
0928 (6).jpg,test\REAL\0928 (6).jpg,0.98188096,1
0928 (7).jpg,test\REAL\0928 (7).jpg,1.0,1
0928 (8).jpg,test\REAL\0928 (8).jpg,1.0,1
0928 (9).jpg,test\REAL\0928 (9).jpg,0.94401455,1
0928.jpg,test\REAL\0928.jpg,1.0,1
0929 (10).jpg,test\REAL\0929 (10).jpg,0.06820929,0
0929 (2).jpg,test\REAL\0929 (2).jpg,0.19853869,0
0929 (3).jpg,test\REAL\0929 (3).jpg,0.98200846,1
0929 (4).jpg,test\REAL\0929 (4).jpg,0.943861,1
0929 (5).jpg,test\REAL\0929 (5).jpg,1.0,1
0929 (6).jpg,test\REAL\0929 (6).jpg,1.0,1
0929 (7).jpg,test\REAL\0929 (7).jpg,0.9931432,1
0929 (8).jpg,test\REAL\0929 (8).jpg,0.03683594,0
0929 (9).jpg,test\REAL\0929 (9).jpg,0.89408827,1
0929.jpg,test\REAL\0929.jpg,0.9999989,1
0930 (10).jpg,test\REAL\0930 (10).jpg,0.9573349,1
0930 (2).jpg,test\REAL\0930 (2).jpg,1.0,1
0930 (3).jpg,test\REAL\0930 (3).jpg,0.99975246,1
0930 (4).jpg,test\REAL\0930 (4).jpg,0.7150397,1
0930 (5).jpg,test\REAL\0930 (5).jpg,1.0,1
0930 (6).jpg,test\REAL\0930 (6).jpg,0.9999734,1
0930 (7).jpg,test\REAL\0930 (7).jpg,0.97710466,1
0930 (8).jpg,test\REAL\0930 (8).jpg,1.0,1
0930 (9).jpg,test\REAL\0930 (9).jpg,0.00022161007,0
0930.jpg,test\REAL\0930.jpg,0.9999994,1
0931 (10).jpg,test\REAL\0931 (10).jpg,0.9999937,1
0931 (2).jpg,test\REAL\0931 (2).jpg,1.0,1
0931 (3).jpg,test\REAL\0931 (3).jpg,0.9999863,1
0931 (4).jpg,test\REAL\0931 (4).jpg,1.0,1
0931 (5).jpg,test\REAL\0931 (5).jpg,1.0,1
0931 (6).jpg,test\REAL\0931 (6).jpg,1.0,1
0931 (7).jpg,test\REAL\0931 (7).jpg,0.8466503,1
0931 (8).jpg,test\REAL\0931 (8).jpg,1.0,1
0931 (9).jpg,test\REAL\0931 (9).jpg,1.0,1
0931.jpg,test\REAL\0931.jpg,0.99909616,1
0932 (10).jpg,test\REAL\0932 (10).jpg,0.0007851422,0
0932 (2).jpg,test\REAL\0932 (2).jpg,1.0,1
0932 (3).jpg,test\REAL\0932 (3).jpg,0.0046809018,0
0932 (4).jpg,test\REAL\0932 (4).jpg,0.9485847,1
0932 (5).jpg,test\REAL\0932 (5).jpg,1.0,1
0932 (6).jpg,test\REAL\0932 (6).jpg,1.0,1
0932 (7).jpg,test\REAL\0932 (7).jpg,1.0,1
0932 (8).jpg,test\REAL\0932 (8).jpg,0.92998415,1
0932 (9).jpg,test\REAL\0932 (9).jpg,0.9987483,1
0932.jpg,test\REAL\0932.jpg,0.9691651,1
0933 (10).jpg,test\REAL\0933 (10).jpg,1.0,1
0933 (2).jpg,test\REAL\0933 (2).jpg,1.0,1
0933 (3).jpg,test\REAL\0933 (3).jpg,1.0,1
0933 (4).jpg,test\REAL\0933 (4).jpg,0.9999986,1
0933 (5).jpg,test\REAL\0933 (5).jpg,0.94517064,1
0933 (6).jpg,test\REAL\0933 (6).jpg,0.09473556,0
0933 (7).jpg,test\REAL\0933 (7).jpg,0.99999976,1
0933 (8).jpg,test\REAL\0933 (8).jpg,0.99359286,1
0933 (9).jpg,test\REAL\0933 (9).jpg,1.0,1
0933.jpg,test\REAL\0933.jpg,0.46532404,0
0934 (10).jpg,test\REAL\0934 (10).jpg,1.0,1
0934 (2).jpg,test\REAL\0934 (2).jpg,0.99875677,1
0934 (3).jpg,test\REAL\0934 (3).jpg,0.023237735,0
0934 (4).jpg,test\REAL\0934 (4).jpg,1.0,1
0934 (5).jpg,test\REAL\0934 (5).jpg,0.99996024,1
0934 (6).jpg,test\REAL\0934 (6).jpg,1.0,1
0934 (7).jpg,test\REAL\0934 (7).jpg,1.0,1
0934 (8).jpg,test\REAL\0934 (8).jpg,1.0,1
0934 (9).jpg,test\REAL\0934 (9).jpg,0.9865222,1
0934.jpg,test\REAL\0934.jpg,0.49716696,0
0935 (10).jpg,test\REAL\0935 (10).jpg,0.9973291,1
0935 (2).jpg,test\REAL\0935 (2).jpg,1.0,1
0935 (3).jpg,test\REAL\0935 (3).jpg,1.0,1
0935 (4).jpg,test\REAL\0935 (4).jpg,1.0,1
0935 (5).jpg,test\REAL\0935 (5).jpg,1.0,1
0935 (6).jpg,test\REAL\0935 (6).jpg,0.97088504,1
0935 (7).jpg,test\REAL\0935 (7).jpg,0.9999887,1
0935 (8).jpg,test\REAL\0935 (8).jpg,0.99999994,1
0935 (9).jpg,test\REAL\0935 (9).jpg,0.9744015,1
0935.jpg,test\REAL\0935.jpg,0.99999017,1
0936 (10).jpg,test\REAL\0936 (10).jpg,0.99999976,1
0936 (2).jpg,test\REAL\0936 (2).jpg,0.99995303,1
0936 (3).jpg,test\REAL\0936 (3).jpg,0.9999379,1
0936 (4).jpg,test\REAL\0936 (4).jpg,1.0,1
0936 (5).jpg,test\REAL\0936 (5).jpg,0.9999885,1
0936 (6).jpg,test\REAL\0936 (6).jpg,1.0,1
0936 (7).jpg,test\REAL\0936 (7).jpg,1.0,1
0936 (8).jpg,test\REAL\0936 (8).jpg,0.9867934,1
0936 (9).jpg,test\REAL\0936 (9).jpg,0.9999999,1
0936.jpg,test\REAL\0936.jpg,0.99999976,1
0937 (10).jpg,test\REAL\0937 (10).jpg,1.0,1
0937 (2).jpg,test\REAL\0937 (2).jpg,0.976204,1
0937 (3).jpg,test\REAL\0937 (3).jpg,0.007794589,0
0937 (4).jpg,test\REAL\0937 (4).jpg,0.77047336,1
0937 (5).jpg,test\REAL\0937 (5).jpg,0.99999744,1
0937 (6).jpg,test\REAL\0937 (6).jpg,1.0,1
0937 (7).jpg,test\REAL\0937 (7).jpg,0.99999994,1
0937 (8).jpg,test\REAL\0937 (8).jpg,1.0,1
0937 (9).jpg,test\REAL\0937 (9).jpg,0.99998015,1
0937.jpg,test\REAL\0937.jpg,1.0,1
0938 (10).jpg,test\REAL\0938 (10).jpg,0.99999976,1
0938 (2).jpg,test\REAL\0938 (2).jpg,0.54404074,1
0938 (3).jpg,test\REAL\0938 (3).jpg,0.8003148,1
0938 (4).jpg,test\REAL\0938 (4).jpg,1.0,1
0938 (5).jpg,test\REAL\0938 (5).jpg,1.0,1
0938 (6).jpg,test\REAL\0938 (6).jpg,1.0,1
0938 (7).jpg,test\REAL\0938 (7).jpg,0.9999999,1
0938 (8).jpg,test\REAL\0938 (8).jpg,0.9999958,1
0938 (9).jpg,test\REAL\0938 (9).jpg,1.0,1
0938.jpg,test\REAL\0938.jpg,0.7271423,1
0939 (10).jpg,test\REAL\0939 (10).jpg,0.99999994,1
0939 (2).jpg,test\REAL\0939 (2).jpg,0.99962443,1
0939 (3).jpg,test\REAL\0939 (3).jpg,1.0,1
0939 (4).jpg,test\REAL\0939 (4).jpg,1.0,1
0939 (5).jpg,test\REAL\0939 (5).jpg,1.0,1
0939 (6).jpg,test\REAL\0939 (6).jpg,1.0,1
0939 (7).jpg,test\REAL\0939 (7).jpg,0.9347836,1
0939 (8).jpg,test\REAL\0939 (8).jpg,1.0,1
0939 (9).jpg,test\REAL\0939 (9).jpg,0.7843759,1
0939.jpg,test\REAL\0939.jpg,0.99987894,1
0940 (10).jpg,test\REAL\0940 (10).jpg,0.99696964,1
0940 (2).jpg,test\REAL\0940 (2).jpg,1.0,1
0940 (3).jpg,test\REAL\0940 (3).jpg,0.996042,1
0940 (4).jpg,test\REAL\0940 (4).jpg,0.98359585,1
0940 (5).jpg,test\REAL\0940 (5).jpg,1.0,1
0940 (6).jpg,test\REAL\0940 (6).jpg,0.9993918,1
0940 (7).jpg,test\REAL\0940 (7).jpg,0.9999956,1
0940 (8).jpg,test\REAL\0940 (8).jpg,0.99990726,1
0940 (9).jpg,test\REAL\0940 (9).jpg,0.05784616,0
0940.jpg,test\REAL\0940.jpg,0.99996376,1
0941 (10).jpg,test\REAL\0941 (10).jpg,0.9999999,1
0941 (2).jpg,test\REAL\0941 (2).jpg,0.9999988,1
0941 (3).jpg,test\REAL\0941 (3).jpg,0.8476639,1
0941 (4).jpg,test\REAL\0941 (4).jpg,0.9652113,1
0941 (5).jpg,test\REAL\0941 (5).jpg,0.9954525,1
0941 (6).jpg,test\REAL\0941 (6).jpg,1.0,1
0941 (7).jpg,test\REAL\0941 (7).jpg,0.853559,1
0941 (8).jpg,test\REAL\0941 (8).jpg,1.0,1
0941 (9).jpg,test\REAL\0941 (9).jpg,0.84577674,1
0941.jpg,test\REAL\0941.jpg,0.84965026,1
0942 (10).jpg,test\REAL\0942 (10).jpg,0.99917936,1
0942 (2).jpg,test\REAL\0942 (2).jpg,1.0,1
0942 (3).jpg,test\REAL\0942 (3).jpg,0.99999905,1
0942 (4).jpg,test\REAL\0942 (4).jpg,1.0,1
0942 (5).jpg,test\REAL\0942 (5).jpg,0.95954275,1
0942 (6).jpg,test\REAL\0942 (6).jpg,1.0,1
0942 (7).jpg,test\REAL\0942 (7).jpg,0.9998766,1
0942 (8).jpg,test\REAL\0942 (8).jpg,0.97394466,1
0942 (9).jpg,test\REAL\0942 (9).jpg,1.0,1
0942.jpg,test\REAL\0942.jpg,0.9670824,1
0943 (10).jpg,test\REAL\0943 (10).jpg,1.0,1
0943 (2).jpg,test\REAL\0943 (2).jpg,1.0,1
0943 (3).jpg,test\REAL\0943 (3).jpg,1.0,1
0943 (4).jpg,test\REAL\0943 (4).jpg,0.6385524,1
0943 (5).jpg,test\REAL\0943 (5).jpg,0.9999998,1
0943 (6).jpg,test\REAL\0943 (6).jpg,1.0,1
0943 (7).jpg,test\REAL\0943 (7).jpg,0.98341393,1
0943 (8).jpg,test\REAL\0943 (8).jpg,0.08186522,0
0943 (9).jpg,test\REAL\0943 (9).jpg,1.0,1
0943.jpg,test\REAL\0943.jpg,1.0,1
0944 (10).jpg,test\REAL\0944 (10).jpg,1.0,1
0944 (2).jpg,test\REAL\0944 (2).jpg,0.99993575,1
0944 (3).jpg,test\REAL\0944 (3).jpg,0.999994,1
0944 (4).jpg,test\REAL\0944 (4).jpg,0.4397234,0
0944 (5).jpg,test\REAL\0944 (5).jpg,0.9710649,1
0944 (6).jpg,test\REAL\0944 (6).jpg,0.908911,1
0944 (7).jpg,test\REAL\0944 (7).jpg,0.99949837,1
0944 (8).jpg,test\REAL\0944 (8).jpg,1.0,1
0944 (9).jpg,test\REAL\0944 (9).jpg,0.9999999,1
0944.jpg,test\REAL\0944.jpg,1.0,1
0945 (10).jpg,test\REAL\0945 (10).jpg,1.0,1
0945 (2).jpg,test\REAL\0945 (2).jpg,1.0,1
0945 (3).jpg,test\REAL\0945 (3).jpg,0.20778084,0
0945 (4).jpg,test\REAL\0945 (4).jpg,1.0,1
0945 (5).jpg,test\REAL\0945 (5).jpg,1.0,1
0945 (6).jpg,test\REAL\0945 (6).jpg,1.0,1
0945 (7).jpg,test\REAL\0945 (7).jpg,1.0,1
0945 (8).jpg,test\REAL\0945 (8).jpg,0.9999999,1
0945 (9).jpg,test\REAL\0945 (9).jpg,0.99068475,1
0945.jpg,test\REAL\0945.jpg,1.0,1
0946 (10).jpg,test\REAL\0946 (10).jpg,0.52697337,1
0946 (2).jpg,test\REAL\0946 (2).jpg,0.9988364,1
0946 (3).jpg,test\REAL\0946 (3).jpg,0.0001578629,0
0946 (4).jpg,test\REAL\0946 (4).jpg,0.99555165,1
0946 (5).jpg,test\REAL\0946 (5).jpg,0.35100698,0
0946 (6).jpg,test\REAL\0946 (6).jpg,1.0,1
0946 (7).jpg,test\REAL\0946 (7).jpg,0.99991244,1
0946 (8).jpg,test\REAL\0946 (8).jpg,0.9999813,1
0946 (9).jpg,test\REAL\0946 (9).jpg,1.0,1
0946.jpg,test\REAL\0946.jpg,1.0,1
0947 (10).jpg,test\REAL\0947 (10).jpg,0.91661847,1
0947 (2).jpg,test\REAL\0947 (2).jpg,1.0,1
0947 (3).jpg,test\REAL\0947 (3).jpg,0.9999488,1
0947 (4).jpg,test\REAL\0947 (4).jpg,1.0,1
0947 (5).jpg,test\REAL\0947 (5).jpg,0.18608549,0
0947 (6).jpg,test\REAL\0947 (6).jpg,0.98821914,1
0947 (7).jpg,test\REAL\0947 (7).jpg,0.9999999,1
0947 (8).jpg,test\REAL\0947 (8).jpg,0.9999975,1
0947 (9).jpg,test\REAL\0947 (9).jpg,0.99999857,1
0947.jpg,test\REAL\0947.jpg,1.0,1
0948 (10).jpg,test\REAL\0948 (10).jpg,0.9999156,1
0948 (2).jpg,test\REAL\0948 (2).jpg,0.9999998,1
0948 (3).jpg,test\REAL\0948 (3).jpg,1.0,1
0948 (4).jpg,test\REAL\0948 (4).jpg,1.0,1
0948 (5).jpg,test\REAL\0948 (5).jpg,0.42062494,0
0948 (6).jpg,test\REAL\0948 (6).jpg,0.40433833,0
0948 (7).jpg,test\REAL\0948 (7).jpg,0.99999255,1
0948 (8).jpg,test\REAL\0948 (8).jpg,1.0,1
0948 (9).jpg,test\REAL\0948 (9).jpg,0.9850658,1
0948.jpg,test\REAL\0948.jpg,0.2889185,0
0949 (10).jpg,test\REAL\0949 (10).jpg,0.9007082,1
0949 (2).jpg,test\REAL\0949 (2).jpg,0.9999999,1
0949 (3).jpg,test\REAL\0949 (3).jpg,0.0010912418,0
0949 (4).jpg,test\REAL\0949 (4).jpg,1.0,1
0949 (5).jpg,test\REAL\0949 (5).jpg,0.44365045,0
0949 (6).jpg,test\REAL\0949 (6).jpg,0.9833205,1
0949 (7).jpg,test\REAL\0949 (7).jpg,0.9902978,1
0949 (8).jpg,test\REAL\0949 (8).jpg,1.0,1
0949 (9).jpg,test\REAL\0949 (9).jpg,1.0,1
0949.jpg,test\REAL\0949.jpg,1.0,1
0950 (10).jpg,test\REAL\0950 (10).jpg,0.99804544,1
0950 (2).jpg,test\REAL\0950 (2).jpg,0.9207002,1
0950 (3).jpg,test\REAL\0950 (3).jpg,1.0,1
0950 (4).jpg,test\REAL\0950 (4).jpg,1.0,1
0950 (5).jpg,test\REAL\0950 (5).jpg,1.0,1
0950 (6).jpg,test\REAL\0950 (6).jpg,1.0,1
0950 (7).jpg,test\REAL\0950 (7).jpg,0.81890655,1
0950 (8).jpg,test\REAL\0950 (8).jpg,0.9999861,1
0950 (9).jpg,test\REAL\0950 (9).jpg,0.6840481,1
0950.jpg,test\REAL\0950.jpg,0.9990324,1
0951 (10).jpg,test\REAL\0951 (10).jpg,1.0,1
0951 (2).jpg,test\REAL\0951 (2).jpg,0.9822569,1
0951 (3).jpg,test\REAL\0951 (3).jpg,1.0,1
0951 (4).jpg,test\REAL\0951 (4).jpg,1.0,1
0951 (5).jpg,test\REAL\0951 (5).jpg,0.9999994,1
0951 (6).jpg,test\REAL\0951 (6).jpg,0.9999697,1
0951 (7).jpg,test\REAL\0951 (7).jpg,0.98941684,1
0951 (8).jpg,test\REAL\0951 (8).jpg,1.0,1
0951 (9).jpg,test\REAL\0951 (9).jpg,1.0,1
0951.jpg,test\REAL\0951.jpg,0.99999976,1
0952 (10).jpg,test\REAL\0952 (10).jpg,0.9999999,1
0952 (2).jpg,test\REAL\0952 (2).jpg,0.42340857,0
0952 (3).jpg,test\REAL\0952 (3).jpg,1.0,1
0952 (4).jpg,test\REAL\0952 (4).jpg,0.9999441,1
0952 (5).jpg,test\REAL\0952 (5).jpg,0.9999298,1
0952 (6).jpg,test\REAL\0952 (6).jpg,1.0,1
0952 (7).jpg,test\REAL\0952 (7).jpg,0.9999931,1
0952 (8).jpg,test\REAL\0952 (8).jpg,1.0,1
0952 (9).jpg,test\REAL\0952 (9).jpg,0.5181279,1
0952.jpg,test\REAL\0952.jpg,0.9993585,1
0953 (10).jpg,test\REAL\0953 (10).jpg,1.0,1
0953 (2).jpg,test\REAL\0953 (2).jpg,1.0,1
0953 (3).jpg,test\REAL\0953 (3).jpg,1.0,1
0953 (4).jpg,test\REAL\0953 (4).jpg,1.0,1
0953 (5).jpg,test\REAL\0953 (5).jpg,0.99999094,1
0953 (6).jpg,test\REAL\0953 (6).jpg,0.99999976,1
0953 (7).jpg,test\REAL\0953 (7).jpg,0.9998219,1
0953 (8).jpg,test\REAL\0953 (8).jpg,1.0,1
0953 (9).jpg,test\REAL\0953 (9).jpg,0.8409083,1
0953.jpg,test\REAL\0953.jpg,1.0,1
0954 (10).jpg,test\REAL\0954 (10).jpg,1.0,1
0954 (2).jpg,test\REAL\0954 (2).jpg,0.99999964,1
0954 (3).jpg,test\REAL\0954 (3).jpg,0.035701185,0
0954 (4).jpg,test\REAL\0954 (4).jpg,1.0,1
0954 (5).jpg,test\REAL\0954 (5).jpg,1.0,1
0954 (6).jpg,test\REAL\0954 (6).jpg,1.0,1
0954 (7).jpg,test\REAL\0954 (7).jpg,0.38106188,0
0954 (8).jpg,test\REAL\0954 (8).jpg,0.999928,1
0954 (9).jpg,test\REAL\0954 (9).jpg,0.99986327,1
0954.jpg,test\REAL\0954.jpg,0.08210856,0
0955 (10).jpg,test\REAL\0955 (10).jpg,1.0,1
0955 (2).jpg,test\REAL\0955 (2).jpg,0.99616635,1
0955 (3).jpg,test\REAL\0955 (3).jpg,1.0,1
0955 (4).jpg,test\REAL\0955 (4).jpg,0.09286678,0
0955 (5).jpg,test\REAL\0955 (5).jpg,0.08725101,0
0955 (6).jpg,test\REAL\0955 (6).jpg,1.0,1
0955 (7).jpg,test\REAL\0955 (7).jpg,0.99999464,1
0955 (8).jpg,test\REAL\0955 (8).jpg,1.0,1
0955 (9).jpg,test\REAL\0955 (9).jpg,1.0,1
0955.jpg,test\REAL\0955.jpg,1.0,1
0956 (10).jpg,test\REAL\0956 (10).jpg,0.9992558,1
0956 (2).jpg,test\REAL\0956 (2).jpg,0.99223757,1
0956 (3).jpg,test\REAL\0956 (3).jpg,1.0,1
0956 (4).jpg,test\REAL\0956 (4).jpg,0.00053593516,0
0956 (5).jpg,test\REAL\0956 (5).jpg,0.3132314,0
0956 (6).jpg,test\REAL\0956 (6).jpg,0.9227352,1
0956 (7).jpg,test\REAL\0956 (7).jpg,1.0,1
0956 (8).jpg,test\REAL\0956 (8).jpg,0.9975481,1
0956 (9).jpg,test\REAL\0956 (9).jpg,0.9997963,1
0956.jpg,test\REAL\0956.jpg,0.9999901,1
0957 (10).jpg,test\REAL\0957 (10).jpg,0.5155778,1
0957 (2).jpg,test\REAL\0957 (2).jpg,0.9999994,1
0957 (3).jpg,test\REAL\0957 (3).jpg,0.9634086,1
0957 (4).jpg,test\REAL\0957 (4).jpg,0.67050135,1
0957 (5).jpg,test\REAL\0957 (5).jpg,1.0,1
0957 (6).jpg,test\REAL\0957 (6).jpg,1.0,1
0957 (7).jpg,test\REAL\0957 (7).jpg,1.0,1
0957 (8).jpg,test\REAL\0957 (8).jpg,1.0,1
0957 (9).jpg,test\REAL\0957 (9).jpg,1.0,1
0957.jpg,test\REAL\0957.jpg,0.99943376,1
0958 (10).jpg,test\REAL\0958 (10).jpg,1.0,1
0958 (2).jpg,test\REAL\0958 (2).jpg,0.1386629,0
0958 (3).jpg,test\REAL\0958 (3).jpg,0.999962,1
0958 (4).jpg,test\REAL\0958 (4).jpg,0.9999994,1
0958 (5).jpg,test\REAL\0958 (5).jpg,0.9997635,1
0958 (6).jpg,test\REAL\0958 (6).jpg,1.0,1
0958 (7).jpg,test\REAL\0958 (7).jpg,0.9927784,1
0958 (8).jpg,test\REAL\0958 (8).jpg,1.0,1
0958 (9).jpg,test\REAL\0958 (9).jpg,0.99996936,1
0958.jpg,test\REAL\0958.jpg,0.00068992376,0
0959 (10).jpg,test\REAL\0959 (10).jpg,0.9654206,1
0959 (2).jpg,test\REAL\0959 (2).jpg,1.0,1
0959 (3).jpg,test\REAL\0959 (3).jpg,0.87731594,1
0959 (4).jpg,test\REAL\0959 (4).jpg,0.9962632,1
0959 (5).jpg,test\REAL\0959 (5).jpg,1.0,1
0959 (6).jpg,test\REAL\0959 (6).jpg,1.0,1
0959 (7).jpg,test\REAL\0959 (7).jpg,0.9869473,1
0959 (8).jpg,test\REAL\0959 (8).jpg,0.9999579,1
0959 (9).jpg,test\REAL\0959 (9).jpg,0.9999745,1
0959.jpg,test\REAL\0959.jpg,1.0,1
0960 (10).jpg,test\REAL\0960 (10).jpg,1.0,1
0960 (2).jpg,test\REAL\0960 (2).jpg,1.0,1
0960 (3).jpg,test\REAL\0960 (3).jpg,0.11748022,0
0960 (4).jpg,test\REAL\0960 (4).jpg,0.0005583465,0
0960 (5).jpg,test\REAL\0960 (5).jpg,0.9999858,1
0960 (6).jpg,test\REAL\0960 (6).jpg,0.95482713,1
0960 (7).jpg,test\REAL\0960 (7).jpg,1.0,1
0960 (8).jpg,test\REAL\0960 (8).jpg,1.0,1
0960 (9).jpg,test\REAL\0960 (9).jpg,1.0,1
0960.jpg,test\REAL\0960.jpg,0.09143454,0
0961 (10).jpg,test\REAL\0961 (10).jpg,0.9999887,1
0961 (2).jpg,test\REAL\0961 (2).jpg,1.0,1
0961 (3).jpg,test\REAL\0961 (3).jpg,0.99726254,1
0961 (4).jpg,test\REAL\0961 (4).jpg,1.0,1
0961 (5).jpg,test\REAL\0961 (5).jpg,1.0,1
0961 (6).jpg,test\REAL\0961 (6).jpg,0.35100698,0
0961 (7).jpg,test\REAL\0961 (7).jpg,0.86931,1
0961 (8).jpg,test\REAL\0961 (8).jpg,1.0,1
0961 (9).jpg,test\REAL\0961 (9).jpg,1.0,1
0961.jpg,test\REAL\0961.jpg,0.22765455,0
0962 (10).jpg,test\REAL\0962 (10).jpg,1.0,1
0962 (2).jpg,test\REAL\0962 (2).jpg,0.9999998,1
0962 (3).jpg,test\REAL\0962 (3).jpg,0.000113904476,0
0962 (4).jpg,test\REAL\0962 (4).jpg,1.0,1
0962 (5).jpg,test\REAL\0962 (5).jpg,1.0,1
0962 (6).jpg,test\REAL\0962 (6).jpg,0.009717107,0
0962 (7).jpg,test\REAL\0962 (7).jpg,0.9997215,1
0962 (8).jpg,test\REAL\0962 (8).jpg,0.47873455,0
0962 (9).jpg,test\REAL\0962 (9).jpg,0.26992968,0
0962.jpg,test\REAL\0962.jpg,0.0,0
0963 (10).jpg,test\REAL\0963 (10).jpg,1.0,1
0963 (2).jpg,test\REAL\0963 (2).jpg,1.0,1
0963 (3).jpg,test\REAL\0963 (3).jpg,0.9332452,1
0963 (4).jpg,test\REAL\0963 (4).jpg,0.99985695,1
0963 (5).jpg,test\REAL\0963 (5).jpg,1.0,1
0963 (6).jpg,test\REAL\0963 (6).jpg,0.9999993,1
0963 (7).jpg,test\REAL\0963 (7).jpg,0.99998176,1
0963 (8).jpg,test\REAL\0963 (8).jpg,0.945585,1
0963 (9).jpg,test\REAL\0963 (9).jpg,1.0,1
0963.jpg,test\REAL\0963.jpg,1.0,1
0964 (10).jpg,test\REAL\0964 (10).jpg,0.9383652,1
0964 (2).jpg,test\REAL\0964 (2).jpg,0.0008687675,0
0964 (3).jpg,test\REAL\0964 (3).jpg,0.3480348,0
0964 (4).jpg,test\REAL\0964 (4).jpg,0.9592903,1
0964 (5).jpg,test\REAL\0964 (5).jpg,1.0,1
0964 (6).jpg,test\REAL\0964 (6).jpg,1.0,1
0964 (7).jpg,test\REAL\0964 (7).jpg,1.0,1
0964 (8).jpg,test\REAL\0964 (8).jpg,1.0,1
0964 (9).jpg,test\REAL\0964 (9).jpg,0.99995095,1
0964.jpg,test\REAL\0964.jpg,0.021569222,0
0965 (10).jpg,test\REAL\0965 (10).jpg,0.9661411,1
0965 (2).jpg,test\REAL\0965 (2).jpg,1.0,1
0965 (3).jpg,test\REAL\0965 (3).jpg,0.980021,1
0965 (4).jpg,test\REAL\0965 (4).jpg,0.5153433,1
0965 (5).jpg,test\REAL\0965 (5).jpg,0.9998976,1
0965 (6).jpg,test\REAL\0965 (6).jpg,0.9943633,1
0965 (7).jpg,test\REAL\0965 (7).jpg,0.51746124,1
0965 (8).jpg,test\REAL\0965 (8).jpg,0.87973964,1
0965 (9).jpg,test\REAL\0965 (9).jpg,0.50157434,1
0965.jpg,test\REAL\0965.jpg,0.8398669,1
0966 (10).jpg,test\REAL\0966 (10).jpg,0.94604135,1
0966 (2).jpg,test\REAL\0966 (2).jpg,0.99999964,1
0966 (3).jpg,test\REAL\0966 (3).jpg,1.0,1
0966 (4).jpg,test\REAL\0966 (4).jpg,0.9870572,1
0966 (5).jpg,test\REAL\0966 (5).jpg,0.9993478,1
0966 (6).jpg,test\REAL\0966 (6).jpg,1.0,1
0966 (7).jpg,test\REAL\0966 (7).jpg,0.99999964,1
0966 (8).jpg,test\REAL\0966 (8).jpg,0.96210515,1
0966 (9).jpg,test\REAL\0966 (9).jpg,0.062775284,0
0966.jpg,test\REAL\0966.jpg,1.0,1
0967 (10).jpg,test\REAL\0967 (10).jpg,0.99999994,1
0967 (2).jpg,test\REAL\0967 (2).jpg,0.9801576,1
0967 (3).jpg,test\REAL\0967 (3).jpg,0.0002526343,0
0967 (4).jpg,test\REAL\0967 (4).jpg,0.89112157,1
0967 (5).jpg,test\REAL\0967 (5).jpg,0.608586,1
0967 (6).jpg,test\REAL\0967 (6).jpg,0.8944193,1
0967 (7).jpg,test\REAL\0967 (7).jpg,0.9938644,1
0967 (8).jpg,test\REAL\0967 (8).jpg,1.0,1
0967 (9).jpg,test\REAL\0967 (9).jpg,0.9998964,1
0967.jpg,test\REAL\0967.jpg,1.0,1
0968 (10).jpg,test\REAL\0968 (10).jpg,0.9995149,1
0968 (2).jpg,test\REAL\0968 (2).jpg,1.0,1
0968 (3).jpg,test\REAL\0968 (3).jpg,0.99977005,1
0968 (4).jpg,test\REAL\0968 (4).jpg,1.0,1
0968 (5).jpg,test\REAL\0968 (5).jpg,0.9999992,1
0968 (6).jpg,test\REAL\0968 (6).jpg,1.0,1
0968 (7).jpg,test\REAL\0968 (7).jpg,1.0,1
0968 (8).jpg,test\REAL\0968 (8).jpg,0.99999976,1
0968 (9).jpg,test\REAL\0968 (9).jpg,0.99999166,1
0968.jpg,test\REAL\0968.jpg,0.99885905,1
0969 (10).jpg,test\REAL\0969 (10).jpg,0.99999833,1
0969 (2).jpg,test\REAL\0969 (2).jpg,1.0,1
0969 (3).jpg,test\REAL\0969 (3).jpg,1.0,1
0969 (4).jpg,test\REAL\0969 (4).jpg,1.0,1
0969 (5).jpg,test\REAL\0969 (5).jpg,0.87158585,1
0969 (6).jpg,test\REAL\0969 (6).jpg,1.0,1
0969 (7).jpg,test\REAL\0969 (7).jpg,1.0,1
0969 (8).jpg,test\REAL\0969 (8).jpg,1.0,1
0969 (9).jpg,test\REAL\0969 (9).jpg,0.9999346,1
0969.jpg,test\REAL\0969.jpg,1.0,1
0970 (10).jpg,test\REAL\0970 (10).jpg,0.9999812,1
0970 (2).jpg,test\REAL\0970 (2).jpg,0.9999933,1
0970 (3).jpg,test\REAL\0970 (3).jpg,0.050312787,0
0970 (4).jpg,test\REAL\0970 (4).jpg,0.8649709,1
0970 (5).jpg,test\REAL\0970 (5).jpg,0.99999166,1
0970 (6).jpg,test\REAL\0970 (6).jpg,1.0,1
0970 (7).jpg,test\REAL\0970 (7).jpg,0.8443183,1
0970 (8).jpg,test\REAL\0970 (8).jpg,1.0,1
0970 (9).jpg,test\REAL\0970 (9).jpg,0.98973227,1
0970.jpg,test\REAL\0970.jpg,0.113795996,0
0971 (10).jpg,test\REAL\0971 (10).jpg,0.9999904,1
0971 (2).jpg,test\REAL\0971 (2).jpg,0.9868226,1
0971 (3).jpg,test\REAL\0971 (3).jpg,1.0,1
0971 (4).jpg,test\REAL\0971 (4).jpg,1.0,1
0971 (5).jpg,test\REAL\0971 (5).jpg,1.0,1
0971 (6).jpg,test\REAL\0971 (6).jpg,1.0,1
0971 (7).jpg,test\REAL\0971 (7).jpg,1.0,1
0971 (8).jpg,test\REAL\0971 (8).jpg,1.0,1
0971 (9).jpg,test\REAL\0971 (9).jpg,0.043875784,0
0971.jpg,test\REAL\0971.jpg,1.0,1
0972 (10).jpg,test\REAL\0972 (10).jpg,0.004304588,0
0972 (2).jpg,test\REAL\0972 (2).jpg,0.99252933,1
0972 (3).jpg,test\REAL\0972 (3).jpg,1.0,1
0972 (4).jpg,test\REAL\0972 (4).jpg,1.0,1
0972 (5).jpg,test\REAL\0972 (5).jpg,0.96214044,1
0972 (6).jpg,test\REAL\0972 (6).jpg,0.89555264,1
0972 (7).jpg,test\REAL\0972 (7).jpg,1.0,1
0972 (8).jpg,test\REAL\0972 (8).jpg,1.0,1
0972 (9).jpg,test\REAL\0972 (9).jpg,0.9982958,1
0972.jpg,test\REAL\0972.jpg,1.0,1
0973 (10).jpg,test\REAL\0973 (10).jpg,0.999993,1
0973 (2).jpg,test\REAL\0973 (2).jpg,0.20800653,0
0973 (3).jpg,test\REAL\0973 (3).jpg,1.0,1
0973 (4).jpg,test\REAL\0973 (4).jpg,1.0,1
0973 (5).jpg,test\REAL\0973 (5).jpg,4.0620565e-05,0
0973 (6).jpg,test\REAL\0973 (6).jpg,0.45138824,0
0973 (7).jpg,test\REAL\0973 (7).jpg,1.0,1
0973 (8).jpg,test\REAL\0973 (8).jpg,1.0,1
0973 (9).jpg,test\REAL\0973 (9).jpg,1.0,1
0973.jpg,test\REAL\0973.jpg,0.99990237,1
0974 (10).jpg,test\REAL\0974 (10).jpg,9.316206e-05,0
0974 (2).jpg,test\REAL\0974 (2).jpg,1.0,1
0974 (3).jpg,test\REAL\0974 (3).jpg,0.9999999,1
0974 (4).jpg,test\REAL\0974 (4).jpg,0.9911821,1
0974 (5).jpg,test\REAL\0974 (5).jpg,0.99994385,1
0974 (6).jpg,test\REAL\0974 (6).jpg,0.9995972,1
0974 (7).jpg,test\REAL\0974 (7).jpg,0.7586334,1
0974 (8).jpg,test\REAL\0974 (8).jpg,0.9999989,1
0974 (9).jpg,test\REAL\0974 (9).jpg,0.9999285,1
0974.jpg,test\REAL\0974.jpg,0.99995947,1
0975 (10).jpg,test\REAL\0975 (10).jpg,1.0,1
0975 (2).jpg,test\REAL\0975 (2).jpg,1.0,1
0975 (3).jpg,test\REAL\0975 (3).jpg,0.9789666,1
0975 (4).jpg,test\REAL\0975 (4).jpg,0.99999774,1
0975 (5).jpg,test\REAL\0975 (5).jpg,1.0,1
0975 (6).jpg,test\REAL\0975 (6).jpg,1.0,1
0975 (7).jpg,test\REAL\0975 (7).jpg,1.0,1
0975 (8).jpg,test\REAL\0975 (8).jpg,0.9993943,1
0975 (9).jpg,test\REAL\0975 (9).jpg,1.0,1
0975.jpg,test\REAL\0975.jpg,0.998892,1
0976 (10).jpg,test\REAL\0976 (10).jpg,1.0,1
0976 (2).jpg,test\REAL\0976 (2).jpg,1.0,1
0976 (3).jpg,test\REAL\0976 (3).jpg,1.0,1
0976 (4).jpg,test\REAL\0976 (4).jpg,0.90790474,1
0976 (5).jpg,test\REAL\0976 (5).jpg,1.0,1
0976 (6).jpg,test\REAL\0976 (6).jpg,1.0,1
0976 (7).jpg,test\REAL\0976 (7).jpg,0.9999999,1
0976 (8).jpg,test\REAL\0976 (8).jpg,1.0,1
0976 (9).jpg,test\REAL\0976 (9).jpg,0.9957591,1
0976.jpg,test\REAL\0976.jpg,0.9990876,1
0977 (10).jpg,test\REAL\0977 (10).jpg,0.97646457,1
0977 (2).jpg,test\REAL\0977 (2).jpg,1.0,1
0977 (3).jpg,test\REAL\0977 (3).jpg,0.0,0
0977 (4).jpg,test\REAL\0977 (4).jpg,0.0012353361,0
0977 (5).jpg,test\REAL\0977 (5).jpg,0.99999833,1
0977 (6).jpg,test\REAL\0977 (6).jpg,0.9999997,1
0977 (7).jpg,test\REAL\0977 (7).jpg,1.0,1
0977 (8).jpg,test\REAL\0977 (8).jpg,0.9999995,1
0977 (9).jpg,test\REAL\0977 (9).jpg,0.9997848,1
0977.jpg,test\REAL\0977.jpg,0.9999088,1
0978 (10).jpg,test\REAL\0978 (10).jpg,0.9997026,1
0978 (2).jpg,test\REAL\0978 (2).jpg,1.0,1
0978 (3).jpg,test\REAL\0978 (3).jpg,0.9201373,1
0978 (4).jpg,test\REAL\0978 (4).jpg,0.9999987,1
0978 (5).jpg,test\REAL\0978 (5).jpg,0.9999506,1
0978 (6).jpg,test\REAL\0978 (6).jpg,1.0,1
0978 (7).jpg,test\REAL\0978 (7).jpg,0.9999999,1
0978 (8).jpg,test\REAL\0978 (8).jpg,0.99999845,1
0978 (9).jpg,test\REAL\0978 (9).jpg,0.9960286,1
0978.jpg,test\REAL\0978.jpg,0.999384,1
0979 (10).jpg,test\REAL\0979 (10).jpg,1.0,1
0979 (2).jpg,test\REAL\0979 (2).jpg,1.0,1
0979 (3).jpg,test\REAL\0979 (3).jpg,1.0,1
0979 (4).jpg,test\REAL\0979 (4).jpg,1.0,1
0979 (5).jpg,test\REAL\0979 (5).jpg,0.9971554,1
0979 (6).jpg,test\REAL\0979 (6).jpg,0.99999905,1
0979 (7).jpg,test\REAL\0979 (7).jpg,0.9897448,1
0979 (8).jpg,test\REAL\0979 (8).jpg,0.9999999,1
0979 (9).jpg,test\REAL\0979 (9).jpg,0.23781857,0
0979.jpg,test\REAL\0979.jpg,0.04564753,0
0980 (10).jpg,test\REAL\0980 (10).jpg,0.0048573017,0
0980 (2).jpg,test\REAL\0980 (2).jpg,0.54845,1
0980 (3).jpg,test\REAL\0980 (3).jpg,0.77669597,1
0980 (4).jpg,test\REAL\0980 (4).jpg,0.064109445,0
0980 (5).jpg,test\REAL\0980 (5).jpg,1.0,1
0980 (6).jpg,test\REAL\0980 (6).jpg,0.8811082,1
0980 (7).jpg,test\REAL\0980 (7).jpg,0.725898,1
0980 (8).jpg,test\REAL\0980 (8).jpg,0.9957843,1
0980 (9).jpg,test\REAL\0980 (9).jpg,0.9996921,1
0980.jpg,test\REAL\0980.jpg,0.9997872,1
0981 (10).jpg,test\REAL\0981 (10).jpg,1.0,1
0981 (2).jpg,test\REAL\0981 (2).jpg,0.99317825,1
0981 (3).jpg,test\REAL\0981 (3).jpg,0.99997944,1
0981 (4).jpg,test\REAL\0981 (4).jpg,0.99997574,1
0981 (5).jpg,test\REAL\0981 (5).jpg,0.99841106,1
0981 (6).jpg,test\REAL\0981 (6).jpg,1.0,1
0981 (7).jpg,test\REAL\0981 (7).jpg,0.99999905,1
0981 (8).jpg,test\REAL\0981 (8).jpg,1.0,1
0981 (9).jpg,test\REAL\0981 (9).jpg,0.99999464,1
0981.jpg,test\REAL\0981.jpg,1.0,1
0982 (10).jpg,test\REAL\0982 (10).jpg,1.0,1
0982 (2).jpg,test\REAL\0982 (2).jpg,1.0,1
0982 (3).jpg,test\REAL\0982 (3).jpg,0.86956453,1
0982 (4).jpg,test\REAL\0982 (4).jpg,1.0,1
0982 (5).jpg,test\REAL\0982 (5).jpg,0.9952923,1
0982 (6).jpg,test\REAL\0982 (6).jpg,0.99997365,1
0982 (7).jpg,test\REAL\0982 (7).jpg,0.99999666,1
0982 (8).jpg,test\REAL\0982 (8).jpg,0.99980307,1
0982 (9).jpg,test\REAL\0982 (9).jpg,1.0,1
0982.jpg,test\REAL\0982.jpg,0.1383037,0
0983 (10).jpg,test\REAL\0983 (10).jpg,0.012977213,0
0983 (2).jpg,test\REAL\0983 (2).jpg,0.58791584,1
0983 (3).jpg,test\REAL\0983 (3).jpg,0.99999046,1
0983 (4).jpg,test\REAL\0983 (4).jpg,1.0,1
0983 (5).jpg,test\REAL\0983 (5).jpg,1.0,1
0983 (6).jpg,test\REAL\0983 (6).jpg,1.0,1
0983 (7).jpg,test\REAL\0983 (7).jpg,0.99998367,1
0983 (8).jpg,test\REAL\0983 (8).jpg,0.9996028,1
0983 (9).jpg,test\REAL\0983 (9).jpg,0.98892105,1
0983.jpg,test\REAL\0983.jpg,0.99991643,1
0984 (10).jpg,test\REAL\0984 (10).jpg,0.9999961,1
0984 (2).jpg,test\REAL\0984 (2).jpg,1.0,1
0984 (3).jpg,test\REAL\0984 (3).jpg,0.98577213,1
0984 (4).jpg,test\REAL\0984 (4).jpg,1.0,1
0984 (5).jpg,test\REAL\0984 (5).jpg,1.0,1
0984 (6).jpg,test\REAL\0984 (6).jpg,1.0,1
0984 (7).jpg,test\REAL\0984 (7).jpg,1.0,1
0984 (8).jpg,test\REAL\0984 (8).jpg,0.99992394,1
0984 (9).jpg,test\REAL\0984 (9).jpg,0.9996774,1
0984.jpg,test\REAL\0984.jpg,0.17859522,0
0985 (10).jpg,test\REAL\0985 (10).jpg,0.9994997,1
0985 (2).jpg,test\REAL\0985 (2).jpg,0.9999995,1
0985 (3).jpg,test\REAL\0985 (3).jpg,1.0,1
0985 (4).jpg,test\REAL\0985 (4).jpg,0.999997,1
0985 (5).jpg,test\REAL\0985 (5).jpg,0.99639225,1
0985 (6).jpg,test\REAL\0985 (6).jpg,0.7965027,1
0985 (7).jpg,test\REAL\0985 (7).jpg,0.59318066,1
0985 (8).jpg,test\REAL\0985 (8).jpg,0.9999989,1
0985 (9).jpg,test\REAL\0985 (9).jpg,0.9982313,1
0985.jpg,test\REAL\0985.jpg,0.9998809,1
0986 (10).jpg,test\REAL\0986 (10).jpg,0.9999998,1
0986 (2).jpg,test\REAL\0986 (2).jpg,0.99908227,1
0986 (3).jpg,test\REAL\0986 (3).jpg,0.0067543983,0
0986 (4).jpg,test\REAL\0986 (4).jpg,0.9999621,1
0986 (5).jpg,test\REAL\0986 (5).jpg,1.0,1
0986 (6).jpg,test\REAL\0986 (6).jpg,0.999819,1
0986 (7).jpg,test\REAL\0986 (7).jpg,0.045725852,0
0986 (8).jpg,test\REAL\0986 (8).jpg,0.9992425,1
0986 (9).jpg,test\REAL\0986 (9).jpg,0.999968,1
0986.jpg,test\REAL\0986.jpg,1.0,1
0987 (10).jpg,test\REAL\0987 (10).jpg,0.99990344,1
0987 (2).jpg,test\REAL\0987 (2).jpg,0.9999969,1
0987 (3).jpg,test\REAL\0987 (3).jpg,0.45692414,0
0987 (4).jpg,test\REAL\0987 (4).jpg,1.0,1
0987 (5).jpg,test\REAL\0987 (5).jpg,0.9971289,1
0987 (6).jpg,test\REAL\0987 (6).jpg,0.5246,1
0987 (7).jpg,test\REAL\0987 (7).jpg,1.0,1
0987 (8).jpg,test\REAL\0987 (8).jpg,0.9999998,1
0987 (9).jpg,test\REAL\0987 (9).jpg,0.9999999,1
0987.jpg,test\REAL\0987.jpg,0.9929172,1
0988 (10).jpg,test\REAL\0988 (10).jpg,0.9999999,1
0988 (2).jpg,test\REAL\0988 (2).jpg,1.0,1
0988 (3).jpg,test\REAL\0988 (3).jpg,1.0,1
0988 (4).jpg,test\REAL\0988 (4).jpg,0.22984758,0
0988 (5).jpg,test\REAL\0988 (5).jpg,0.9999793,1
0988 (6).jpg,test\REAL\0988 (6).jpg,1.0,1
0988 (7).jpg,test\REAL\0988 (7).jpg,1.0,1
0988 (8).jpg,test\REAL\0988 (8).jpg,1.0,1
0988 (9).jpg,test\REAL\0988 (9).jpg,0.92610425,1
0988.jpg,test\REAL\0988.jpg,1.0,1
0989 (10).jpg,test\REAL\0989 (10).jpg,1.0,1
0989 (2).jpg,test\REAL\0989 (2).jpg,0.99139655,1
0989 (3).jpg,test\REAL\0989 (3).jpg,1.0,1
0989 (4).jpg,test\REAL\0989 (4).jpg,0.2918182,0
0989 (5).jpg,test\REAL\0989 (5).jpg,0.9999999,1
0989 (6).jpg,test\REAL\0989 (6).jpg,0.9889921,1
0989 (7).jpg,test\REAL\0989 (7).jpg,0.99999875,1
0989 (8).jpg,test\REAL\0989 (8).jpg,1.0,1
0989 (9).jpg,test\REAL\0989 (9).jpg,0.99999976,1
0989.jpg,test\REAL\0989.jpg,0.3101648,0
0990 (10).jpg,test\REAL\0990 (10).jpg,1.0,1
0990 (2).jpg,test\REAL\0990 (2).jpg,7.1525574e-07,0
0990 (3).jpg,test\REAL\0990 (3).jpg,0.9998318,1
0990 (4).jpg,test\REAL\0990 (4).jpg,0.9999498,1
0990 (5).jpg,test\REAL\0990 (5).jpg,1.0,1
0990 (6).jpg,test\REAL\0990 (6).jpg,1.0,1
0990 (7).jpg,test\REAL\0990 (7).jpg,1.0,1
0990 (8).jpg,test\REAL\0990 (8).jpg,0.9999998,1
0990 (9).jpg,test\REAL\0990 (9).jpg,0.98644304,1
0990.jpg,test\REAL\0990.jpg,0.40867525,0
0991 (10).jpg,test\REAL\0991 (10).jpg,0.86355233,1
0991 (2).jpg,test\REAL\0991 (2).jpg,1.0,1
0991 (3).jpg,test\REAL\0991 (3).jpg,0.9999999,1
0991 (4).jpg,test\REAL\0991 (4).jpg,0.99666464,1
0991 (5).jpg,test\REAL\0991 (5).jpg,0.9974973,1
0991 (6).jpg,test\REAL\0991 (6).jpg,0.9999993,1
0991 (7).jpg,test\REAL\0991 (7).jpg,0.99999917,1
0991 (8).jpg,test\REAL\0991 (8).jpg,0.99454504,1
0991 (9).jpg,test\REAL\0991 (9).jpg,0.99999774,1
0991.jpg,test\REAL\0991.jpg,1.0,1
0992 (10).jpg,test\REAL\0992 (10).jpg,1.0,1
0992 (2).jpg,test\REAL\0992 (2).jpg,1.0,1
0992 (3).jpg,test\REAL\0992 (3).jpg,0.99758875,1
0992 (4).jpg,test\REAL\0992 (4).jpg,0.99999994,1
0992 (5).jpg,test\REAL\0992 (5).jpg,0.99728537,1
0992 (6).jpg,test\REAL\0992 (6).jpg,0.9477056,1
0992 (7).jpg,test\REAL\0992 (7).jpg,0.9999649,1
0992 (8).jpg,test\REAL\0992 (8).jpg,0.9999976,1
0992 (9).jpg,test\REAL\0992 (9).jpg,1.0,1
0992.jpg,test\REAL\0992.jpg,0.99186957,1
0993 (10).jpg,test\REAL\0993 (10).jpg,0.0017014444,0
0993 (2).jpg,test\REAL\0993 (2).jpg,1.0,1
0993 (3).jpg,test\REAL\0993 (3).jpg,0.47120574,0
0993 (4).jpg,test\REAL\0993 (4).jpg,0.21342504,0
0993 (5).jpg,test\REAL\0993 (5).jpg,1.0,1
0993 (6).jpg,test\REAL\0993 (6).jpg,1.0,1
0993 (7).jpg,test\REAL\0993 (7).jpg,1.0,1
0993 (8).jpg,test\REAL\0993 (8).jpg,0.99999714,1
0993 (9).jpg,test\REAL\0993 (9).jpg,1.0,1
0993.jpg,test\REAL\0993.jpg,0.99999976,1
0994 (10).jpg,test\REAL\0994 (10).jpg,0.20555985,0
0994 (2).jpg,test\REAL\0994 (2).jpg,1.0,1
0994 (3).jpg,test\REAL\0994 (3).jpg,1.0,1
0994 (4).jpg,test\REAL\0994 (4).jpg,1.0,1
0994 (5).jpg,test\REAL\0994 (5).jpg,0.0012643933,0
0994 (6).jpg,test\REAL\0994 (6).jpg,0.999998,1
0994 (7).jpg,test\REAL\0994 (7).jpg,1.0,1
0994 (8).jpg,test\REAL\0994 (8).jpg,1.0,1
0994 (9).jpg,test\REAL\0994 (9).jpg,1.0,1
0994.jpg,test\REAL\0994.jpg,1.0,1
0995 (10).jpg,test\REAL\0995 (10).jpg,1.0,1
0995 (2).jpg,test\REAL\0995 (2).jpg,1.0,1
0995 (3).jpg,test\REAL\0995 (3).jpg,1.0,1
0995 (4).jpg,test\REAL\0995 (4).jpg,0.99999976,1
0995 (5).jpg,test\REAL\0995 (5).jpg,1.0,1
0995 (6).jpg,test\REAL\0995 (6).jpg,1.0,1
0995 (7).jpg,test\REAL\0995 (7).jpg,0.25455573,0
0995 (8).jpg,test\REAL\0995 (8).jpg,1.0,1
0995 (9).jpg,test\REAL\0995 (9).jpg,1.0,1
0995.jpg,test\REAL\0995.jpg,0.9999299,1
0996 (10).jpg,test\REAL\0996 (10).jpg,1.0,1
0996 (2).jpg,test\REAL\0996 (2).jpg,9.581447e-05,0
0996 (3).jpg,test\REAL\0996 (3).jpg,0.6670335,1
0996 (4).jpg,test\REAL\0996 (4).jpg,1.0,1
0996 (5).jpg,test\REAL\0996 (5).jpg,0.9603299,1
0996 (6).jpg,test\REAL\0996 (6).jpg,1.0,1
0996 (7).jpg,test\REAL\0996 (7).jpg,0.9999802,1
0996 (8).jpg,test\REAL\0996 (8).jpg,0.33777052,0
0996 (9).jpg,test\REAL\0996 (9).jpg,0.9999995,1
0996.jpg,test\REAL\0996.jpg,1.0,1
0997 (10).jpg,test\REAL\0997 (10).jpg,0.9999943,1
0997 (2).jpg,test\REAL\0997 (2).jpg,0.99785066,1
0997 (3).jpg,test\REAL\0997 (3).jpg,0.36598307,0
0997 (4).jpg,test\REAL\0997 (4).jpg,0.9997044,1
0997 (5).jpg,test\REAL\0997 (5).jpg,1.0,1
0997 (6).jpg,test\REAL\0997 (6).jpg,0.999688,1
0997 (7).jpg,test\REAL\0997 (7).jpg,0.0071076155,0
0997 (8).jpg,test\REAL\0997 (8).jpg,0.9967253,1
0997 (9).jpg,test\REAL\0997 (9).jpg,1.0,1
0997.jpg,test\REAL\0997.jpg,0.232377,0
0998 (10).jpg,test\REAL\0998 (10).jpg,1.0,1
0998 (2).jpg,test\REAL\0998 (2).jpg,0.9999999,1
0998 (3).jpg,test\REAL\0998 (3).jpg,0.9999802,1
0998 (4).jpg,test\REAL\0998 (4).jpg,0.10364619,0
0998 (5).jpg,test\REAL\0998 (5).jpg,0.9999997,1
0998 (6).jpg,test\REAL\0998 (6).jpg,0.98865354,1
0998 (7).jpg,test\REAL\0998 (7).jpg,0.99999964,1
0998 (8).jpg,test\REAL\0998 (8).jpg,0.0065998137,0
0998 (9).jpg,test\REAL\0998 (9).jpg,1.0,1
0998.jpg,test\REAL\0998.jpg,1.0,1
0999 (10).jpg,test\REAL\0999 (10).jpg,0.61317724,1
0999 (2).jpg,test\REAL\0999 (2).jpg,1.0,1
0999 (3).jpg,test\REAL\0999 (3).jpg,0.99999875,1
0999 (4).jpg,test\REAL\0999 (4).jpg,0.99791574,1
0999 (5).jpg,test\REAL\0999 (5).jpg,0.99993247,1
0999 (6).jpg,test\REAL\0999 (6).jpg,1.0,1
0999 (7).jpg,test\REAL\0999 (7).jpg,1.0,1
0999 (8).jpg,test\REAL\0999 (8).jpg,0.9908352,1
0999 (9).jpg,test\REAL\0999 (9).jpg,1.0,1
0999.jpg,test\REAL\0999.jpg,0.0,0
